platform,family,series,position,title,rating,ratings_count,source,reference_n,percentile_midrank,raw_rank_mid,raw_rank_range
Goodreads,Manga,One Piece,103,ONE PIECE 103 解放の戦士,4.77,3829,,602,99.91694352159469,1.0,1
Goodreads,Fantasy — cycle principal,Stormlight Archive,2,Words of Radiance,4.76,532549,https://www.goodreads.com/series/49075-the-stormlight-archive,602,99.75083056478405,2.0,2
Goodreads,Manga,Fullmetal Alchemist,27,鋼の錬金術師 27 [Hagane no Renkinjutsushi 27],4.75,6698,,602,99.5016611295681,3.5,3–4
Goodreads,Manga,One Piece,104,ONE PIECE 104 ワノ国将軍 光月モモの助,4.75,3671,,602,99.5016611295681,3.5,3–4
Goodreads,Manga,One Piece,109,ONE PIECE 109 きみの味方,4.74,2436,,602,99.16943521594685,5.5,5–6
Goodreads,Manga,One Piece,59,"One Piece, Volume 59: The Death of Portgaz D. Ace",4.74,6950,,602,99.16943521594685,5.5,5–6
Goodreads,Manga,One Piece,58,"One Piece, Volume 58: The Name of This Era is \",4.73,7217,,602,98.9202657807309,7.0,7
Goodreads,Manga,One Piece,100,ONE PIECE 100 覇王色,4.72,4267,,602,98.75415282392026,8.0,8
Goodreads,Manga,One Piece,108,ONE PIECE 108 死んだ方がいい世界,4.7,2703,,602,98.25581395348837,11.0,9–13
Goodreads,Manga,One Piece,110,ONE PIECE 110 時代のうねり,4.7,2164,,602,98.25581395348837,11.0,9–13
Goodreads,Manga,One Piece,41,"One Piece, Volume 41: Declaration of War",4.7,7767,,602,98.25581395348837,11.0,9–13
Goodreads,Manga,One Piece,44,"One Piece, Volume 44: Let's Go Back",4.7,7563,,602,98.25581395348837,11.0,9–13
Goodreads,Manga,One Piece,96,"One Piece, Volume 96: I Am Oden and I was Born to Boil!",4.7,4213,,602,98.25581395348837,11.0,9–13
Goodreads,Manga,Demon Slayer,22,鬼滅の刃 22 [Kimetsu no Yaiba 22],4.69,16722,,602,97.50830564784053,15.5,14–17
Goodreads,Manga,Demon Slayer,23,鬼滅の刃 23 [Kimetsu no Yaiba 23],4.69,18300,,602,97.50830564784053,15.5,14–17
Goodreads,Manga,One Piece,114,ONE PIECE 114,4.69,595,,602,97.50830564784053,15.5,14–17
Goodreads,Manga,One Piece,57,"One Piece, Volume 57: Paramount War",4.69,7584,,602,97.50830564784053,15.5,14–17
Goodreads,Manga,One Piece,107,ONE PIECE 107 伝説の英雄,4.68,2946,,602,97.00996677740864,18.5,18–19
Goodreads,Manga,One Piece,115,ONE PIECE 115,4.68,349,,602,97.00996677740864,18.5,18–19
Goodreads,Manga,Demon Slayer,18,鬼滅の刃 18 [Kimetsu no Yaiba 18],4.67,18121,,602,96.2624584717608,23.0,20–26
Goodreads,Manga,Demon Slayer,20,鬼滅の刃 20 [Kimetsu no Yaiba 20],4.67,17370,,602,96.2624584717608,23.0,20–26
Goodreads,Manga,Demon Slayer,21,鬼滅の刃 21 [Kimetsu no Yaiba 21],4.67,16775,,602,96.2624584717608,23.0,20–26
Goodreads,Manga,Fullmetal Alchemist,23,"Fullmetal Alchemist, Vol. 23",4.67,10583,,602,96.2624584717608,23.0,20–26
Goodreads,Manga,Fullmetal Alchemist,25,"Fullmetal Alchemist, Vol. 25",4.67,7999,,602,96.2624584717608,23.0,20–26
Goodreads,Manga,Fullmetal Alchemist,26,"Fullmetal Alchemist, Vol. 26",4.67,7682,,602,96.2624584717608,23.0,20–26
Goodreads,Manga,One Piece,99,One Piece 巻九十九 〝麦わらのルフィ〟,4.67,3906,,602,96.2624584717608,23.0,20–26
Goodreads,Manga,Demon Slayer,8,鬼滅の刃 8 [Kimetsu no Yaiba 8],4.66,21601,,602,95.265780730897,29.0,27–31
Goodreads,Manga,One Piece,101,ONE PIECE 101 花形登場,4.66,3700,,602,95.265780730897,29.0,27–31
Goodreads,Manga,One Piece,102,ONE PIECE 102 天王山,4.66,3589,,602,95.265780730897,29.0,27–31
Goodreads,Manga,One Piece,56,"One Piece, Volume 56: Thank You",4.66,7224,,602,95.265780730897,29.0,27–31
Goodreads,Fantasy — cycle principal,Stormlight Archive,1,The Way of Kings,4.66,727396,https://www.goodreads.com/series/49075-the-stormlight-archive,602,95.265780730897,29.0,27–31
Goodreads,Manga,Demon Slayer,19,鬼滅の刃 19 [Kimetsu no Yaiba 19],4.65,17648,,602,94.60132890365449,33.0,32–34
Goodreads,Manga,Jujutsu Kaisen,14,呪術廻戦 14 [Jujutsu Kaisen 14],4.65,17483,,602,94.60132890365449,33.0,32–34
Goodreads,Manga,My Hero Academia,29,僕のヒーローアカデミア 29 [Boku no Hero Academia 29],4.65,6997,,602,94.60132890365449,33.0,32–34
Goodreads,Manga,Jujutsu Kaisen,9,呪術廻戦 9 [Jujutsu Kaisen 9],4.64,22206,,602,94.1029900332226,36.0,35–37
Goodreads,Manga,One Piece,38,"One Piece, Volume 38: Rocketman!!",4.64,17369,,602,94.1029900332226,36.0,35–37
Goodreads,Manga,One Piece,79,"One Piece, Volume 79: Lucy!!",4.64,4826,,602,94.1029900332226,36.0,35–37
Goodreads,Manga,Demon Slayer,16,鬼滅の刃 16 [Kimetsu no Yaiba 16],4.63,17566,,602,93.18936877076412,41.5,38–45
Goodreads,Manga,Demon Slayer,17,鬼滅の刃 17 [Kimetsu no Yaiba 17],4.63,17513,,602,93.18936877076412,41.5,38–45
Goodreads,Manga,Fullmetal Alchemist,21,"Fullmetal Alchemist, Vol. 21",4.63,10291,,602,93.18936877076412,41.5,38–45
Goodreads,Manga,Fullmetal Alchemist,22,"Fullmetal Alchemist, Vol. 22",4.63,10038,,602,93.18936877076412,41.5,38–45
Goodreads,Manga,Fullmetal Alchemist,24,"Fullmetal Alchemist, Vol. 24",4.63,8993,,602,93.18936877076412,41.5,38–45
Goodreads,Manga,My Hero Academia,30,僕のヒーローアカデミア 30 [Boku no Hero Academia 30],4.63,6486,,602,93.18936877076412,41.5,38–45
Goodreads,Manga,One Piece,60,"One Piece, Volume 60: My Little Brother",4.63,6639,,602,93.18936877076412,41.5,38–45
Goodreads,Manga,One Piece,84,"One Piece, Vol. 84: Luffy vs. Sanji",4.63,4655,,602,93.18936877076412,41.5,38–45
Goodreads,Manga,Fullmetal Alchemist,13,"Fullmetal Alchemist, Vol. 13",4.62,11065,,602,91.94352159468438,49.0,46–52
Goodreads,Manga,Fullmetal Alchemist,19,"Fullmetal Alchemist, Vol. 19",4.62,8580,,602,91.94352159468438,49.0,46–52
Goodreads,Manga,Fullmetal Alchemist,20,"Fullmetal Alchemist, Vol. 20",4.62,14259,,602,91.94352159468438,49.0,46–52
Goodreads,Fantasy — cycle principal,Harry Potter,7,Harry Potter and the Deathly Hallows,4.62,4234122,https://www.goodreads.com/series/45175-harry-potter,602,91.94352159468438,49.0,46–52
Goodreads,Manga,Jujutsu Kaisen,11,呪術廻戦 11 [Jujutsu Kaisen 11],4.62,19680,,602,91.94352159468438,49.0,46–52
Goodreads,Manga,One Piece,52,"One Piece, Volume 52: Roger and Rayleigh",4.62,7079,,602,91.94352159468438,49.0,46–52
Goodreads,Manga,One Piece,98,One Piece 巻九十八 〝忠臣錦〟,4.62,3977,,602,91.94352159468438,49.0,46–52
Goodreads,Manga,Demon Slayer,11,鬼滅の刃 11 [Kimetsu no Yaiba 11],4.61,17853,,602,91.0299003322259,54.5,53–56
Goodreads,Manga,One Piece,105,ONE PIECE 105 ルフィの夢,4.61,3208,,602,91.0299003322259,54.5,53–56
Goodreads,Manga,One Piece,45,"One Piece, Volume 45: You Have My Sympathies",4.61,7197,,602,91.0299003322259,54.5,53–56
Goodreads,Manga,One Piece,97,ONE PIECE 巻九十七 〝僕の聖書〟,4.61,3997,,602,91.0299003322259,54.5,53–56
Goodreads,Manga,Fullmetal Alchemist,10,"Fullmetal Alchemist, Vol. 10",4.6,12778,,602,89.70099667774086,62.5,57–68
Goodreads,Manga,Fullmetal Alchemist,12,"Fullmetal Alchemist, Vol. 12",4.6,10819,,602,89.70099667774086,62.5,57–68
Goodreads,Manga,Fullmetal Alchemist,15,"Fullmetal Alchemist, Vol. 15",4.6,10023,,602,89.70099667774086,62.5,57–68
Goodreads,Manga,Fullmetal Alchemist,18,"Fullmetal Alchemist, Vol. 18",4.6,8944,,602,89.70099667774086,62.5,57–68
Goodreads,Manga,One Piece,23,"One Piece, Volume 23: Vivi's Adventure",4.6,10401,,602,89.70099667774086,62.5,57–68
Goodreads,Manga,One Piece,55,"One Piece, Volume 55: A Ray of Hope",4.6,6726,,602,89.70099667774086,62.5,57–68
Goodreads,Manga,One Piece,78,"One Piece, Volume 78: Champion of Evil",4.6,4815,,602,89.70099667774086,62.5,57–68
Goodreads,Manga,One Piece,89,"One Piece, Vol. 89: Bad End Musical",4.6,4419,,602,89.70099667774086,62.5,57–68
Goodreads,Manga,One Piece,9,"One Piece, Volume 9: Tears",4.6,21016,,602,89.70099667774086,62.5,57–68
Goodreads,Manga,One Piece,95,"One Piece, Volume 95: Oden's Adventure",4.6,4347,,602,89.70099667774086,62.5,57–68
Goodreads,Web-serial,Parahumans,1,Worm,4.6,10769,https://www.goodreads.com/book/show/25306236.Worm,602,89.70099667774086,62.5,57–68
Goodreads,Fantasy — cycle principal,Stormlight Archive,3,Oathbringer,4.6,393225,https://www.goodreads.com/series/49075-the-stormlight-archive,602,89.70099667774086,62.5,57–68
Goodreads,Manga,Demon Slayer,10,鬼滅の刃 10 [Kimetsu no Yaiba 10],4.59,19401,,602,87.87375415282392,73.5,69–78
Goodreads,Manga,Fullmetal Alchemist,11,"Fullmetal Alchemist, Vol. 11",4.59,11034,,602,87.87375415282392,73.5,69–78
Goodreads,Manga,Jujutsu Kaisen,8,呪術廻戦 8 [Jujutsu Kaisen 8],4.59,23766,,602,87.87375415282392,73.5,69–78
Goodreads,Manga,My Hero Academia,28,僕のヒーローアカデミア 28 [Boku no Hero Academia 28],4.59,7090,,602,87.87375415282392,73.5,69–78
Goodreads,Manga,My Hero Academia,5,僕のヒーローアカデミア 5 [Boku No Hero Academia 5],4.59,22165,,602,87.87375415282392,73.5,69–78
Goodreads,Manga,Naruto,43,NARUTO -ナルト- 巻ノ四十三,4.59,61309,,602,87.87375415282392,73.5,69–78
Goodreads,Manga,One Piece,111,ONE PIECE 111,4.59,1873,,602,87.87375415282392,73.5,69–78
Goodreads,Manga,One Piece,113,ONE PIECE 113,4.59,876,,602,87.87375415282392,73.5,69–78
Goodreads,Manga,One Piece,40,"One Piece, Volume 40: Gear",4.59,7897,,602,87.87375415282392,73.5,69–78
Goodreads,Fantasy — cycle principal,The Lord of the Rings,3,The Return of the King,4.59,1090834,https://www.goodreads.com/book/show/18512.The_Return_of_the_King,602,87.87375415282392,73.5,69–78
Goodreads,Manga,Fullmetal Alchemist,14,"Fullmetal Alchemist, Vol. 14",4.58,11753,,602,85.54817275747509,87.5,79–96
Goodreads,Manga,Fullmetal Alchemist,17,"Fullmetal Alchemist, Vol. 17",4.58,9322,,602,85.54817275747509,87.5,79–96
Goodreads,Manga,Fullmetal Alchemist,6,"Fullmetal Alchemist, Vol. 6",4.58,14666,,602,85.54817275747509,87.5,79–96
Goodreads,Fantasy — cycle principal,Harry Potter,3,Harry Potter and the Prisoner of Azkaban,4.58,5042907,https://www.goodreads.com/series/45175-harry-potter,602,85.54817275747509,87.5,79–96
Goodreads,Fantasy — cycle principal,Harry Potter,6,Harry Potter and the Half-Blood Prince,4.58,3776110,https://www.goodreads.com/series/45175-harry-potter,602,85.54817275747509,87.5,79–96
Goodreads,Manga,Jujutsu Kaisen,13,呪術廻戦 13 [Jujutsu Kaisen 13],4.58,17566,,602,85.54817275747509,87.5,79–96
Goodreads,Manga,Jujutsu Kaisen,15,呪術廻戦 15 [Jujutsu Kaisen 15],4.58,16469,,602,85.54817275747509,87.5,79–96
Goodreads,Manga,Jujutsu Kaisen,16,呪術廻戦 16 [Jujutsu Kaisen 16],4.58,17898,,602,85.54817275747509,87.5,79–96
Goodreads,Manga,Jujutsu Kaisen,17,呪術廻戦 17 [Jujutsu Kaisen 17],4.58,16704,,602,85.54817275747509,87.5,79–96
Goodreads,Manga,My Hero Academia,27,僕のヒーローアカデミア 27 [Boku no Hero Academia 27],4.58,7378,,602,85.54817275747509,87.5,79–96
Goodreads,Manga,One Piece,35,"One Piece, Volume 35: Captain",4.58,8182,,602,85.54817275747509,87.5,79–96
Goodreads,Manga,One Piece,42,"One Piece, Volume 42: Pirates vs. CP9",4.58,9442,,602,85.54817275747509,87.5,79–96
Goodreads,Manga,One Piece,43,"One Piece, Volume 43: Legend of a Hero",4.58,7181,,602,85.54817275747509,87.5,79–96
Goodreads,Manga,One Piece,61,"One Piece, Volume 61: Romance Dawn for the New World",4.58,6508,,602,85.54817275747509,87.5,79–96
Goodreads,Manga,One Piece,76,"One Piece, Volume 76: Just Keep Going",4.58,5229,,602,85.54817275747509,87.5,79–96
Goodreads,Manga,One Piece,77,"One Piece, Volume 77: Smile",4.58,4820,,602,85.54817275747509,87.5,79–96
Goodreads,Manga,One Piece,85,"One Piece, Vol. 85: Liar",4.58,4480,,602,85.54817275747509,87.5,79–96
Goodreads,Manga,One Piece,90,"One Piece, Vol. 90: Sacred Marijoa",4.58,4527,,602,85.54817275747509,87.5,79–96
Goodreads,Fantasy — cycle principal,Harry Potter,4,Harry Potter and the Goblet of Fire,4.57,4348877,https://www.goodreads.com/series/45175-harry-potter,602,83.72093023255815,98.5,97–100
Goodreads,Manga,My Hero Academia,17,僕のヒーローアカデミア 17 [Boku No Hero Academia 17],4.57,8986,,602,83.72093023255815,98.5,97–100
Goodreads,Manga,One Piece,37,"One Piece, Volume 37: Tom",4.57,7846,,602,83.72093023255815,98.5,97–100
Goodreads,Manga,One Piece,54,"One Piece, Volume 54: Unstoppable",4.57,7001,,602,83.72093023255815,98.5,97–100
Goodreads,Manga,Demon Slayer,15,鬼滅の刃 15 [Kimetsu no Yaiba 15],4.56,17134,,602,82.47508305647841,106.0,101–111
Goodreads,Manga,Demon Slayer,5,鬼滅の刃 5 [Kimetsu no Yaiba 5],4.56,22095,,602,82.47508305647841,106.0,101–111
Goodreads,Manga,Demon Slayer,7,鬼滅の刃 7 [Kimetsu no Yaiba 7],4.56,20897,,602,82.47508305647841,106.0,101–111
Goodreads,Manga,Fullmetal Alchemist,7,"Fullmetal Alchemist, Vol. 7",4.56,14859,,602,82.47508305647841,106.0,101–111
Goodreads,Manga,Fullmetal Alchemist,9,"Fullmetal Alchemist, Vol. 9",4.56,12782,,602,82.47508305647841,106.0,101–111
Goodreads,Manga,My Hero Academia,11,僕のヒーローアカデミア 11 [Boku No Hero Academia 11],4.56,11081,,602,82.47508305647841,106.0,101–111
Goodreads,Manga,One Piece,106,ONE PIECE 106 天才の夢,4.56,3085,,602,82.47508305647841,106.0,101–111
Goodreads,Manga,One Piece,36,"One Piece, Volume 36: The Ninth Justice",4.56,7729,,602,82.47508305647841,106.0,101–111
Goodreads,Manga,One Piece,51,"One Piece, Volume 51: The Eleven Supernovas",4.56,7110,,602,82.47508305647841,106.0,101–111
Goodreads,Manga,One Piece,94,"One Piece, Vol. 94: A Soldier's Dream",4.56,4527,,602,82.47508305647841,106.0,101–111
Goodreads,Fantasy — cycle principal,Stormlight Archive,4,Rhythm of War,4.56,267686,https://www.goodreads.com/series/49075-the-stormlight-archive,602,82.47508305647841,106.0,101–111
Goodreads,Fantasy — cycle principal,A Song of Ice and Fire,3,A Storm of Swords,4.55,871708,https://www.goodreads.com/series/43790-a-song-of-ice-and-fire,602,80.8970099667774,115.5,112–119
Goodreads,Manga,Fullmetal Alchemist,3,"Fullmetal Alchemist, Vol. 3",4.55,24774,,602,80.8970099667774,115.5,112–119
Goodreads,Manga,Fullmetal Alchemist,4,"Fullmetal Alchemist, Vol. 4",4.55,16575,,602,80.8970099667774,115.5,112–119
Goodreads,Manga,Fullmetal Alchemist,8,"Fullmetal Alchemist, Vol. 8",4.55,16100,,602,80.8970099667774,115.5,112–119
Goodreads,Fantasy — cycle principal,Kingkiller Chronicle,2,The Wise Man's Fear,4.55,640374,https://www.goodreads.com/series/45262-the-kingkiller-chronicle,602,80.8970099667774,115.5,112–119
Goodreads,Manga,Naruto,11,"Naruto, Vol. 11: Impassioned Efforts",4.55,30810,,602,80.8970099667774,115.5,112–119
Goodreads,Manga,One Piece,75,"One Piece, Volume 75: Repaying the Debt",4.55,4963,,602,80.8970099667774,115.5,112–119
Goodreads,Manga,One Piece,86,"One Piece, Vol. 86: Emperor Assassination Plan",4.55,4406,,602,80.8970099667774,115.5,112–119
Goodreads,Manga,Demon Slayer,14,鬼滅の刃 14 [Kimetsu no Yaiba 14],4.54,17111,,602,79.2358803986711,125.5,120–131
Goodreads,Manga,Demon Slayer,9,鬼滅の刃 9 [Kimetsu no Yaiba 9],4.54,19805,,602,79.2358803986711,125.5,120–131
Goodreads,Manga,Fullmetal Alchemist,1,"Fullmetal Alchemist, Vol. 1",4.54,198290,,602,79.2358803986711,125.5,120–131
Goodreads,Manga,Fullmetal Alchemist,16,"Fullmetal Alchemist, Vol. 16",4.54,9182,,602,79.2358803986711,125.5,120–131
Goodreads,Manga,Fullmetal Alchemist,5,"Fullmetal Alchemist, Vol. 5",4.54,17892,,602,79.2358803986711,125.5,120–131
Goodreads,Manga,Hunter × Hunter,34,"Hunter × Hunter, tome 34",4.54,2745,,602,79.2358803986711,125.5,120–131
Goodreads,Manga,Jujutsu Kaisen,10,呪術廻戦 10 [Jujutsu Kaisen 10],4.54,19951,,602,79.2358803986711,125.5,120–131
Goodreads,Manga,My Hero Academia,33,僕のヒーローアカデミア 33 [Boku no Hero Academia 33],4.54,4938,,602,79.2358803986711,125.5,120–131
Goodreads,Manga,My Hero Academia,36,僕のヒーローアカデミア 36 [Boku no Hero Academia 36],4.54,4083,,602,79.2358803986711,125.5,120–131
Goodreads,Manga,One Piece,16,"One Piece, Volume 16: Carrying On His Will",4.54,12991,,602,79.2358803986711,125.5,120–131
Goodreads,Manga,One Piece,53,"One Piece, Volume 53: Natural Born King",4.54,7370,,602,79.2358803986711,125.5,120–131
Goodreads,Manga,One Piece,73,"One Piece, Volume 73: Operation Dressrosa S.O.P.",4.54,5101,,602,79.2358803986711,125.5,120–131
Goodreads,Manga,Fairy Tail,12,"Fairy Tail, Vol. 12",4.53,7029,,602,77.57475083056478,135.5,132–139
Goodreads,Manga,Hunter × Hunter,1,"Hunter × Hunter, tome 1",4.53,70679,,602,77.57475083056478,135.5,132–139
Goodreads,Manga,Hunter × Hunter,29,"Hunter × Hunter, tome 29",4.53,1921,,602,77.57475083056478,135.5,132–139
Goodreads,Manga,My Hero Academia,10,僕のヒーローアカデミア 10 [Boku No Hero Academia 10],4.53,12738,,602,77.57475083056478,135.5,132–139
Goodreads,Manga,My Hero Academia,9,僕のヒーローアカデミア 9 [Boku No Hero Academia 9],4.53,13657,,602,77.57475083056478,135.5,132–139
Goodreads,Manga,One Piece,112,ONE PIECE 112,4.53,1363,,602,77.57475083056478,135.5,132–139
Goodreads,Manga,One Piece,22,"One Piece, Volume 22: Hope!!",4.53,10723,,602,77.57475083056478,135.5,132–139
Goodreads,Manga,One Piece,91,"One Piece, Volume 91: Adventure in the Land of Samurai",4.53,4540,,602,77.57475083056478,135.5,132–139
Goodreads,Manga,Demon Slayer,13,鬼滅の刃 13 [Kimetsu no Yaiba 13],4.52,17455,,602,76.0797342192691,144.5,140–149
Goodreads,Manga,Demon Slayer,6,鬼滅の刃 6 [Kimetsu no Yaiba 6],4.52,20865,,602,76.0797342192691,144.5,140–149
Goodreads,Manga,Fairy Tail,10,"Fairy Tail, Vol. 10",4.52,8958,,602,76.0797342192691,144.5,140–149
Goodreads,Manga,Jujutsu Kaisen,4,呪術廻戦 4 [Jujutsu Kaisen 4],4.52,28779,,602,76.0797342192691,144.5,140–149
Goodreads,Fantasy — cycle principal,Kingkiller Chronicle,1,The Name of the Wind,4.52,1120063,https://www.goodreads.com/series/45262-the-kingkiller-chronicle,602,76.0797342192691,144.5,140–149
Goodreads,Manga,My Hero Academia,31,僕のヒーローアカデミア 31 [Boku no Hero Academia 31],4.52,5689,,602,76.0797342192691,144.5,140–149
Goodreads,Manga,Naruto,53,NARUTO -ナルト- 53 巻ノ五十三,4.52,6174,,602,76.0797342192691,144.5,140–149
Goodreads,Manga,One Piece,50,"One Piece, Volume 50: Arriving Again",4.52,7109,,602,76.0797342192691,144.5,140–149
Goodreads,Manga,One Piece,74,"One Piece, Volume 74: Ever at Your Side",4.52,4993,,602,76.0797342192691,144.5,140–149
Goodreads,Manga,One Piece,93,"One Piece, Volume 93: The Star of Ebisu",4.52,4319,,602,76.0797342192691,144.5,140–149
Goodreads,Manga,Black Clover,29,ブラッククローバー 29,4.51,1332,,602,74.00332225913621,157.0,150–164
Goodreads,Manga,Demon Slayer,4,鬼滅の刃 4 [Kimetsu no Yaiba 4],4.51,25227,,602,74.00332225913621,157.0,150–164
Goodreads,Manga,Fullmetal Alchemist,2,"Fullmetal Alchemist, Vol. 2",4.51,23028,,602,74.00332225913621,157.0,150–164
Goodreads,Manga,Hunter × Hunter,28,"Hunter × Hunter, tome 28",4.51,1962,,602,74.00332225913621,157.0,150–164
Goodreads,Manga,Jujutsu Kaisen,12,呪術廻戦 12 [Jujutsu Kaisen 12],4.51,18004,,602,74.00332225913621,157.0,150–164
Goodreads,Manga,Jujutsu Kaisen,7,"Jujutsu Kaisen, Vol. 7",4.51,21812,,602,74.00332225913621,157.0,150–164
Goodreads,Manga,My Hero Academia,16,僕のヒーローアカデミア 16 [Boku No Hero Academia 16],4.51,9282,,602,74.00332225913621,157.0,150–164
Goodreads,Manga,My Hero Academia,18,僕のヒーローアカデミア 18 [Boku No Hero Academia 18],4.51,8736,,602,74.00332225913621,157.0,150–164
Goodreads,Manga,My Hero Academia,41,僕のヒーローアカデミア 41 [Boku no Hero Academia 41],4.51,2511,,602,74.00332225913621,157.0,150–164
Goodreads,Manga,Naruto,42,"Naruto, Vol. 42: The Secret of the Mangekyo",4.51,7878,,602,74.00332225913621,157.0,150–164
Goodreads,Manga,Naruto,46,"Naruto, Vol. 46: Naruto Returns",4.51,7689,,602,74.00332225913621,157.0,150–164
Goodreads,Manga,Naruto,47,"Naruto, Vol. 47: The Seal Destroyed",4.51,7247,,602,74.00332225913621,157.0,150–164
Goodreads,Manga,One Piece,39,"One Piece, Volume 39: Scramble",4.51,7541,,602,74.00332225913621,157.0,150–164
Goodreads,Manga,One Piece,88,"One Piece, Vol. 88: Lion",4.51,4342,,602,74.00332225913621,157.0,150–164
Goodreads,Fantasy — cycle principal,The Lord of the Rings,2,The Two Towers,4.51,1181579,https://www.goodreads.com/book/show/15241.The_Two_Towers,602,74.00332225913621,157.0,150–164
Goodreads,Manga,Black Clover,27,ブラッククローバー 27,4.5,1410,,602,71.76079734219269,170.5,165–176
Goodreads,Manga,Black Clover,30,ブラッククローバー 30 [Black Clover 30],4.5,1254,,602,71.76079734219269,170.5,165–176
Goodreads,Fantasy — cycle principal,Harry Potter,5,Harry Potter and the Order of the Phoenix,4.5,3925476,https://www.goodreads.com/series/45175-harry-potter,602,71.76079734219269,170.5,165–176
Goodreads,Manga,Hunter × Hunter,30,"Hunter × Hunter, tome 30",4.5,1974,,602,71.76079734219269,170.5,165–176
Goodreads,Manga,My Hero Academia,25,僕のヒーローアカデミア 25 [Boku no Hero Academia 25],4.5,7937,,602,71.76079734219269,170.5,165–176
Goodreads,Manga,My Hero Academia,26,僕のヒーローアカデミア 26 [Boku no Hero Academia 26],4.5,8339,,602,71.76079734219269,170.5,165–176
Goodreads,Manga,My Hero Academia,32,僕のヒーローアカデミア 32 [Boku no Hero Academia 32],4.5,5266,,602,71.76079734219269,170.5,165–176
Goodreads,Manga,Naruto,26,"Naruto, Vol. 26: Awakening",4.5,9532,,602,71.76079734219269,170.5,165–176
Goodreads,Manga,Naruto,9,"Naruto, Vol. 09: Neji vs. Hinata",4.5,19122,,602,71.76079734219269,170.5,165–176
Goodreads,Manga,One Piece,17,"One Piece, Volume 17: Hiriluk's Cherry Blossoms",4.5,13488,,602,71.76079734219269,170.5,165–176
Goodreads,Manga,One Piece,80,"One Piece, Volume 80: Opening Speech",4.5,4772,,602,71.76079734219269,170.5,165–176
Goodreads,Manga,One Piece,87,"One Piece, Vol. 87: Bittersweet",4.5,4380,,602,71.76079734219269,170.5,165–176
Goodreads,Manga,Black Clover,28,ブラッククローバー 28,4.49,1435,,602,69.51827242524917,184.0,177–191
Goodreads,Manga,Black Clover,32,ブラッククローバー 32 [Black Clover 32],4.49,1105,,602,69.51827242524917,184.0,177–191
Goodreads,Manga,Hunter × Hunter,25,"Hunter × Hunter, tome 25",4.49,2102,,602,69.51827242524917,184.0,177–191
Goodreads,Manga,Jujutsu Kaisen,1,呪術廻戦 1 [Jujutsu Kaisen 1],4.49,72707,,602,69.51827242524917,184.0,177–191
Goodreads,Manga,Jujutsu Kaisen,25,呪術廻戦 25 [Jujutsu Kaisen 25],4.49,8084,,602,69.51827242524917,184.0,177–191
Goodreads,Manga,Jujutsu Kaisen,6,呪術廻戦 6 [Jujutsu Kaisen 6],4.49,22368,,602,69.51827242524917,184.0,177–191
Goodreads,Manga,My Hero Academia,40,僕のヒーローアカデミア 40 [Boku no Hero Academia 40],4.49,2709,,602,69.51827242524917,184.0,177–191
Goodreads,Manga,My Hero Academia,6,僕のヒーローアカデミア 6 [Boku No Hero Academia 6],4.49,15625,,602,69.51827242524917,184.0,177–191
Goodreads,Manga,Naruto,5,"Naruto, Vol. 05: The Challengers",4.49,25732,,602,69.51827242524917,184.0,177–191
Goodreads,Manga,One Piece,1,"One Piece, Volume 1: Romance Dawn",4.49,193407,,602,69.51827242524917,184.0,177–191
Goodreads,Manga,One Piece,20,"One Piece, Vol. 20: Showdown at Alubarna",4.49,12173,,602,69.51827242524917,184.0,177–191
Goodreads,Manga,One Piece,21,"One Piece, Vol. 21: Utopia",4.49,10835,,602,69.51827242524917,184.0,177–191
Goodreads,Manga,One Piece,31,"One Piece, Volume 31: We'll Be Here",4.49,8555,,602,69.51827242524917,184.0,177–191
Goodreads,Manga,One Piece,70,"One Piece, Volume 70: Enter Doflamingo",4.49,5525,,602,69.51827242524917,184.0,177–191
Goodreads,Manga,One Piece,92,"One Piece, Vol. 92: Introducing Komurasaki the Oiran",4.49,4355,,602,69.51827242524917,184.0,177–191
Goodreads,Manga,Black Clover,33,ブラッククローバー 33 [Black Clover 33],4.48,989,,602,67.44186046511628,196.5,192–201
Goodreads,Manga,Fairy Tail,11,"Fairy Tail, Vol. 11",4.48,8066,,602,67.44186046511628,196.5,192–201
Goodreads,Manga,Fairy Tail,8,"Fairy Tail, Vol. 08",4.48,7856,,602,67.44186046511628,196.5,192–201
Goodreads,Manga,Hunter × Hunter,11,"Hunter × Hunter, tome 11",4.48,3230,,602,67.44186046511628,196.5,192–201
Goodreads,Manga,My Hero Academia,7,僕のヒーローアカデミア 7 [Boku No Hero Academia 7],4.48,15189,,602,67.44186046511628,196.5,192–201
Goodreads,Manga,Naruto,12,"Naruto, Vol. 12: The Great Flight",4.48,15826,,602,67.44186046511628,196.5,192–201
Goodreads,Manga,Naruto,4,"Naruto, Vol. 04: Hero’s Bridge",4.48,20937,,602,67.44186046511628,196.5,192–201
Goodreads,Manga,One Piece,11,"One Piece, Volume 11: The Meanest Man in the East",4.48,15751,,602,67.44186046511628,196.5,192–201
Goodreads,Manga,One Piece,18,"One Piece, Volume 18: Ace Arrives",4.48,12031,,602,67.44186046511628,196.5,192–201
Goodreads,Manga,One Piece,8,"One Piece, Volume 8: I Won't Die",4.48,25603,,602,67.44186046511628,196.5,192–201
Goodreads,Manga,Demon Slayer,12,鬼滅の刃 12 [Kimetsu no Yaiba 12],4.47,18389,,602,65.78073089700996,206.5,202–211
Goodreads,Fantasy — cycle principal,Harry Potter,1,Harry Potter and the Philosopher's Stone,4.47,11816633,https://www.goodreads.com/series/45175-harry-potter,602,65.78073089700996,206.5,202–211
Goodreads,Manga,Hunter × Hunter,12,"Hunter × Hunter, tome 12",4.47,3007,,602,65.78073089700996,206.5,202–211
Goodreads,Manga,My Hero Academia,24,僕のヒーローアカデミア 24 [Boku no Hero Academia 24],4.47,8137,,602,65.78073089700996,206.5,202–211
Goodreads,Manga,My Hero Academia,39,僕のヒーローアカデミア 39 [Boku no Hero Academia 39],4.47,2866,,602,65.78073089700996,206.5,202–211
Goodreads,Manga,Naruto,27,"Naruto, Vol. 27: Departure",4.47,9274,,602,65.78073089700996,206.5,202–211
Goodreads,Manga,One Piece,10,"One Piece, Volume 10: OK, Let's Stand Up!",4.47,16243,,602,65.78073089700996,206.5,202–211
Goodreads,Manga,One Piece,25,"One Piece, Volume 25: The 100 Million Berry Man",4.47,9589,,602,65.78073089700996,206.5,202–211
Goodreads,Manga,One Piece,69,"One Piece, Volume 69: S.A.D.",4.47,5489,,602,65.78073089700996,206.5,202–211
Goodreads,Manga,One Piece,72,"One Piece, Volume 72: Dressrosa's Forgotten",4.47,5140,,602,65.78073089700996,206.5,202–211
Goodreads,Manga,Black Clover,31,ブラッククローバー 31 [Black Clover 31],4.46,1175,,602,64.03654485049834,217.0,212–222
Goodreads,Manga,Demon Slayer,1,鬼滅の刃 1 [Kimetsu no Yaiba 1],4.46,150343,,602,64.03654485049834,217.0,212–222
Goodreads,Manga,Demon Slayer,3,鬼滅の刃 3 [Kimetsu no Yaiba 3],4.46,29609,,602,64.03654485049834,217.0,212–222
Goodreads,Manga,Hunter × Hunter,26,"Hunter × Hunter, tome 26",4.46,2068,,602,64.03654485049834,217.0,212–222
Goodreads,Manga,Hunter × Hunter,4,"Hunter × Hunter, tome 4",4.46,5647,,602,64.03654485049834,217.0,212–222
Goodreads,Manga,Hunter × Hunter,9,"Hunter × Hunter, tome 9",4.46,3442,,602,64.03654485049834,217.0,212–222
Goodreads,Manga,Jujutsu Kaisen,2,呪術廻戦 2 [Jujutsu Kaisen 2],4.46,38510,,602,64.03654485049834,217.0,212–222
Goodreads,Manga,Naruto,31,"Naruto, Vol. 31: Final Battle",4.46,9330,,602,64.03654485049834,217.0,212–222
Goodreads,Manga,One Piece,19,"One Piece, Volume 19: Rebellion",4.46,11619,,602,64.03654485049834,217.0,212–222
Goodreads,Manga,One Piece,81,"One Piece, Vol. 81: Let's Go See the Cat Viper",4.46,4641,,602,64.03654485049834,217.0,212–222
Goodreads,Manga,One Piece,82,"One Piece, Vol. 82: The World Is Restless",4.46,4612,,602,64.03654485049834,217.0,212–222
Goodreads,Fantasy — cycle principal,A Song of Ice and Fire,1,A Game of Thrones,4.45,2818198,https://www.goodreads.com/series/43790-a-song-of-ice-and-fire,602,62.04318936877076,229.0,223–235
Goodreads,Manga,Black Clover,16,ブラッククローバー 16,4.45,1491,,602,62.04318936877076,229.0,223–235
Goodreads,Manga,Demon Slayer,2,鬼滅の刃 2 [Kimetsu no Yaiba 2],4.45,34675,,602,62.04318936877076,229.0,223–235
Goodreads,Manga,Hunter × Hunter,17,"Hunter × Hunter, tome 17",4.45,2695,,602,62.04318936877076,229.0,223–235
Goodreads,Manga,Hunter × Hunter,27,"Hunter × Hunter, tome 27",4.45,2016,,602,62.04318936877076,229.0,223–235
Goodreads,Manga,Hunter × Hunter,31,"Hunter × Hunter, tome 31",4.45,1890,,602,62.04318936877076,229.0,223–235
Goodreads,Manga,My Hero Academia,37,僕のヒーローアカデミア 37 [Boku no Hero Academia 37],4.45,3741,,602,62.04318936877076,229.0,223–235
Goodreads,Manga,My Hero Academia,4,僕のヒーローアカデミア 4 [Boku No Hero Academia 4],4.45,19171,,602,62.04318936877076,229.0,223–235
Goodreads,Manga,Naruto,25,"Naruto, Vol. 25: Brothers",4.45,9154,,602,62.04318936877076,229.0,223–235
Goodreads,Manga,Naruto,7,"Naruto, Vol. 07: The Path You Should Tread",4.45,17081,,602,62.04318936877076,229.0,223–235
Goodreads,Manga,Naruto,72,NARUTO -ナルト- 72,4.45,5023,,602,62.04318936877076,229.0,223–235
Goodreads,Manga,One Piece,32,"One Piece, Volume 32: Love Song",4.45,8634,,602,62.04318936877076,229.0,223–235
Goodreads,Manga,One Piece,71,"One Piece, Volume 71: Coliseum of Scoundrels",4.45,5272,,602,62.04318936877076,229.0,223–235
Goodreads,Manga,Black Clover,36,ブラッククローバー 36 [Black Clover 36],4.44,644,,602,59.21926910299003,246.0,236–256
Goodreads,Manga,Fairy Tail,14,フェアリーテイル 14 [Fearī Teiru 14],4.44,5387,,602,59.21926910299003,246.0,236–256
Goodreads,Manga,Fairy Tail,35,フェアリーテイル 35 [Fearī Teiru 35],4.44,2882,,602,59.21926910299003,246.0,236–256
Goodreads,Manga,Hunter × Hunter,24,"Hunter × Hunter, tome 24",4.44,2143,,602,59.21926910299003,246.0,236–256
Goodreads,Manga,Hunter × Hunter,3,"Hunter × Hunter, tome 3",4.44,6609,,602,59.21926910299003,246.0,236–256
Goodreads,Manga,Jujutsu Kaisen,26,呪術廻戦 26 [Jujutsu Kaisen 26],4.44,7294,,602,59.21926910299003,246.0,236–256
Goodreads,Manga,Jujutsu Kaisen,3,呪術廻戦 3 [Jujutsu Kaisen 3],4.44,32355,,602,59.21926910299003,246.0,236–256
Goodreads,Manga,Jujutsu Kaisen,5,"Jujutsu Kaisen, Vol. 5",4.44,24984,,602,59.21926910299003,246.0,236–256
Goodreads,Manga,My Hero Academia,13,僕のヒーローアカデミア 13 [Boku No Hero Academia 13],4.44,10253,,602,59.21926910299003,246.0,236–256
Goodreads,Manga,My Hero Academia,15,僕のヒーローアカデミア 15 [Boku No Hero Academia 15],4.44,9480,,602,59.21926910299003,246.0,236–256
Goodreads,Manga,My Hero Academia,3,僕のヒーローアカデミア 3 [Boku No Hero Academia 3],4.44,23480,,602,59.21926910299003,246.0,236–256
Goodreads,Manga,Naruto,2,"Naruto, Vol. 02: The Worst Client",4.44,32311,,602,59.21926910299003,246.0,236–256
Goodreads,Manga,Naruto,3,"Naruto, Vol. 03: Dreams",4.44,22679,,602,59.21926910299003,246.0,236–256
Goodreads,Manga,Naruto,37,NARUTO -ナルト- 巻ノ三十七,4.44,6955,,602,59.21926910299003,246.0,236–256
Goodreads,Manga,Naruto,45,"Naruto, Vol. 45: Battlefield, Konoha",4.44,6780,,602,59.21926910299003,246.0,236–256
Goodreads,Manga,Naruto,60,"Naruto, Vol. 60: Kurama",4.44,5203,,602,59.21926910299003,246.0,236–256
Goodreads,Manga,One Piece,12,"One Piece, Volume 12: The Legend Begins",4.44,15139,,602,59.21926910299003,246.0,236–256
Goodreads,Manga,One Piece,30,"One Piece, Volume 30: Capriccio",4.44,8702,,602,59.21926910299003,246.0,236–256
Goodreads,Manga,One Piece,34,"One Piece, Volume 34: The City of Water, Water Seven",4.44,8003,,602,59.21926910299003,246.0,236–256
Goodreads,Manga,One Piece,7,"One Piece, Volume 7: The Crap-Geezer",4.44,21372,,602,59.21926910299003,246.0,236–256
Goodreads,Manga,One Piece,83,"One Piece, Vol. 83: Emperor of the Sea, Charlotte Linlin",4.44,4602,,602,59.21926910299003,246.0,236–256
Goodreads,Manga,Black Clover,25,ブラッククローバー 25,4.43,1157,,602,56.31229235880399,263.5,257–270
Goodreads,Manga,Bleach,15,"Bleach, Volume 15",4.43,25739,,602,56.31229235880399,263.5,257–270
Goodreads,Manga,Fairy Tail,18,フェアリーテイル 18 [Fearī Teiru 18],4.43,5024,,602,56.31229235880399,263.5,257–270
Goodreads,Manga,Fairy Tail,45,"Fairy Tail, Vol. 45",4.43,2266,,602,56.31229235880399,263.5,257–270
Goodreads,Fantasy — cycle principal,Harry Potter,2,Harry Potter and the Chamber of Secrets,4.43,4672988,https://www.goodreads.com/series/45175-harry-potter,602,56.31229235880399,263.5,257–270
Goodreads,Manga,Hunter × Hunter,18,"Hunter × Hunter, tome 18",4.43,2528,,602,56.31229235880399,263.5,257–270
Goodreads,Manga,Hunter × Hunter,21,"Hunter × Hunter, tome 21",4.43,2310,,602,56.31229235880399,263.5,257–270
Goodreads,Manga,Jujutsu Kaisen,19,呪術廻戦 19 [Jujutsu Kaisen 19],4.43,14365,,602,56.31229235880399,263.5,257–270
Goodreads,Manga,My Hero Academia,14,僕のヒーローアカデミア 14 [Boku No Hero Academia 14],4.43,9851,,602,56.31229235880399,263.5,257–270
Goodreads,Manga,My Hero Academia,2,僕のヒーローアカデミア 2 [Boku No Hero Academia 2],4.43,36938,,602,56.31229235880399,263.5,257–270
Goodreads,Manga,My Hero Academia,35,僕のヒーローアカデミア 35 [Boku No Hero Academia 35],4.43,4341,,602,56.31229235880399,263.5,257–270
Goodreads,Manga,Naruto,15,"Naruto, Vol. 15: Naruto's Ninja Handbook!",4.43,10797,,602,56.31229235880399,263.5,257–270
Goodreads,Manga,Naruto,48,"Naruto, Vol. 48: The Cheering Village",4.43,6525,,602,56.31229235880399,263.5,257–270
Goodreads,Manga,One Piece,6,"One Piece, Volume 6: The Oath",4.43,22672,,602,56.31229235880399,263.5,257–270
Goodreads,Fantasy — cycle principal,A Song of Ice and Fire,2,A Clash of Kings,4.42,1052073,https://www.goodreads.com/series/43790-a-song-of-ice-and-fire,602,53.57142857142857,280.0,271–289
Goodreads,Manga,Black Clover,14,ブラッククローバー 14,4.42,1608,,602,53.57142857142857,280.0,271–289
Goodreads,Manga,Fairy Tail,13,"Fairy Tail, Vol. 13",4.42,5779,,602,53.57142857142857,280.0,271–289
Goodreads,Manga,Fairy Tail,15,フェアリーテイル 15 [Fearī Teiru 15],4.42,5107,,602,53.57142857142857,280.0,271–289
Goodreads,Manga,Fairy Tail,46,"Fairy Tail, Vol. 46",4.42,2229,,602,53.57142857142857,280.0,271–289
Goodreads,Manga,Fairy Tail,5,"Fairy Tail, Vol. 05",4.42,8234,,602,53.57142857142857,280.0,271–289
Goodreads,Manga,Fairy Tail,9,"Fairy Tail, Vol. 09",4.42,6233,,602,53.57142857142857,280.0,271–289
Goodreads,Manga,Hunter × Hunter,2,"Hunter × Hunter, tome 2",4.42,7540,,602,53.57142857142857,280.0,271–289
Goodreads,Manga,Hunter × Hunter,32,"Hunter × Hunter, tome 32",4.42,2513,,602,53.57142857142857,280.0,271–289
Goodreads,Manga,Hunter × Hunter,5,"Hunter × Hunter, tome 5",4.42,4986,,602,53.57142857142857,280.0,271–289
Goodreads,Manga,Hunter × Hunter,7,"Hunter × Hunter, tome 7",4.42,4099,,602,53.57142857142857,280.0,271–289
Goodreads,Manga,My Hero Academia,21,僕のヒーローアカデミア 21 [Boku no Hero Academia 21],4.42,9404,,602,53.57142857142857,280.0,271–289
Goodreads,Manga,My Hero Academia,42,僕のヒーローアカデミア 42 [Boku no Hero Academia 42],4.42,2518,,602,53.57142857142857,280.0,271–289
Goodreads,Manga,Naruto,10,"Naruto, Vol. 10: A Splendid Ninja",4.42,12861,,602,53.57142857142857,280.0,271–289
Goodreads,Manga,Naruto,13,"Naruto, Vol. 13: The Chūnin Exam, Concluded...!!",4.42,11708,,602,53.57142857142857,280.0,271–289
Goodreads,Manga,Naruto,19,"Naruto, Vol. 19: Successor",4.42,10700,,602,53.57142857142857,280.0,271–289
Goodreads,Manga,Naruto,63,NARUTO -ナルト- 63,4.42,5554,,602,53.57142857142857,280.0,271–289
Goodreads,Manga,One Piece,49,"One Piece, Volume 49: Nightmare Luffy",4.42,7150,,602,53.57142857142857,280.0,271–289
Goodreads,Manga,One Piece,68,"One Piece, Volume 68: Pirate Alliance",4.42,5642,,602,53.57142857142857,280.0,271–289
Goodreads,Manga,Black Clover,21,ブラッククローバー 21,4.41,1280,,602,50.83056478405316,296.5,290–303
Goodreads,Manga,Black Clover,26,ブラッククローバー 26,4.41,1140,,602,50.83056478405316,296.5,290–303
Goodreads,Manga,Bleach,19,"Bleach, Volume 19",4.41,8229,,602,50.83056478405316,296.5,290–303
Goodreads,Manga,Bleach,20,"Bleach, Volume 20",4.41,7907,,602,50.83056478405316,296.5,290–303
Goodreads,Manga,Fairy Tail,29,フェアリーテイル 29 [Fearī Teiru 29],4.41,3037,,602,50.83056478405316,296.5,290–303
Goodreads,Manga,Fairy Tail,34,フェアリーテイル 34 [Fearī Teiru 34],4.41,2772,,602,50.83056478405316,296.5,290–303
Goodreads,Manga,Fairy Tail,39,フェアリーテイル 39 [Fearī Teiru 39],4.41,2463,,602,50.83056478405316,296.5,290–303
Goodreads,Manga,Fairy Tail,4,"Fairy Tail, Vol. 04",4.41,9448,,602,50.83056478405316,296.5,290–303
Goodreads,Manga,Fairy Tail,47,"Fairy Tail, Vol. 47",4.41,2188,,602,50.83056478405316,296.5,290–303
Goodreads,Manga,Hunter × Hunter,10,"Hunter × Hunter, tome 10",4.41,3261,,602,50.83056478405316,296.5,290–303
Goodreads,Manga,Hunter × Hunter,13,"Hunter × Hunter, tome 13",4.41,2777,,602,50.83056478405316,296.5,290–303
Goodreads,Manga,Hunter × Hunter,19,"Hunter × Hunter, tome 19",4.41,2398,,602,50.83056478405316,296.5,290–303
Goodreads,Manga,Naruto,1,"Naruto, Vol. 1: Uzumaki Naruto",4.41,251014,,602,50.83056478405316,296.5,290–303
Goodreads,Fantasy — cycle principal,The Lord of the Rings,1,The Fellowship of the Ring,4.41,3239419,https://www.goodreads.com/book/show/34.The_Fellowship_of_the_Ring,602,50.83056478405316,296.5,290–303
Goodreads,Manga,Black Clover,17,ブラッククローバー 17,4.4,1446,,602,48.006644518272424,313.5,304–323
Goodreads,Manga,Fairy Tail,19,フェアリーテイル 19 [Fearī Teiru 19],4.4,4043,,602,48.006644518272424,313.5,304–323
Goodreads,Manga,Fairy Tail,24,フェアリーテイル 24 [Fearī Teiru 24],4.4,3459,,602,48.006644518272424,313.5,304–323
Goodreads,Manga,Fairy Tail,25,フェアリーテイル 25 [Fearī Teiru 25],4.4,3400,,602,48.006644518272424,313.5,304–323
Goodreads,Manga,Fairy Tail,30,フェアリーテイル 30 [Fearī Teiru 30],4.4,2969,,602,48.006644518272424,313.5,304–323
Goodreads,Manga,Fairy Tail,36,フェアリーテイル 36 [Fearī Teiru 36],4.4,2954,,602,48.006644518272424,313.5,304–323
Goodreads,Manga,Fairy Tail,37,フェアリーテイル 37 [Fearī Teiru 37],4.4,2714,,602,48.006644518272424,313.5,304–323
Goodreads,Manga,Fairy Tail,7,"Fairy Tail, Vol. 07",4.4,6571,,602,48.006644518272424,313.5,304–323
Goodreads,Manga,Hunter × Hunter,6,"Hunter × Hunter, tome 6",4.4,4582,,602,48.006644518272424,313.5,304–323
Goodreads,Manga,Hunter × Hunter,8,"Hunter × Hunter, tome 8",4.4,3751,,602,48.006644518272424,313.5,304–323
Goodreads,Manga,My Hero Academia,22,僕のヒーローアカデミア 22 [Boku no Hero Academia 22],4.4,8963,,602,48.006644518272424,313.5,304–323
Goodreads,Manga,My Hero Academia,8,僕のヒーローアカデミア 8 [Boku No Hero Academia 8],4.4,13665,,602,48.006644518272424,313.5,304–323
Goodreads,Manga,Naruto,20,"Naruto, Vol. 20: Naruto vs. Sasuke",4.4,9634,,602,48.006644518272424,313.5,304–323
Goodreads,Manga,Naruto,28,"Naruto, Vol. 28: Homecoming",4.4,9176,,602,48.006644518272424,313.5,304–323
Goodreads,Manga,Naruto,29,"Naruto, Vol. 29: Kakashi vs. Itachi",4.4,8579,,602,48.006644518272424,313.5,304–323
Goodreads,Manga,Naruto,30,"Naruto, Vol. 30: Puppet Masters",4.4,8605,,602,48.006644518272424,313.5,304–323
Goodreads,Manga,Naruto,41,NARUTO -ナルト- 巻ノ四十一,4.4,6557,,602,48.006644518272424,313.5,304–323
Goodreads,Manga,Naruto,58,"Naruto, Vol. 58: Naruto vs. Itachi",4.4,5839,,602,48.006644518272424,313.5,304–323
Goodreads,Manga,One Piece,64,"One Piece, Volume 64: 100,000 vs. 10",4.4,5946,,602,48.006644518272424,313.5,304–323
Goodreads,Manga,One Piece,66,"One Piece, Volume 66: The Road Toward the Sun",4.4,5950,,602,48.006644518272424,313.5,304–323
Goodreads,Manga,Black Clover,35,ブラッククローバー 35 [Black Clover 35],4.39,831,,602,43.93687707641196,338.0,324–352
Goodreads,Manga,Black Clover,6,ブラッククローバー 6 [Black Clover 6],4.39,2427,,602,43.93687707641196,338.0,324–352
Goodreads,Manga,Bleach,12,"Bleach, Volume 12",4.39,12347,,602,43.93687707641196,338.0,324–352
Goodreads,Manga,Bleach,13,"Bleach, Volume 13",4.39,8895,,602,43.93687707641196,338.0,324–352
Goodreads,Manga,Bleach,14,"Bleach, Volume 14",4.39,13194,,602,43.93687707641196,338.0,324–352
Goodreads,Manga,Bleach,48,Bleach―ブリーチ― 48 [Burīchi 48],4.39,4134,,602,43.93687707641196,338.0,324–352
Goodreads,Manga,Fairy Tail,20,フェアリーテイル 20 [Fearī Teiru 20],4.39,4130,,602,43.93687707641196,338.0,324–352
Goodreads,Manga,Fairy Tail,27,フェアリーテイル 27 [Fearī Teiru 27],4.39,3186,,602,43.93687707641196,338.0,324–352
Goodreads,Manga,Fairy Tail,3,"Fairy Tail, Vol. 03",4.39,10791,,602,43.93687707641196,338.0,324–352
Goodreads,Manga,Fairy Tail,38,フェアリーテイル 38 [Fearī Teiru 38],4.39,2621,,602,43.93687707641196,338.0,324–352
Goodreads,Manga,Fairy Tail,49,フェアリーテイル 49 [Fearī Teiru 49],4.39,1948,,602,43.93687707641196,338.0,324–352
Goodreads,Manga,Fairy Tail,50,"Fairy Tail, Vol. 50",4.39,2387,,602,43.93687707641196,338.0,324–352
Goodreads,Manga,Fairy Tail,6,"Fairy Tail, Vol. 06",4.39,7252,,602,43.93687707641196,338.0,324–352
Goodreads,Manga,Hunter × Hunter,15,"Hunter × Hunter, tome 15",4.39,2650,,602,43.93687707641196,338.0,324–352
Goodreads,Manga,Hunter × Hunter,16,"Hunter × Hunter, tome 16",4.39,2385,,602,43.93687707641196,338.0,324–352
Goodreads,Manga,Hunter × Hunter,23,"Hunter × Hunter, tome 23",4.39,2133,,602,43.93687707641196,338.0,324–352
Goodreads,Manga,Jujutsu Kaisen,22,呪術廻戦 22 [Jujutsu Kaisen 22],4.39,10472,,602,43.93687707641196,338.0,324–352
Goodreads,Manga,Magi,8,マギ 8,4.39,1311,,602,43.93687707641196,338.0,324–352
Goodreads,Manga,Naruto,14,"Naruto, Vol. 14: Hokage vs. Hokage!!",4.39,11128,,602,43.93687707641196,338.0,324–352
Goodreads,Manga,Naruto,16,"Naruto, Vol. 16: Eulogy",4.39,10208,,602,43.93687707641196,338.0,324–352
Goodreads,Manga,Naruto,17,"Naruto, Vol. 17: Itachi's Power",4.39,10298,,602,43.93687707641196,338.0,324–352
Goodreads,Manga,Naruto,21,"Naruto, Vol. 21: Pursuit",4.39,10106,,602,43.93687707641196,338.0,324–352
Goodreads,Manga,Naruto,22,"Naruto, Vol. 22: Comrades",4.39,10407,,602,43.93687707641196,338.0,324–352
Goodreads,Manga,Naruto,24,"Naruto, Vol. 24: Unorthodox",4.39,8903,,602,43.93687707641196,338.0,324–352
Goodreads,Manga,Naruto,36,NARUTO -ナルト- 巻ノ三十六,4.39,6763,,602,43.93687707641196,338.0,324–352
Goodreads,Manga,Naruto,51,NARUTO -ナルト- 51 巻ノ五十一,4.39,6620,,602,43.93687707641196,338.0,324–352
Goodreads,Manga,Naruto,65,NARUTO -ナルト- 65,4.39,4733,,602,43.93687707641196,338.0,324–352
Goodreads,Manga,One Piece,29,"One Piece, Volume 29: Oratorio",4.39,8673,,602,43.93687707641196,338.0,324–352
Goodreads,Manga,One Piece,67,"One Piece, Volume 67: Cool Fight",4.39,5814,,602,43.93687707641196,338.0,324–352
Goodreads,Manga,Black Clover,11,ブラッククローバー 11,4.38,1807,,602,39.78405315614618,363.0,353–373
Goodreads,Manga,Black Clover,18,ブラッククローバー 18,4.38,1414,,602,39.78405315614618,363.0,353–373
Goodreads,Manga,Black Clover,22,ブラッククローバー 22,4.38,1227,,602,39.78405315614618,363.0,353–373
Goodreads,Manga,Black Clover,8,ブラッククローバー 8 [Black Clover 8],4.38,2138,,602,39.78405315614618,363.0,353–373
Goodreads,Manga,Bleach,40,Bleach―ブリーチ― 40 [Burīchi 40],4.38,4373,,602,39.78405315614618,363.0,353–373
Goodreads,Manga,Fairy Tail,17,フェアリーテイル 17 [Fearī Teiru 17],4.38,4354,,602,39.78405315614618,363.0,353–373
Goodreads,Manga,Fairy Tail,22,フェアリーテイル 22 [Fearī Teiru 22],4.38,3767,,602,39.78405315614618,363.0,353–373
Goodreads,Manga,Fairy Tail,28,フェアリーテイル 28 [Fearī Teiru 28],4.38,2966,,602,39.78405315614618,363.0,353–373
Goodreads,Manga,Fairy Tail,32,フェアリーテイル 32 [Fearī Teiru 32],4.38,2874,,602,39.78405315614618,363.0,353–373
Goodreads,Manga,Fairy Tail,33,フェアリーテイル 33 [Fearī Teiru 33],4.38,2784,,602,39.78405315614618,363.0,353–373
Goodreads,Manga,Fairy Tail,48,"Fairy Tail, Vol. 48",4.38,2140,,602,39.78405315614618,363.0,353–373
Goodreads,Manga,Hunter × Hunter,14,"Hunter × Hunter, tome 14",4.38,2740,,602,39.78405315614618,363.0,353–373
Goodreads,Manga,Jujutsu Kaisen,24,呪術廻戦 24 [Jujutsu Kaisen 24],4.38,8502,,602,39.78405315614618,363.0,353–373
Goodreads,Manga,My Hero Academia,20,僕のヒーローアカデミア 20 [Boku No Hero Academia 20],4.38,8912,,602,39.78405315614618,363.0,353–373
Goodreads,Manga,My Hero Academia,38,僕のヒーローアカデミア 38 [Boku no Hero Academia 38],4.38,3245,,602,39.78405315614618,363.0,353–373
Goodreads,Manga,Naruto,6,"Naruto, Vol. 06: Predator",4.38,15298,,602,39.78405315614618,363.0,353–373
Goodreads,Manga,Naruto,62,NARUTO -ナルト- 巻ノ六十二,4.38,5044,,602,39.78405315614618,363.0,353–373
Goodreads,Manga,Naruto,66,NARUTO -ナルト- 66,4.38,4410,,602,39.78405315614618,363.0,353–373
Goodreads,Manga,Naruto,8,"Naruto, Vol. 08: Life-and-Death Battles",4.38,14298,,602,39.78405315614618,363.0,353–373
Goodreads,Manga,One Piece,24,"One Piece, Volume 24: People's Dreams",4.38,9905,,602,39.78405315614618,363.0,353–373
Goodreads,Manga,One Piece,5,"One Piece, Volume 5: For Whom the Bell Tolls",4.38,23144,,602,39.78405315614618,363.0,353–373
Goodreads,Manga,Black Clover,15,ブラッククローバー 15,4.37,1520,,602,36.37873754152824,383.5,374–393
Goodreads,Manga,Black Clover,19,ブラッククローバー 19,4.37,1346,,602,36.37873754152824,383.5,374–393
Goodreads,Manga,Bleach,11,"Bleach, Volume 11",4.37,11389,,602,36.37873754152824,383.5,374–393
Goodreads,Manga,Bleach,17,"Bleach, Volume 17",4.37,8627,,602,36.37873754152824,383.5,374–393
Goodreads,Manga,Bleach,36,Bleach―ブリーチ― 36 [Burīchi 36],4.37,5807,,602,36.37873754152824,383.5,374–393
Goodreads,Manga,Bleach,6,"Bleach, Volume 06",4.37,12965,,602,36.37873754152824,383.5,374–393
Goodreads,Manga,Bleach,7,"Bleach, Volume 07",4.37,12906,,602,36.37873754152824,383.5,374–393
Goodreads,Manga,Fairy Tail,21,フェアリーテイル 21 [Fearī Teiru 21],4.37,3941,,602,36.37873754152824,383.5,374–393
Goodreads,Manga,Fairy Tail,23,フェアリーテイル 23 [Fearī Teiru 23],4.37,3422,,602,36.37873754152824,383.5,374–393
Goodreads,Manga,Fairy Tail,31,"Fairy Tail, Vol. 31",4.37,3049,,602,36.37873754152824,383.5,374–393
Goodreads,Manga,Fairy Tail,40,"Fairy Tail, Vol. 40",4.37,2560,,602,36.37873754152824,383.5,374–393
Goodreads,Manga,Fairy Tail,44,フェアリーテイル 44 [Fearī Teiru 44],4.37,2119,,602,36.37873754152824,383.5,374–393
Goodreads,Manga,Hunter × Hunter,20,"Hunter × Hunter, tome 20",4.37,2348,,602,36.37873754152824,383.5,374–393
Goodreads,Manga,My Hero Academia,12,僕のヒーローアカデミア 12 [Boku No Hero Academia 12],4.37,10224,,602,36.37873754152824,383.5,374–393
Goodreads,Manga,My Hero Academia,23,僕のヒーローアカデミア 23 [Boku no Hero Academia 23],4.37,8359,,602,36.37873754152824,383.5,374–393
Goodreads,Manga,Naruto,40,"Naruto, Vol. 40: The Ultimate Art",4.37,7147,,602,36.37873754152824,383.5,374–393
Goodreads,Manga,Naruto,61,"Naruto, Vol. 61: Uchiha Brothers United Front",4.37,4997,,602,36.37873754152824,383.5,374–393
Goodreads,Manga,Naruto,64,"Naruto, Vol. 64: Ten Tails",4.37,4794,,602,36.37873754152824,383.5,374–393
Goodreads,Manga,One Piece,15,"One Piece, Volume 15: Straight Ahead!",4.37,13271,,602,36.37873754152824,383.5,374–393
Goodreads,Manga,One Piece,46,"One Piece, Volume 46: Adventure on Ghost Island",4.37,7149,,602,36.37873754152824,383.5,374–393
Goodreads,Manga,Black Clover,24,ブラッククローバー 24,4.36,1217,,602,33.388704318936874,401.5,394–409
Goodreads,Manga,Bleach,16,"Bleach, Volume 16",4.36,8189,,602,33.388704318936874,401.5,394–409
Goodreads,Manga,Bleach,18,"Bleach, Volume 18",4.36,10266,,602,33.388704318936874,401.5,394–409
Goodreads,Manga,Bleach,8,"Bleach, Volume 08",4.36,11171,,602,33.388704318936874,401.5,394–409
Goodreads,Manga,Fairy Tail,16,フェアリーテイル 16 [Fearī Teiru 16],4.36,4495,,602,33.388704318936874,401.5,394–409
Goodreads,Manga,Fairy Tail,2,"Fairy Tail, Vol. 02",4.36,12976,,602,33.388704318936874,401.5,394–409
Goodreads,Manga,Fairy Tail,43,"Fairy Tail, Vol. 43",4.36,2470,,602,33.388704318936874,401.5,394–409
Goodreads,Manga,Fairy Tail,63,フェアリーテイル 63 [Fearī Teiru 63],4.36,1566,,602,33.388704318936874,401.5,394–409
Goodreads,Manga,Hunter × Hunter,22,"Hunter × Hunter, tome 22",4.36,2212,,602,33.388704318936874,401.5,394–409
Goodreads,Manga,Magi,5,マギ 5,4.36,1634,,602,33.388704318936874,401.5,394–409
Goodreads,Manga,Naruto,44,"Naruto, Vol. 44: Senjutsu Heir",4.36,6532,,602,33.388704318936874,401.5,394–409
Goodreads,Manga,One Piece,2,"One Piece, Volume 2: Buggy the Clown",4.36,34740,,602,33.388704318936874,401.5,394–409
Goodreads,Manga,One Piece,47,"One Piece, Volume 47: Cloudy, Partly Bony",4.36,6628,,602,33.388704318936874,401.5,394–409
Goodreads,Manga,One Piece,63,"One Piece, Volume 63: Otohime and Tiger",4.36,6001,,602,33.388704318936874,401.5,394–409
Goodreads,Manga,One Piece,65,"One Piece, Volume 65: To Nothing",4.36,5984,,602,33.388704318936874,401.5,394–409
Goodreads,Fantasy — cycle principal,Stormlight Archive,5,Wind and Truth,4.36,162662,https://www.goodreads.com/series/49075-the-stormlight-archive,602,33.388704318936874,401.5,394–409
Goodreads,Fantasy — cycle principal,A Song of Ice and Fire,5,A Dance with Dragons,4.35,756350,https://www.goodreads.com/series/43790-a-song-of-ice-and-fire,602,30.980066445182725,416.0,410–422
Goodreads,Manga,Black Clover,20,ブラッククローバー 20,4.35,1328,,602,30.980066445182725,416.0,410–422
Goodreads,Manga,Black Clover,34,ブラッククローバー 34 [Black Clover 34],4.35,871,,602,30.980066445182725,416.0,410–422
Goodreads,Manga,Black Clover,4,ブラッククローバー 4 [Black Clover 4],4.35,2910,,602,30.980066445182725,416.0,410–422
Goodreads,Manga,Bleach,22,"Bleach, Volume 22",4.35,7177,,602,30.980066445182725,416.0,410–422
Goodreads,Manga,Fairy Tail,26,フェアリーテイル 26 [Fearī Teiru 26],4.35,3020,,602,30.980066445182725,416.0,410–422
Goodreads,Manga,Fairy Tail,53,フェアリーテイル 53 [Fearī Teiru 53],4.35,1826,,602,30.980066445182725,416.0,410–422
Goodreads,Manga,Fairy Tail,57,"Fairy Tail, Vol. 57",4.35,1704,,602,30.980066445182725,416.0,410–422
Goodreads,Manga,Magi,6,マギ 6,4.35,1748,,602,30.980066445182725,416.0,410–422
Goodreads,Manga,Naruto,18,"Naruto, Vol. 18: Tsunade's Choice",4.35,9967,,602,30.980066445182725,416.0,410–422
Goodreads,Manga,Naruto,59,NARUTO -ナルト- 巻ノ五十九,4.35,4809,,602,30.980066445182725,416.0,410–422
Goodreads,Manga,One Piece,13,"One Piece, Volume 13: It's All Right!",4.35,14457,,602,30.980066445182725,416.0,410–422
Goodreads,Manga,One Piece,48,"One Piece, Volume 48: Adventures of Oars",4.35,6647,,602,30.980066445182725,416.0,410–422
Goodreads,Manga,Bleach,24,"Bleach, Volume 24",4.34,6640,,602,28.903654485049834,428.5,423–434
Goodreads,Manga,Bleach,25,"Bleach, Volume 25",4.34,6334,,602,28.903654485049834,428.5,423–434
Goodreads,Manga,Bleach,3,"Bleach, Volume 03",4.34,18189,,602,28.903654485049834,428.5,423–434
Goodreads,Manga,Bleach,32,Bleach―ブリーチ― 32 [Burīchi 32],4.34,5102,,602,28.903654485049834,428.5,423–434
Goodreads,Manga,Fairy Tail,41,"Fairy Tail, Vol. 41",4.34,2503,,602,28.903654485049834,428.5,423–434
Goodreads,Manga,Jujutsu Kaisen,18,呪術廻戦 18 [Jujutsu Kaisen 18],4.34,14971,,602,28.903654485049834,428.5,423–434
Goodreads,Manga,Jujutsu Kaisen,20,呪術廻戦 20 [Jujutsu Kaisen 20],4.34,12352,,602,28.903654485049834,428.5,423–434
Goodreads,Manga,Magi,19,マギ 19,4.34,717,,602,28.903654485049834,428.5,423–434
Goodreads,Manga,Magi,4,マギ 4,4.34,1915,,602,28.903654485049834,428.5,423–434
Goodreads,Manga,Naruto,23,"Naruto, Vol. 23: Predicament",4.34,8769,,602,28.903654485049834,428.5,423–434
Goodreads,Manga,Naruto,34,"Naruto, Vol. 34: The Reunion",4.34,7476,,602,28.903654485049834,428.5,423–434
Goodreads,Manga,One Piece,26,"One Piece, Volume 26: Adventure on Kami's Island",4.34,9359,,602,28.903654485049834,428.5,423–434
Goodreads,Manga,Fairy Tail,51,フェアリーテイル 51 [Fearī Teiru 51],4.33,1894,,602,27.242524916943523,438.5,435–442
Goodreads,Manga,Fairy Tail,55,フェアリーテイル 55 [Fearī Teiru 55],4.33,1678,,602,27.242524916943523,438.5,435–442
Goodreads,Manga,Fairy Tail,59,フェアリーテイル 59 [Fearī Teiru 59],4.33,1542,,602,27.242524916943523,438.5,435–442
Goodreads,Manga,Magi,9,マギ 9,4.33,1254,,602,27.242524916943523,438.5,435–442
Goodreads,Manga,Naruto,67,NARUTO -ナルト- 67,4.33,4305,,602,27.242524916943523,438.5,435–442
Goodreads,Manga,One Piece,14,"One Piece, Volume 14: Instinct",4.33,13467,,602,27.242524916943523,438.5,435–442
Goodreads,Manga,One Piece,3,"One Piece, Volume 3: Don't Get Fooled Again",4.33,28794,,602,27.242524916943523,438.5,435–442
Goodreads,Manga,One Piece,4,"One Piece, Volume 4: The Black Cat Pirates",4.33,25591,,602,27.242524916943523,438.5,435–442
Goodreads,Manga,Bleach,23,"Bleach, Volume 23",4.32,7048,,602,25.0,452.0,443–461
Goodreads,Manga,Fairy Tail,1,"Fairy Tail, Vol. 01",4.32,133453,,602,25.0,452.0,443–461
Goodreads,Manga,Fairy Tail,54,フェアリーテイル 54 [Fearī Teiru 54],4.32,1723,,602,25.0,452.0,443–461
Goodreads,Manga,Fairy Tail,56,"Fairy Tail, Vol. 56",4.32,1802,,602,25.0,452.0,443–461
Goodreads,Manga,Fairy Tail,58,フェアリーテイル 58 [Fearī Teiru 58],4.32,1570,,602,25.0,452.0,443–461
Goodreads,Manga,Jujutsu Kaisen,23,呪術廻戦 23 [Jujutsu Kaisen 23],4.32,9347,,602,25.0,452.0,443–461
Goodreads,Manga,Magi,10,マギ 10,4.32,1105,,602,25.0,452.0,443–461
Goodreads,Manga,Magi,20,マギ 20,4.32,700,,602,25.0,452.0,443–461
Goodreads,Manga,Magi,22,マギ 22,4.32,683,,602,25.0,452.0,443–461
Goodreads,Manga,Magi,7,マギ 7,4.32,1284,,602,25.0,452.0,443–461
Goodreads,Manga,My Hero Academia,34,僕のヒーローアカデミア 34 [Boku no Hero Academia 34],4.32,4591,,602,25.0,452.0,443–461
Goodreads,Manga,Naruto,33,"Naruto, Vol. 33: The Secret Mission",4.32,7700,,602,25.0,452.0,443–461
Goodreads,Manga,Naruto,35,"Naruto, Vol. 35: The New Two",4.32,7249,,602,25.0,452.0,443–461
Goodreads,Manga,Naruto,38,NARUTO -ナルト- 巻ノ三十八,4.32,6303,,602,25.0,452.0,443–461
Goodreads,Manga,Naruto,55,NARUTO -ナルト- 55 巻ノ五十五,4.32,5469,,602,25.0,452.0,443–461
Goodreads,Manga,Naruto,69,NARUTO -ナルト- 69,4.32,4153,,602,25.0,452.0,443–461
Goodreads,Manga,Naruto,71,NARUTO -ナルト- 71,4.32,4235,,602,25.0,452.0,443–461
Goodreads,Manga,One Piece,27,"One Piece, Volume 27: Overture",4.32,9196,,602,25.0,452.0,443–461
Goodreads,Manga,One Piece,28,"One Piece, Volume 28: Wyper the Berserker",4.32,8661,,602,25.0,452.0,443–461
Goodreads,Manga,Black Clover,23,ブラッククローバー 23,4.31,1176,,602,22.425249169435215,467.5,462–473
Goodreads,Manga,Black Clover,9,ブラッククローバー 9 [Black Clover 9],4.31,2033,,602,22.425249169435215,467.5,462–473
Goodreads,Manga,Bleach,34,Bleach―ブリーチ― 34 [Burīchi 34],4.31,4844,,602,22.425249169435215,467.5,462–473
Goodreads,Manga,Bleach,47,Bleach―ブリーチ― 47 [Burīchi 47],4.31,4136,,602,22.425249169435215,467.5,462–473
Goodreads,Manga,Bleach,5,"Bleach, Volume 05",4.31,12359,,602,22.425249169435215,467.5,462–473
Goodreads,Manga,Bleach,57,Bleach―ブリーチ― 57 [Burīchi 57],4.31,3484,,602,22.425249169435215,467.5,462–473
Goodreads,Manga,Fairy Tail,42,フェアリーテイル 42 [Fearī Teiru 42],4.31,2206,,602,22.425249169435215,467.5,462–473
Goodreads,Manga,Magi,16,マギ 16,4.31,801,,602,22.425249169435215,467.5,462–473
Goodreads,Manga,Magi,18,マギ 18,4.31,717,,602,22.425249169435215,467.5,462–473
Goodreads,Manga,Naruto,56,NARUTO -ナルト 56- 巻ノ五十六,4.31,5655,,602,22.425249169435215,467.5,462–473
Goodreads,Manga,Naruto,70,NARUTO -ナルト- 70,4.31,4294,,602,22.425249169435215,467.5,462–473
Goodreads,Manga,One Piece,62,"One Piece, Volume 62: Adventure on Fish-Man Island",4.31,6120,,602,22.425249169435215,467.5,462–473
Goodreads,Manga,Black Clover,10,ブラッククローバー 10 [Black Clover 10],4.3,1969,,602,19.767441860465116,483.5,474–493
Goodreads,Manga,Black Clover,12,ブラッククローバー 12,4.3,1714,,602,19.767441860465116,483.5,474–493
Goodreads,Manga,Bleach,2,"Bleach, Volume 02",4.3,20530,,602,19.767441860465116,483.5,474–493
Goodreads,Manga,Bleach,21,"Bleach, Volume 21",4.3,8122,,602,19.767441860465116,483.5,474–493
Goodreads,Manga,Bleach,43,Bleach―ブリーチ― 43 [Burīchi 43],4.3,4773,,602,19.767441860465116,483.5,474–493
Goodreads,Manga,Bleach,45,Bleach―ブリーチ― 45 [Burīchi 45],4.3,3932,,602,19.767441860465116,483.5,474–493
Goodreads,Manga,Bleach,46,Bleach―ブリーチ― 46 [Burīchi 46],4.3,4074,,602,19.767441860465116,483.5,474–493
Goodreads,Manga,Bleach,60,"Bleach, Volume 60",4.3,3071,,602,19.767441860465116,483.5,474–493
Goodreads,Manga,Fairy Tail,52,フェアリーテイル 52 [Fearī Teiru 52],4.3,1813,,602,19.767441860465116,483.5,474–493
Goodreads,Manga,Fairy Tail,62,フェアリーテイル 62 [Fearī Teiru 62],4.3,1455,,602,19.767441860465116,483.5,474–493
Goodreads,Manga,Hunter × Hunter,33,"Hunter × Hunter, tome 33",4.3,3044,,602,19.767441860465116,483.5,474–493
Goodreads,Manga,Magi,15,マギ 15,4.3,860,,602,19.767441860465116,483.5,474–493
Goodreads,Manga,Magi,17,マギ 17,4.3,730,,602,19.767441860465116,483.5,474–493
Goodreads,Manga,Magi,2,"Magi: The Labyrinth of Magic, Volume 2",4.3,2377,,602,19.767441860465116,483.5,474–493
Goodreads,Manga,Magi,3,マギ 3,4.3,2001,,602,19.767441860465116,483.5,474–493
Goodreads,Manga,Naruto,39,Naruto 39: 動き出す者たち [Ugokidasu Mono-Tachi] 〈ナルト 巻ノ39〉,4.3,6486,,602,19.767441860465116,483.5,474–493
Goodreads,Manga,Naruto,49,"Naruto, Vol. 49: The Gokage Summit Commences",4.3,6254,,602,19.767441860465116,483.5,474–493
Goodreads,Manga,Naruto,52,NARUTO -ナルト- 52 巻ノ五十二,4.3,5475,,602,19.767441860465116,483.5,474–493
Goodreads,Manga,Naruto,57,NARUTO -ナルト- 巻ノ五十七,4.3,4839,,602,19.767441860465116,483.5,474–493
Goodreads,Manga,Naruto,68,NARUTO -ナルト- 68,4.3,4095,,602,19.767441860465116,483.5,474–493
Goodreads,Manga,Black Clover,13,ブラッククローバー 13,4.29,1681,,602,17.358803986710964,498.0,494–502
Goodreads,Manga,Bleach,10,"Bleach, Volume 10",4.29,9885,,602,17.358803986710964,498.0,494–502
Goodreads,Manga,Bleach,26,"Bleach, Volume 26",4.29,6849,,602,17.358803986710964,498.0,494–502
Goodreads,Manga,Bleach,30,"Bleach, Tome 30: There is No Heart Without You",4.29,5033,,602,17.358803986710964,498.0,494–502
Goodreads,Manga,Bleach,58,Bleach―ブリーチ― 58 [Burīchi 58],4.29,3261,,602,17.358803986710964,498.0,494–502
Goodreads,Manga,Bleach,59,Bleach―ブリーチ― 59 [Burīchi 59],4.29,3165,,602,17.358803986710964,498.0,494–502
Goodreads,Manga,Fairy Tail,61,フェアリーテイル 61 [Fearī Teiru 61],4.29,1483,,602,17.358803986710964,498.0,494–502
Goodreads,Manga,Naruto,32,"Naruto, Vol. 32: The Search for Sasuke",4.29,7599,,602,17.358803986710964,498.0,494–502
Goodreads,Manga,Naruto,50,NARUTO -ナルト- 50 巻ノ五十,4.29,5966,,602,17.358803986710964,498.0,494–502
Goodreads,Manga,Black Clover,3,ブラッククローバー 3 [Black Clover 3],4.28,3313,,602,15.780730897009967,507.5,503–512
Goodreads,Manga,Black Clover,7,ブラッククローバー 7 [Black Clover 7],4.28,2224,,602,15.780730897009967,507.5,503–512
Goodreads,Manga,Bleach,27,Bleach―ブリーチ― 27 [Burīchi 27],4.28,5689,,602,15.780730897009967,507.5,503–512
Goodreads,Manga,Bleach,41,Bleach―ブリーチ― 41 [Burīchi 41],4.28,4142,,602,15.780730897009967,507.5,503–512
Goodreads,Manga,Bleach,42,Bleach―ブリーチ― 42 [Burīchi 42],4.28,4445,,602,15.780730897009967,507.5,503–512
Goodreads,Manga,Fairy Tail,60,フェアリーテイル 60 [Fearī Teiru 60],4.28,1490,,602,15.780730897009967,507.5,503–512
Goodreads,Manga,Magi,12,マギ 12,4.28,897,,602,15.780730897009967,507.5,503–512
Goodreads,Manga,Magi,13,マギ 13,4.28,996,,602,15.780730897009967,507.5,503–512
Goodreads,Manga,Magi,24,マギ 24,4.28,614,,602,15.780730897009967,507.5,503–512
Goodreads,Manga,My Hero Academia,1,"My Hero Academia, Vol. 1",4.28,158465,,602,15.780730897009967,507.5,503–512
Goodreads,Manga,Bleach,1,"Bleach, Vol. 1",4.27,202888,,602,14.20265780730897,517.0,513–521
Goodreads,Manga,Bleach,4,"Bleach, Volume 04",4.27,15673,,602,14.20265780730897,517.0,513–521
Goodreads,Manga,Bleach,9,"Bleach, Volume 09",4.27,9770,,602,14.20265780730897,517.0,513–521
Goodreads,Manga,Hunter × Hunter,35,"Hunter × Hunter, tome 35",4.27,2266,,602,14.20265780730897,517.0,513–521
Goodreads,Manga,Hunter × Hunter,36,"Hunter × Hunter, tome 36",4.27,2034,,602,14.20265780730897,517.0,513–521
Goodreads,Manga,Hunter × Hunter,39,"Hunter × Hunter, tome 39",4.27,153,,602,14.20265780730897,517.0,513–521
Goodreads,Manga,Jujutsu Kaisen,28,呪術廻戦 28 [Jujutsu Kaisen 28],4.27,5496,,602,14.20265780730897,517.0,513–521
Goodreads,Manga,Naruto,54,NARUTO -ナルト- 54 巻ノ五十四,4.27,5216,,602,14.20265780730897,517.0,513–521
Goodreads,Fantasy — cycle principal,The Witcher,0.2,Sword of Destiny,4.27,234305,https://www.goodreads.com/series/306126-the-witcher,602,14.20265780730897,517.0,513–521
Goodreads,Manga,Bleach,35,Bleach―ブリーチ― 35 [Burīchi 35],4.26,4441,,602,12.956810631229235,524.5,522–527
Goodreads,Manga,Magi,11,マギ 11,4.26,930,,602,12.956810631229235,524.5,522–527
Goodreads,Manga,Magi,23,マギ 23,4.26,632,,602,12.956810631229235,524.5,522–527
Goodreads,Manga,Magi,27,マギ 27,4.26,525,,602,12.956810631229235,524.5,522–527
Goodreads,Manga,My Hero Academia,19,僕のヒーローアカデミア 19 [Boku No Hero Academia 19],4.26,8584,,602,12.956810631229235,524.5,522–527
Goodreads,Fantasy — cycle principal,The Witcher,3,Baptism of Fire,4.26,153351,https://www.goodreads.com/series/306126-the-witcher,602,12.956810631229235,524.5,522–527
Goodreads,Manga,Black Clover,5,ブラッククローバー 5 [Black Clover 5],4.25,2590,,602,12.209302325581396,529.0,528–530
Goodreads,Manga,Magi,26,マギ 26,4.25,554,,602,12.209302325581396,529.0,528–530
Goodreads,Manga,Magi,28,マギ 28,4.25,507,,602,12.209302325581396,529.0,528–530
Goodreads,Manga,Black Clover,2,ブラッククローバー 2 [Black Clover 2],4.24,4120,,602,11.544850498338871,533.0,531–535
Goodreads,Manga,Black Clover,37,ブラッククローバー 37 [Black Clover 37],4.24,295,,602,11.544850498338871,533.0,531–535
Goodreads,Manga,Bleach,33,Bleach―ブリーチ― 33 [Burīchi 33],4.24,4470,,602,11.544850498338871,533.0,531–535
Goodreads,Manga,Magi,14,マギ 14,4.24,825,,602,11.544850498338871,533.0,531–535
Goodreads,Manga,Magi,21,マギ 21,4.24,713,,602,11.544850498338871,533.0,531–535
Goodreads,Manga,Bleach,28,"Bleach, Volume 28",4.23,5627,,602,10.96345514950166,536.5,536–537
Goodreads,Manga,Hunter × Hunter,38,"Hunter × Hunter, tome 38",4.23,622,,602,10.96345514950166,536.5,536–537
Goodreads,Manga,Bleach,31,Bleach 31: Bring mich nicht um mein Vergnügen,4.22,4710,,602,10.382059800664452,540.0,538–542
Goodreads,Manga,Bleach,37,Bleach―ブリーチ― 37 [Burīchi 37],4.22,4174,,602,10.382059800664452,540.0,538–542
Goodreads,Manga,Bleach,44,Bleach―ブリーチ― 44 [Burīchi 44],4.22,3880,,602,10.382059800664452,540.0,538–542
Goodreads,Manga,Magi,25,マギ 25,4.22,576,,602,10.382059800664452,540.0,538–542
Goodreads,Fantasy — cycle principal,The Witcher,4,The Tower of the Swallow,4.22,129871,https://www.goodreads.com/series/306126-the-witcher,602,10.382059800664452,540.0,538–542
Goodreads,Manga,Jujutsu Kaisen,29,呪術廻戦 29 [Jujutsu Kaisen 29],4.21,4829,,602,9.800664451827242,543.5,543–544
Goodreads,Manga,Magi,31,マギ 31,4.21,449,,602,9.800664451827242,543.5,543–544
Goodreads,Manga,Bleach,39,Bleach―ブリーチ― 39 [Burīchi 39],4.2,3961,,602,9.385382059800664,546.0,545–547
Goodreads,Manga,Bleach,55,Bleach―ブリーチ― 55 [Burīchi 55],4.2,3556,,602,9.385382059800664,546.0,545–547
Goodreads,Manga,Magi,1,マギ 1,4.2,6404,,602,9.385382059800664,546.0,545–547
Goodreads,Manga,Bleach,29,"Bleach, Volume 29",4.19,5232,,602,8.887043189368772,549.0,548–550
Goodreads,Manga,Hunter × Hunter,37,"Hunter × Hunter, tome 37",4.19,1470,,602,8.887043189368772,549.0,548–550
Goodreads,Manga,Magi,29,マギ 29,4.19,486,,602,8.887043189368772,549.0,548–550
Goodreads,Fantasy — cycle principal,A Song of Ice and Fire,4,A Feast for Crows,4.18,813469,https://www.goodreads.com/series/43790-a-song-of-ice-and-fire,602,8.305647840531561,552.5,551–554
Goodreads,Manga,Bleach,38,Bleach―ブリーチ― 38 [Burīchi 38],4.18,3836,,602,8.305647840531561,552.5,551–554
Goodreads,Manga,Bleach,56,Bleach―ブリーチ― 56 [Burīchi 56],4.18,3275,,602,8.305647840531561,552.5,551–554
Goodreads,Manga,Magi,32,マギ 32,4.18,440,,602,8.305647840531561,552.5,551–554
Goodreads,Manga,Jujutsu Kaisen,21,呪術廻戦 21 [Jujutsu Kaisen 21],4.17,11670,,602,7.807308970099668,555.5,555–556
Goodreads,Manga,Magi,30,マギ 30,4.17,476,,602,7.807308970099668,555.5,555–556
Goodreads,Manga,Bleach,61,Bleach―ブリーチ― 61 [Burīchi 61],4.16,2794,,602,7.475083056478406,557.5,557–558
Goodreads,Fantasy — cycle principal,The Witcher,2,The Time of Contempt,4.16,182730,https://www.goodreads.com/series/306126-the-witcher,602,7.475083056478406,557.5,557–558
Goodreads,Manga,Black Clover,1,ブラッククローバー 1 [Black Clover 1],4.15,7979,,602,7.059800664451827,560.0,559–561
Goodreads,Manga,Bleach,49,Bleach―ブリーチ― 49 [Burīchi 49],4.15,4132,,602,7.059800664451827,560.0,559–561
Goodreads,Manga,Bleach,63,Bleach―ブリーチ― 63 [Burīchi 63],4.15,2683,,602,7.059800664451827,560.0,559–561
Goodreads,Fantasy — cycle principal,The Witcher,0.1,The Last Wish,4.14,436557,https://www.goodreads.com/series/306126-the-witcher,602,6.7275747508305646,562.0,562
Goodreads,Manga,Bleach,73,Bleach―ブリーチ― 73 [Burīchi 73],4.13,2276,,602,6.4784053156146175,563.5,563–564
Goodreads,Manga,One Piece,33,"One Piece, Volume 33: Davy Back Fight",4.13,8268,,602,6.4784053156146175,563.5,563–564
Goodreads,Manga,Bleach,52,Bleach―ブリーチ― 52 [Burīchi 52],4.12,3294,,602,6.229235880398671,565.0,565
Goodreads,Manga,Bleach,54,Bleach―ブリーチ― 54 [Burīchi 54],4.11,3159,,602,5.980066445182724,566.5,566–567
Goodreads,Manga,Bleach,62,Bleach―ブリーチ― 62 [Burīchi 62],4.11,2701,,602,5.980066445182724,566.5,566–567
Goodreads,Manga,Bleach,64,Bleach―ブリーチ― 64 [Burīchi 64],4.1,2605,,602,5.647840531561462,568.5,568–569
Goodreads,Fantasy — cycle principal,The Witcher,1,Blood of Elves,4.1,259417,https://www.goodreads.com/series/306126-the-witcher,602,5.647840531561462,568.5,568–569
Goodreads,Manga,Bleach,53,Bleach―ブリーチ― 53 [Burīchi 53],4.09,3323,,602,5.398671096345515,570.0,570
Goodreads,Manga,Bleach,71,Bleach―ブリーチ― 71 [Burīchi 71],4.08,2284,,602,5.149501661129568,571.5,571–572
Goodreads,Fantasy — cycle principal,The Witcher,5,The Lady of the Lake,4.08,106091,https://www.goodreads.com/series/306126-the-witcher,602,5.149501661129568,571.5,571–572
Goodreads,Manga,Magi,33,マギ 33,4.06,427,,602,4.900332225913621,573.0,573
Goodreads,Manga,Black Clover,38,ブラッククローバー 38,4.05,44,,602,4.651162790697675,574.5,574–575
Goodreads,Manga,Bleach,72,Bleach―ブリーチ― 72 [Burīchi 72],4.05,2266,,602,4.651162790697675,574.5,574–575
Goodreads,Manga,Bleach,50,Bleach―ブリーチ― 50 [Burīchi 50],4.04,3551,,602,4.318936877076412,576.5,576–577
Goodreads,Manga,Bleach,67,Bleach―ブリーチ― 67 [Burīchi 67],4.04,2400,,602,4.318936877076412,576.5,576–577
Goodreads,Manga,Bleach,68,Bleach―ブリーチ― 68 [Burīchi 68],4.02,2366,,602,3.820598006644518,579.5,578–581
Goodreads,Manga,Bleach,69,Bleach―ブリーチ― 69 [Burīchi 69],4.02,2345,,602,3.820598006644518,579.5,578–581
Goodreads,Manga,Bleach,70,Bleach―ブリーチ― 70 [Burīchi 70],4.02,2322,,602,3.820598006644518,579.5,578–581
Goodreads,Manga,Magi,34,マギ 34,4.02,403,,602,3.820598006644518,579.5,578–581
Goodreads,Manga,Bleach,65,Bleach―ブリーチ― 65 [Burīchi 65],4.01,2553,,602,3.2392026578073088,583.0,582–584
Goodreads,Manga,Jujutsu Kaisen,27,呪術廻戦 27 [Jujutsu Kaisen 27],4.01,5793,,602,3.2392026578073088,583.0,582–584
Goodreads,Arthur — texte fondateur,Légende arthurienne — textes fondateurs,v. 1250,La Mort du roi Arthur (Mort Artu),4.01,1726,https://www.goodreads.com/book/show/6044635,602,3.2392026578073088,583.0,582–584
Goodreads,Manga,Bleach,51,Bleach―ブリーチ― 51 [Burīchi 51],4.0,3321,,602,2.823920265780731,585.5,585–586
Goodreads,Manga,Jujutsu Kaisen,30,呪術廻戦 30 [Jujutsu Kaisen 30],4.0,4848,,602,2.823920265780731,585.5,585–586
Goodreads,Manga,Bleach,66,Bleach―ブリーチ― 66 [Burīchi 66],3.97,2488,,602,2.574750830564784,587.0,587
Goodreads,Manga,Bleach,74,Bleach―ブリーチ― 74 [Burīchi 74],3.95,2580,,602,2.4086378737541527,588.0,588
Goodreads,Arthur — texte fondateur,Légende arthurienne — textes fondateurs,XIIIe s.,Les quatre branches du Mabinogi et autres contes gallois,3.92,8902,https://www.goodreads.com/book/show/455219.The_Mabinogion,602,2.2425249169435215,589.0,589
Goodreads,Arthur — texte fondateur,Légende arthurienne — textes fondateurs,1485,Le Morte d'Arthur,3.91,40103,https://www.goodreads.com/book/show/672875.Le_Morte_d_Arthur,602,1.9933554817275747,590.5,590–591
Goodreads,Arthur — texte fondateur,Légende arthurienne — textes fondateurs,v. 1230,La Quête du Saint-Graal,3.91,2345,https://www.goodreads.com/book/show/229724.The_Quest_of_the_Holy_Grail,602,1.9933554817275747,590.5,590–591
Goodreads,Manga,Magi,35,マギ 35,3.9,403,,602,1.744186046511628,592.0,592
Goodreads,Manga,Magi,37,マギ 37,3.88,426,,602,1.5780730897009967,593.0,593
Goodreads,Manga,Magi,36,マギ 36,3.84,393,,602,1.4119601328903655,594.0,594
Goodreads,Arthur — texte fondateur,Légende arthurienne — textes fondateurs,fin XIVe s.,Sire Gauvain et le Chevalier vert,3.76,81476,https://www.goodreads.com/book/show/3049.Sir_Gawain_and_the_Green_Knight,602,1.2458471760797343,595.0,595
Goodreads,Arthur — texte fondateur,Légende arthurienne — textes fondateurs,v. 1200–1210,Parzival,3.73,4037,https://www.goodreads.com/book/show/560089.Parzival,602,1.079734219269103,596.0,596
Goodreads,Arthur — texte fondateur,Légende arthurienne — textes fondateurs,v. 1136,Historia Regum Britanniae — History of the Kings of Britain,3.71,6978,https://www.goodreads.com/book/show/129521.The_History_of_the_Kings_of_Britain,602,0.9136212624584718,597.0,597
Goodreads,Arthur — texte fondateur,Légende arthurienne — textes fondateurs,v. 1176,Cligès,3.62,505,https://www.goodreads.com/book/show/2575136,602,0.7475083056478405,598.0,598
Goodreads,Arthur — texte fondateur,Légende arthurienne — textes fondateurs,v. 1170,Erec et Enide,3.59,1652,https://www.goodreads.com/book/show/544867.Erec_and_Enide,602,0.5813953488372093,599.0,599
Goodreads,Arthur — texte fondateur,Légende arthurienne — textes fondateurs,v. 1180–1190,Perceval ou le Conte du Graal,3.58,3713,https://www.goodreads.com/book/show/1770392.Perceval,602,0.4152823920265781,600.0,600
Goodreads,Arthur — texte fondateur,Légende arthurienne — textes fondateurs,v. 1181,Lancelot ou le Chevalier de la Charrette,3.56,3970,https://www.goodreads.com/book/show/129898.Lancelot_The_Knight_of_the_Cart,602,0.24916943521594684,601.0,601
Goodreads,Arthur — texte fondateur,Légende arthurienne — textes fondateurs,v. 1176,Yvain ou le Chevalier au lion,3.54,4477,https://www.goodreads.com/book/show/366629,602,0.08305647840531562,602.0,602
SensCritique,Web-serial,Parahumans,1,Worm,9.7,11,https://www.senscritique.com/livre/Worm/38052934,599,99.91652754590984,1.0,1
SensCritique,Manga,One Piece,59,"La Mort de Portgas D. Ace - One Piece, tome 59",8.7,629,https://www.senscritique.com/bd/la_mort_de_portgas_d_ace_one_piece_tome_59/17476688,599,99.74958263772955,2.0,2
SensCritique,Manga,One Piece,58,"L'Ère de Barbe Blanche - One Piece, tome 58",8.6,602,https://www.senscritique.com/bd/l_ere_de_barbe_blanche_one_piece_tome_58/17476682,599,99.49916527545909,3.5,3–4
SensCritique,Fantasy — cycle principal,The Lord of the Rings,3,Le Retour du Roi,8.6,3463,https://www.senscritique.com/livre/le_retour_du_roi/8322141,599,99.49916527545909,3.5,3–4
SensCritique,Fantasy — cycle principal,A Song of Ice and Fire,3,Le Trône de fer — Intégrale 3,8.5,3965,https://www.senscritique.com/groupe/Le_Trone_de_fer/2845,599,99.1652754590985,5.5,5–6
SensCritique,Manga,One Piece,57,"Guerre au sommet - One Piece, tome 57",8.5,570,https://www.senscritique.com/bd/guerre_au_sommet_one_piece_tome_57/17476678,599,99.1652754590985,5.5,5–6
SensCritique,Fantasy — cycle principal,Stormlight Archive,2,Le Livre des Radieux,8.445670628183361,589,https://www.senscritique.com/groupe/les_archives_de_roshar/46557,599,98.91485809682804,7.0,7
SensCritique,Manga,Fullmetal Alchemist,27,"Fullmetal Alchemist, tome 27",8.4,299,https://www.senscritique.com/bd/fullmetal_alchemist_tome_27/12986443,599,98.58096828046745,9.0,8–10
SensCritique,Manga,One Piece,41,"Déclaration de guerre - One Piece, tome 41",8.4,593,https://www.senscritique.com/bd/declaration_de_guerre_one_piece_tome_41/220658,599,98.58096828046745,9.0,8–10
SensCritique,Manga,One Piece,44,"""Rentrons"" - One Piece, tome 44",8.4,593,https://www.senscritique.com/bd/rentrons_one_piece_tome_44/17476610,599,98.58096828046745,9.0,8–10
SensCritique,Fantasy — cycle principal,A Song of Ice and Fire,2,Le Trône de fer — Intégrale 2,8.3,3907,https://www.senscritique.com/groupe/Le_Trone_de_fer/2845,599,97.6627712854758,14.5,11–18
SensCritique,Manga,Fullmetal Alchemist,25,"Fullmetal Alchemist, tome 25",8.3,260,https://www.senscritique.com/bd/fullmetal_alchemist_tome_25/12986441,599,97.6627712854758,14.5,11–18
SensCritique,Manga,Jujutsu Kaisen,14,"Le Drame de Shibuya : Le Bien et le Mal - Jujutsu Kaisen, tome 14",8.3,189,https://www.senscritique.com/bd/le_drame_de_shibuya_le_bien_et_le_mal_jujutsu_kaisen_tome_14/43749365,599,97.6627712854758,14.5,11–18
SensCritique,Manga,Jujutsu Kaisen,15,"Le Drame de Shibuya : Transformation - Jujutsu Kaisen, tome 15",8.3,182,https://www.senscritique.com/bd/le_drame_de_shibuya_transformation_jujutsu_kaisen_tome_15/44290421,599,97.6627712854758,14.5,11–18
SensCritique,Manga,My Hero Academia,11,"La Fin du commencement et le commencement de la fin - My Hero Academia, tome 11",8.3,310,https://www.senscritique.com/bd/la_fin_du_commencement_et_le_commencement_de_la_fin_my_hero_academia_tome_11/25831078,599,97.6627712854758,14.5,11–18
SensCritique,Manga,My Hero Academia,29,"Katsuki Bakugo : L'Envol - My Hero Academia, tome 29",8.3,176,https://www.senscritique.com/bd/Katsuki_Bakugo_L_Envol_My_Hero_Academia_tome_29/43732783,599,97.6627712854758,14.5,11–18
SensCritique,Fantasy — cycle principal,The Lord of the Rings,1,La Communauté de l’Anneau,8.3,7357,https://www.senscritique.com/livre/La_Communaute_de_l_Anneau_Le_Seigneur_des_anneaux_1/8957375,599,97.6627712854758,14.5,11–18
SensCritique,Fantasy — cycle principal,The Lord of the Rings,2,Les Deux Tours,8.3,6563,https://www.senscritique.com/livre/Les_Deux_Tours_Le_Seigneur_des_anneaux_2/8315223,599,97.6627712854758,14.5,11–18
SensCritique,Manga,Fullmetal Alchemist,23,"Fullmetal Alchemist, tome 23",8.2,260,https://www.senscritique.com/bd/fullmetal_alchemist_tome_23/12986439,599,96.32721202003339,22.5,19–26
SensCritique,Fantasy — cycle principal,Kingkiller Chronicle,2,La Peur du sage,8.2,1755,https://www.senscritique.com/groupe/Chronique_du_tueur_de_roi/3120,599,96.32721202003339,22.5,19–26
SensCritique,Arthur — texte fondateur,Légende arthurienne — textes fondateurs,fin XIVe s.,Sire Gauvain et le Chevalier vert,8.2,40,https://www.senscritique.com/livre/sire_gauvain_et_le_chevalier_vert/394266,599,96.32721202003339,22.5,19–26
SensCritique,Manga,My Hero Academia,17,"Lemillion - My Hero Academia, tome 17",8.2,223,https://www.senscritique.com/bd/lemillion_my_hero_academia_tome_17/29968413,599,96.32721202003339,22.5,19–26
SensCritique,Manga,One Piece,114,"L'Incident de God Valley - One Piece, tome 114",8.2,48,https://www.senscritique.com/bd/l_incident_de_god_valley_one_piece_tome_114/135021501,599,96.32721202003339,22.5,19–26
SensCritique,Manga,One Piece,40,"Gear - One Piece, tome 40",8.2,568,https://www.senscritique.com/bd/gear_one_piece_tome_40/129958,599,96.32721202003339,22.5,19–26
SensCritique,Manga,One Piece,52,"Roger & Rayleigh - One Piece, tome 52",8.2,514,https://www.senscritique.com/bd/roger_rayleigh_one_piece_tome_52/17476643,599,96.32721202003339,22.5,19–26
SensCritique,Manga,One Piece,96,"Bouillir, tel est le propre du Oden - One Piece, tome 96",8.2,359,https://www.senscritique.com/bd/bouillir_tel_est_le_propre_du_oden_one_piece_tome_96/41655692,599,96.32721202003339,22.5,19–26
SensCritique,Fantasy — cycle principal,A Song of Ice and Fire,1,Le Trône de fer — Intégrale 1,8.1,8619,https://www.senscritique.com/groupe/Le_Trone_de_fer/2845,599,94.32387312186978,34.5,27–42
SensCritique,Manga,Fullmetal Alchemist,13,"Fullmetal Alchemist, tome 13",8.1,285,https://www.senscritique.com/bd/fullmetal_alchemist_tome_13/12986429,599,94.32387312186978,34.5,27–42
SensCritique,Manga,Fullmetal Alchemist,15,"Fullmetal Alchemist, tome 15",8.1,284,https://www.senscritique.com/bd/fullmetal_alchemist_tome_15/12986431,599,94.32387312186978,34.5,27–42
SensCritique,Manga,Fullmetal Alchemist,19,"Fullmetal Alchemist, tome 19",8.1,265,https://www.senscritique.com/bd/fullmetal_alchemist_tome_19/12986435,599,94.32387312186978,34.5,27–42
SensCritique,Manga,Fullmetal Alchemist,22,"Fullmetal Alchemist, tome 22",8.1,259,https://www.senscritique.com/bd/fullmetal_alchemist_tome_22/12986438,599,94.32387312186978,34.5,27–42
SensCritique,Manga,Fullmetal Alchemist,24,"Fullmetal Alchemist, tome 24",8.1,264,https://www.senscritique.com/bd/fullmetal_alchemist_tome_24/12986440,599,94.32387312186978,34.5,27–42
SensCritique,Manga,Fullmetal Alchemist,26,"Fullmetal Alchemist, tome 26",8.1,265,https://www.senscritique.com/bd/fullmetal_alchemist_tome_26/12986442,599,94.32387312186978,34.5,27–42
SensCritique,Manga,Hunter × Hunter,11,"4 septembre - Hunter X Hunter, tome 11",8.1,243,https://www.senscritique.com/bd/4_septembre_hunter_x_hunter_tome_11/17264831,599,94.32387312186978,34.5,27–42
SensCritique,Manga,Jujutsu Kaisen,10,"La Veille de la fête - Jujutsu Kaisen, tome 10",8.1,199,https://www.senscritique.com/bd/la_veille_de_la_fete_jujutsu_kaisen_tome_10/42311760,599,94.32387312186978,34.5,27–42
SensCritique,Fantasy — cycle principal,Kingkiller Chronicle,1,Le Nom du vent,8.1,2303,https://www.senscritique.com/groupe/Chronique_du_tueur_de_roi/3120,599,94.32387312186978,34.5,27–42
SensCritique,Manga,My Hero Academia,28,"Destruction massive - My Hero Academia, tome 28",8.1,179,https://www.senscritique.com/bd/Destruction_massive_My_Hero_Academia_tome_28/42830863,599,94.32387312186978,34.5,27–42
SensCritique,Manga,My Hero Academia,30,"Danse macabre - My Hero Academia, tome 30",8.1,155,https://www.senscritique.com/bd/Danse_macabre_My_Hero_Academia_tome_30/44507280,599,94.32387312186978,34.5,27–42
SensCritique,Manga,One Piece,107,"Le Héros de la légende - One Piece, tome 107",8.1,195,https://www.senscritique.com/bd/le_heros_de_la_legende_one_piece_tome_107/62819830,599,94.32387312186978,34.5,27–42
SensCritique,Manga,One Piece,109,"Toujours de ton côté - One Piece, tome 109",8.1,156,https://www.senscritique.com/bd/toujours_de_ton_cote_one_piece_tome_109/94412288,599,94.32387312186978,34.5,27–42
SensCritique,Manga,One Piece,36,"Justice N°9 - One Piece, tome 36",8.1,553,https://www.senscritique.com/bd/justice_ndeg9_one_piece_tome_36/42197,599,94.32387312186978,34.5,27–42
SensCritique,Manga,One Piece,43,"La Légende du héros - One Piece, tome 43",8.1,536,https://www.senscritique.com/bd/la_legende_du_heros_one_piece_tome_43/17476609,599,94.32387312186978,34.5,27–42
SensCritique,Fantasy — cycle principal,Stormlight Archive,1,La Voie des rois,8.098015122873347,1058,https://www.senscritique.com/groupe/les_archives_de_roshar/46557,599,92.90484140233723,43.0,43
SensCritique,Fantasy — cycle principal,Stormlight Archive,5,Vent et vérité,8.086206896551724,58,https://www.senscritique.com/groupe/les_archives_de_roshar/46557,599,92.73789649415693,44.0,44
SensCritique,Fantasy — cycle principal,Stormlight Archive,4,Rythme de guerre,8.0275,200,https://www.senscritique.com/groupe/les_archives_de_roshar/46557,599,92.57095158597663,45.0,45
SensCritique,Fantasy — cycle principal,A Song of Ice and Fire,5,Le Trône de fer — Intégrale 5,8.0,2073,https://www.senscritique.com/groupe/Le_Trone_de_fer/2845,599,90.81803005008348,55.5,46–65
SensCritique,Manga,Fullmetal Alchemist,10,"Fullmetal Alchemist, tome 10",8.0,307,https://www.senscritique.com/bd/fullmetal_alchemist_tome_10/12986426,599,90.81803005008348,55.5,46–65
SensCritique,Manga,Fullmetal Alchemist,11,"Fullmetal Alchemist, tome 11",8.0,294,https://www.senscritique.com/bd/fullmetal_alchemist_tome_11/12986427,599,90.81803005008348,55.5,46–65
SensCritique,Manga,Fullmetal Alchemist,12,"Fullmetal Alchemist, tome 12",8.0,293,https://www.senscritique.com/bd/fullmetal_alchemist_tome_12/12986428,599,90.81803005008348,55.5,46–65
SensCritique,Manga,Fullmetal Alchemist,17,"Fullmetal Alchemist, tome 17",8.0,271,https://www.senscritique.com/bd/fullmetal_alchemist_tome_17/12986433,599,90.81803005008348,55.5,46–65
SensCritique,Manga,Fullmetal Alchemist,21,"Fullmetal Alchemist, tome 21",8.0,256,https://www.senscritique.com/bd/fullmetal_alchemist_tome_21/12986437,599,90.81803005008348,55.5,46–65
SensCritique,Manga,Jujutsu Kaisen,11,"Le Drame de Shibuya : Ouverture - Jujutsu Kaisen, tome 11",8.0,196,https://www.senscritique.com/bd/le_drame_de_shibuya_ouverture_jujutsu_kaisen_tome_11/42311761,599,90.81803005008348,55.5,46–65
SensCritique,Manga,Jujutsu Kaisen,13,"Le Drame de Shibuya : Tonnerre - Jujutsu Kaisen, tome 13",8.0,191,https://www.senscritique.com/bd/le_drame_de_shibuya_tonnerre_jujutsu_kaisen_tome_13/43116623,599,90.81803005008348,55.5,46–65
SensCritique,Manga,Jujutsu Kaisen,16,"Le Drame de Shibuya : Fermeture - Jujutsu Kaisen, tome 16",8.0,169,https://www.senscritique.com/bd/le_drame_de_shibuya_fermeture_jujutsu_kaisen_tome_16/44883308,599,90.81803005008348,55.5,46–65
SensCritique,Manga,Jujutsu Kaisen,9,"Mort prématurée - Jujutsu Kaisen, tome 9",8.0,209,https://www.senscritique.com/bd/mort_prematuree_jujutsu_kaisen_tome_9/41191248,599,90.81803005008348,55.5,46–65
SensCritique,Arthur — texte fondateur,Légende arthurienne — textes fondateurs,1485,Le Roman du Roi Arthur... (Le Morte d'Arthur),8.0,34,https://www.senscritique.com/livre/le_roman_du_roi_arthur_et_de_ses_chevaliers_de_la_table_ronde/19355884,599,90.81803005008348,55.5,46–65
SensCritique,Arthur — texte fondateur,Légende arthurienne — textes fondateurs,v. 1200–1210,Parzival,8.0,11,https://www.senscritique.com/livre/parzival/470906,599,90.81803005008348,55.5,46–65
SensCritique,Manga,My Hero Academia,27,"One's Justice - My Hero Academia, tome 27",8.0,175,https://www.senscritique.com/bd/One_s_Justice_My_Hero_Academia_tome_27/42475323,599,90.81803005008348,55.5,46–65
SensCritique,Manga,One Piece,35,"Capitaine - One Piece, tome 35",8.0,563,https://www.senscritique.com/bd/capitaine_one_piece_tome_35/83810,599,90.81803005008348,55.5,46–65
SensCritique,Manga,One Piece,37,"Tom - One Piece, tome 37",8.0,551,https://www.senscritique.com/bd/tom_one_piece_tome_37/48075,599,90.81803005008348,55.5,46–65
SensCritique,Manga,One Piece,42,"Les Pirates contre le CP9 - One Piece, tome 42",8.0,539,https://www.senscritique.com/bd/les_pirates_contre_le_cp9_one_piece_tome_42/17476605,599,90.81803005008348,55.5,46–65
SensCritique,Manga,One Piece,45,"Je comprends ce que vous ressentez - One Piece, tome 45",8.0,531,https://www.senscritique.com/bd/je_comprends_ce_que_vous_ressentez_one_piece_tome_45/17476611,599,90.81803005008348,55.5,46–65
SensCritique,Manga,One Piece,51,"Les Onze Supernovae - One Piece, tome 51",8.0,515,https://www.senscritique.com/bd/les_onze_supernovae_one_piece_tome_51/17476641,599,90.81803005008348,55.5,46–65
SensCritique,Manga,One Piece,56,"Merci pour tout - One Piece, tome 56",8.0,504,https://www.senscritique.com/bd/merci_pour_tout_one_piece_tome_56/17476669,599,90.81803005008348,55.5,46–65
SensCritique,Manga,One Piece,60,"Petit frère - One Piece, tome 60",8.0,530,https://www.senscritique.com/bd/petit_frere_one_piece_tome_60/17476692,599,90.81803005008348,55.5,46–65
SensCritique,Manga,Fullmetal Alchemist,14,"Fullmetal Alchemist, tome 14",7.9,279,https://www.senscritique.com/bd/fullmetal_alchemist_tome_14/12986430,599,87.31218697829716,76.5,66–87
SensCritique,Manga,Fullmetal Alchemist,18,"Fullmetal Alchemist, tome 18",7.9,268,https://www.senscritique.com/bd/fullmetal_alchemist_tome_18/12986434,599,87.31218697829716,76.5,66–87
SensCritique,Manga,Fullmetal Alchemist,20,"Fullmetal Alchemist, tome 20",7.9,265,https://www.senscritique.com/bd/fullmetal_alchemist_tome_20/12986436,599,87.31218697829716,76.5,66–87
SensCritique,Manga,Fullmetal Alchemist,4,"Fullmetal Alchemist, tome 4",7.9,388,https://www.senscritique.com/bd/fullmetal_alchemist_tome_4/12986420,599,87.31218697829716,76.5,66–87
SensCritique,Manga,Fullmetal Alchemist,7,"Fullmetal Alchemist, tome 7",7.9,349,https://www.senscritique.com/bd/fullmetal_alchemist_tome_7/12986423,599,87.31218697829716,76.5,66–87
SensCritique,Manga,Fullmetal Alchemist,9,"Fullmetal Alchemist, tome 9",7.9,323,https://www.senscritique.com/bd/fullmetal_alchemist_tome_9/12986425,599,87.31218697829716,76.5,66–87
SensCritique,Manga,Hunter × Hunter,10,"3 septembre - Hunter X Hunter, tome 10",7.9,248,https://www.senscritique.com/bd/3_septembre_hunter_x_hunter_tome_10/17257487,599,87.31218697829716,76.5,66–87
SensCritique,Manga,Hunter × Hunter,29,"Hunter X Hunter, tome 29",7.9,207,https://www.senscritique.com/bd/hunter_x_hunter_tome_29/17265939,599,87.31218697829716,76.5,66–87
SensCritique,Manga,Hunter × Hunter,9,"1er septembre - Hunter X Hunter, tome 9",7.9,252,https://www.senscritique.com/bd/1er_septembre_hunter_x_hunter_tome_9/17257486,599,87.31218697829716,76.5,66–87
SensCritique,Arthur — texte fondateur,Légende arthurienne — textes fondateurs,XIIIe s.,Les quatre branches du Mabinogi et autres contes gallois,7.9,14,https://www.senscritique.com/livre/les_quatre_branches_du_mabinogi_et_autres_contes_gallois/107405,599,87.31218697829716,76.5,66–87
SensCritique,Manga,My Hero Academia,10,"All For One - My Hero Academia, tome 10",7.9,322,https://www.senscritique.com/bd/all_for_one_my_hero_academia_tome_10/25240871,599,87.31218697829716,76.5,66–87
SensCritique,Manga,One Piece,103,"Le Guerrier libérateur - One Piece, tome 103",7.9,256,https://www.senscritique.com/bd/le_guerrier_liberateur_one_piece_tome_103/49288332,599,87.31218697829716,76.5,66–87
SensCritique,Manga,One Piece,22,"Hope ! - One Piece, tome 22",7.9,628,https://www.senscritique.com/bd/hope_one_piece_tome_22/17475463,599,87.31218697829716,76.5,66–87
SensCritique,Manga,One Piece,23,"L'Aventure de Vivi - One Piece, tome 23",7.9,617,https://www.senscritique.com/bd/l_aventure_de_vivi_one_piece_tome_23/17475501,599,87.31218697829716,76.5,66–87
SensCritique,Manga,One Piece,38,"Rocketman ! - One Piece, tome 38",7.9,547,https://www.senscritique.com/bd/rocketman_one_piece_tome_38/101355,599,87.31218697829716,76.5,66–87
SensCritique,Manga,One Piece,39,"Compétition - One Piece, tome 39",7.9,551,https://www.senscritique.com/bd/competition_one_piece_tome_39/135865,599,87.31218697829716,76.5,66–87
SensCritique,Manga,One Piece,54,"Plus personne ne m'arrêtera - One Piece, tome 54",7.9,493,https://www.senscritique.com/bd/plus_personne_ne_m_arretera_one_piece_tome_54/17476650,599,87.31218697829716,76.5,66–87
SensCritique,Manga,One Piece,61,"À l'aube d'une grande aventure dans le Nouveau Monde - One Piece, tome 61",7.9,551,https://www.senscritique.com/bd/a_l_aube_d_une_grande_aventure_dans_le_nouveau_monde_one_piece_tome_61/10455896,599,87.31218697829716,76.5,66–87
SensCritique,Manga,One Piece,78,"L'Icône du mal - One Piece, tome 78",7.9,462,https://www.senscritique.com/bd/l_icone_du_mal_one_piece_tome_78/19736385,599,87.31218697829716,76.5,66–87
SensCritique,Manga,One Piece,79,"Lucy - One Piece, tome 79",7.9,462,https://www.senscritique.com/bd/lucy_one_piece_tome_79/21871068,599,87.31218697829716,76.5,66–87
SensCritique,Manga,One Piece,89,"Bad End Musical - One Piece, tome 89",7.9,425,https://www.senscritique.com/bd/bad_end_musical_one_piece_tome_89/33980402,599,87.31218697829716,76.5,66–87
SensCritique,Manga,One Piece,90,"La Terre Sainte de Marie Joie - One Piece, tome 90",7.9,417,https://www.senscritique.com/bd/la_terre_sainte_de_marie_joie_one_piece_tome_90/36233256,599,87.31218697829716,76.5,66–87
SensCritique,Fantasy — cycle principal,Stormlight Archive,3,Justicière,7.830959752321982,323,https://www.senscritique.com/groupe/les_archives_de_roshar/46557,599,85.3923205342237,88.0,88
SensCritique,Manga,Bleach,13,"The Undead - Bleach, tome 13",7.8,170,https://www.senscritique.com/bd/the_undead_bleach_tome_13/17772296,599,82.63772954924875,104.5,89–120
SensCritique,Manga,Bleach,19,"The Black Moon Rising - Bleach, tome 19",7.8,163,https://www.senscritique.com/bd/the_black_moon_rising_bleach_tome_19/17955029,599,82.63772954924875,104.5,89–120
SensCritique,Manga,Bleach,20,"End of Hypnosis - Bleach, tome 20",7.8,162,https://www.senscritique.com/bd/end_of_hypnosis_bleach_tome_20/17955055,599,82.63772954924875,104.5,89–120
SensCritique,Manga,Fullmetal Alchemist,16,"Fullmetal Alchemist, tome 16",7.8,271,https://www.senscritique.com/bd/fullmetal_alchemist_tome_16/12986432,599,82.63772954924875,104.5,89–120
SensCritique,Manga,Fullmetal Alchemist,3,"Fullmetal Alchemist, tome 3",7.8,423,https://www.senscritique.com/bd/fullmetal_alchemist_tome_3/12986419,599,82.63772954924875,104.5,89–120
SensCritique,Manga,Fullmetal Alchemist,6,"Fullmetal Alchemist, tome 6",7.8,351,https://www.senscritique.com/bd/fullmetal_alchemist_tome_6/12986422,599,82.63772954924875,104.5,89–120
SensCritique,Manga,Fullmetal Alchemist,8,"Fullmetal Alchemist, tome 8",7.8,335,https://www.senscritique.com/bd/fullmetal_alchemist_tome_8/12986424,599,82.63772954924875,104.5,89–120
SensCritique,Fantasy — cycle principal,Harry Potter,3,Harry Potter et le Prisonnier d'Azkaban,7.8,59880,https://www.senscritique.com/groupe/harry_potter/600,599,82.63772954924875,104.5,89–120
SensCritique,Fantasy — cycle principal,Harry Potter,4,Harry Potter et la coupe de feu,7.8,56575,https://www.senscritique.com/groupe/harry_potter/600,599,82.63772954924875,104.5,89–120
SensCritique,Fantasy — cycle principal,Harry Potter,7,Harry Potter et les Reliques de la Mort,7.8,35184,https://www.senscritique.com/groupe/harry_potter/600,599,82.63772954924875,104.5,89–120
SensCritique,Manga,Hunter × Hunter,12,"4 septembre - Hunter X Hunter, tome 12",7.8,236,https://www.senscritique.com/bd/4_septembre_hunter_x_hunter_tome_12/17264865,599,82.63772954924875,104.5,89–120
SensCritique,Manga,Hunter × Hunter,13,"10 septembre - Hunter X Hunter, tome 13",7.8,233,https://www.senscritique.com/bd/10_septembre_hunter_x_hunter_tome_13/17264915,599,82.63772954924875,104.5,89–120
SensCritique,Manga,Hunter × Hunter,16,"Duels - Hunter X Hunter, tome 16",7.8,224,https://www.senscritique.com/bd/duels_hunter_x_hunter_tome_16/17265059,599,82.63772954924875,104.5,89–120
SensCritique,Manga,Hunter × Hunter,27,"Hunter X Hunter, tome 27",7.8,209,https://www.senscritique.com/bd/hunter_x_hunter_tome_27/17265767,599,82.63772954924875,104.5,89–120
SensCritique,Manga,Hunter × Hunter,28,"Hunter X Hunter, tome 28",7.8,204,https://www.senscritique.com/bd/hunter_x_hunter_tome_28/17265866,599,82.63772954924875,104.5,89–120
SensCritique,Manga,Hunter × Hunter,34,"Hunter X Hunter, tome 34",7.8,256,https://www.senscritique.com/bd/hunter_x_hunter_tome_34/27513418,599,82.63772954924875,104.5,89–120
SensCritique,Manga,Jujutsu Kaisen,12,"Le Drame de Shibuya : Nécromancie - Jujutsu Kaisen, tome 12",7.8,193,https://www.senscritique.com/bd/le_drame_de_shibuya_necromancie_jujutsu_kaisen_tome_12/42698035,599,82.63772954924875,104.5,89–120
SensCritique,Arthur — texte fondateur,Légende arthurienne — textes fondateurs,v. 1250,La Mort du roi Arthur,7.8,125,https://www.senscritique.com/livre/La_mort_du_roi_Arthur/265306,599,82.63772954924875,104.5,89–120
SensCritique,Manga,My Hero Academia,16,"Red Riot - My Hero Academia, tome 16",7.8,237,https://www.senscritique.com/bd/red_riot_my_hero_academia_tome_16/28463756,599,82.63772954924875,104.5,89–120
SensCritique,Manga,My Hero Academia,25,"Tomura Shigaraki : Les Origines - My Hero Academia, tome 25",7.8,186,https://www.senscritique.com/bd/tomura_shigaraki_les_origines_my_hero_academia_tome_25/40708398,599,82.63772954924875,104.5,89–120
SensCritique,Manga,My Hero Academia,36,"Deux poings incandescents - My Hero Academia, tome 36",7.8,100,https://www.senscritique.com/bd/deux_poings_incandescents_my_hero_academia_tome_36/51287667,599,82.63772954924875,104.5,89–120
SensCritique,Manga,Naruto,10,"Un ninja formidable…!! - Naruto, tome 10",7.8,512,https://www.senscritique.com/bd/un_ninja_formidable_naruto_tome_10/15110278,599,82.63772954924875,104.5,89–120
SensCritique,Manga,Naruto,15,"Le Répertoire ninpô de Naruto !! - Naruto, tome 15",7.8,468,https://www.senscritique.com/bd/le_repertoire_ninpo_de_naruto_naruto_tome_15/15113768,599,82.63772954924875,104.5,89–120
SensCritique,Manga,Naruto,26,"Séparation…!! - Naruto, tome 26",7.8,425,https://www.senscritique.com/bd/separation_naruto_tome_26/15121688,599,82.63772954924875,104.5,89–120
SensCritique,Manga,One Piece,100,"Le Fluide royal - One Piece, tome 100",7.8,325,https://www.senscritique.com/bd/le_fluide_royal_one_piece_tome_100/44882612,599,82.63772954924875,104.5,89–120
SensCritique,Manga,One Piece,104,"Momonosuké Kozuki, shogun du pays des Wa - One Piece, tome 104",7.8,241,https://www.senscritique.com/bd/momonosuke_kozuki_shogun_du_pays_des_wa_one_piece_tome_104/52281472,599,82.63772954924875,104.5,89–120
SensCritique,Manga,One Piece,105,"Le Rêve de Luffy - One Piece, tome 105",7.8,231,https://www.senscritique.com/bd/le_reve_de_luffy_one_piece_tome_105/55050723,599,82.63772954924875,104.5,89–120
SensCritique,Manga,One Piece,21,"Utopie - One Piece, tome 21",7.8,673,https://www.senscritique.com/bd/utopie_one_piece_tome_21/17393529,599,82.63772954924875,104.5,89–120
SensCritique,Manga,One Piece,25,"L'Homme qui valait 100 millions - One Piece, tome 25",7.8,634,https://www.senscritique.com/bd/l_homme_qui_valait_100_millions_one_piece_tome_25/17393533,599,82.63772954924875,104.5,89–120
SensCritique,Manga,One Piece,34,"Water Seven, la cité sur l'eau - One Piece, tome 34",7.8,562,https://www.senscritique.com/bd/water_seven_la_cite_sur_l_eau_one_piece_tome_34/226258,599,82.63772954924875,104.5,89–120
SensCritique,Manga,One Piece,55,"Des travs en enfer - One Piece, tome 55",7.8,495,https://www.senscritique.com/bd/des_travs_en_enfer_one_piece_tome_55/17476652,599,82.63772954924875,104.5,89–120
SensCritique,Manga,One Piece,9,"Larmes - One Piece, tome 9",7.8,768,https://www.senscritique.com/bd/larmes_one_piece_tome_9/17475253,599,82.63772954924875,104.5,89–120
SensCritique,Fantasy — cycle principal,A Song of Ice and Fire,4,Le Trône de fer — Intégrale 4,7.7,3071,https://www.senscritique.com/groupe/Le_Trone_de_fer/2845,599,76.96160267111853,138.5,121–156
SensCritique,Manga,Bleach,40,"The Lust - Bleach, tome 40",7.7,119,https://www.senscritique.com/bd/the_lust_bleach_tome_40/19601376,599,76.96160267111853,138.5,121–156
SensCritique,Manga,Fullmetal Alchemist,1,"Fullmetal Alchemist, tome 1",7.7,496,https://www.senscritique.com/bd/fullmetal_alchemist_tome_1/14955031,599,76.96160267111853,138.5,121–156
SensCritique,Manga,Fullmetal Alchemist,2,"Fullmetal Alchemist, tome 2",7.7,459,https://www.senscritique.com/bd/fullmetal_alchemist_tome_2/12986418,599,76.96160267111853,138.5,121–156
SensCritique,Manga,Fullmetal Alchemist,5,"Fullmetal Alchemist, tome 5",7.7,374,https://www.senscritique.com/bd/fullmetal_alchemist_tome_5/12986421,599,76.96160267111853,138.5,121–156
SensCritique,Fantasy — cycle principal,Harry Potter,6,Harry Potter et le Prince de Sang-Mêlé,7.7,41835,https://www.senscritique.com/groupe/harry_potter/600,599,76.96160267111853,138.5,121–156
SensCritique,Manga,Hunter × Hunter,17,"Trois clans en lutte - Hunter X Hunter, tome 17",7.7,223,https://www.senscritique.com/bd/trois_clans_en_lutte_hunter_x_hunter_tome_17/17265192,599,76.96160267111853,138.5,121–156
SensCritique,Manga,Hunter × Hunter,18,"Rencontre fortuite - Hunter X Hunter, tome 18",7.7,220,https://www.senscritique.com/bd/rencontre_fortuite_hunter_x_hunter_tome_18/17265266,599,76.96160267111853,138.5,121–156
SensCritique,Manga,Hunter × Hunter,19,"NGL - Hunter X Hunter, tome 19",7.7,209,https://www.senscritique.com/bd/ngl_hunter_x_hunter_tome_19/17265409,599,76.96160267111853,138.5,121–156
SensCritique,Manga,Hunter × Hunter,2,"Bataille dans le brouillard - Hunter x Hunter, tome 2",7.7,343,https://www.senscritique.com/bd/bataille_dans_le_brouillard_hunter_x_hunter_tome_2/17255100,599,76.96160267111853,138.5,121–156
SensCritique,Manga,Hunter × Hunter,3,"L'Arrivée - Hunter x Hunter, tome 3",7.7,324,https://www.senscritique.com/bd/l_arrivee_hunter_x_hunter_tome_3/17255103,599,76.96160267111853,138.5,121–156
SensCritique,Manga,Hunter × Hunter,4,"Le Dernier Tour ! - Hunter x Hunter, tome 4",7.7,297,https://www.senscritique.com/bd/le_dernier_tour_hunter_x_hunter_tome_4/17255104,599,76.96160267111853,138.5,121–156
SensCritique,Manga,Hunter × Hunter,8,"Ouverture des enchères ! - Hunter x Hunter, tome 8",7.7,259,https://www.senscritique.com/bd/ouverture_des_encheres_hunter_x_hunter_tome_8/17257485,599,76.96160267111853,138.5,121–156
SensCritique,Manga,Jujutsu Kaisen,17,"Parer à toute éventualité - Jujutsu Kaisen, tome 17",7.7,140,https://www.senscritique.com/bd/parer_a_toute_eventualite_jujutsu_kaisen_tome_17/45427291,599,76.96160267111853,138.5,121–156
SensCritique,Manga,My Hero Academia,14,"Overhaul - My Hero Academia, tome 14",7.7,246,https://www.senscritique.com/bd/overhaul_my_hero_academia_tome_14/27214279,599,76.96160267111853,138.5,121–156
SensCritique,Manga,My Hero Academia,18,"Un avenir radieux - My Hero Academia, tome 18",7.7,213,https://www.senscritique.com/bd/un_avenir_radieux_my_hero_academia_tome_18/32060425,599,76.96160267111853,138.5,121–156
SensCritique,Manga,My Hero Academia,32,"The Next - My Hero Academia, tome 32",7.7,136,https://www.senscritique.com/bd/the_next_my_hero_academia_tome_32/45429921,599,76.96160267111853,138.5,121–156
SensCritique,Manga,My Hero Academia,33,"De la seconde A au OFA - My Hero Academia, tome 33",7.7,127,https://www.senscritique.com/bd/de_la_seconde_a_au_ofa_my_hero_academia_tome_33/46154155,599,76.96160267111853,138.5,121–156
SensCritique,Manga,My Hero Academia,40,"The End of an Era, and... - My Hero Academia, tome 40",7.7,68,https://www.senscritique.com/bd/the_end_of_an_era_and_my_hero_academia_tome_40/82379268,599,76.96160267111853,138.5,121–156
SensCritique,Manga,Naruto,43,"Celui qui sait - Naruto, tome 43",7.7,399,https://www.senscritique.com/bd/celui_qui_sait_naruto_tome_43/15491267,599,76.96160267111853,138.5,121–156
SensCritique,Manga,One Piece,10,"Ok, let's stand up ! - One Piece, tome 10",7.7,769,https://www.senscritique.com/bd/ok_let_s_stand_up_one_piece_tome_10/16780873,599,76.96160267111853,138.5,121–156
SensCritique,Manga,One Piece,110,"Les Remous d'une époque - One Piece, tome 110",7.7,152,https://www.senscritique.com/bd/les_remous_d_une_epoque_one_piece_tome_110/101714540,599,76.96160267111853,138.5,121–156
SensCritique,Manga,One Piece,20,"Bataille décisive à Alubarna - One Piece, tome 20",7.7,658,https://www.senscritique.com/bd/bataille_decisive_a_alubarna_one_piece_tome_20/17392766,599,76.96160267111853,138.5,121–156
SensCritique,Manga,One Piece,30,"Capriccio - One Piece, tome 30",7.7,574,https://www.senscritique.com/bd/capriccio_one_piece_tome_30/17475526,599,76.96160267111853,138.5,121–156
SensCritique,Manga,One Piece,31,"Nous sommes là - One Piece, tome 31",7.7,597,https://www.senscritique.com/bd/nous_sommes_la_one_piece_tome_31/357231,599,76.96160267111853,138.5,121–156
SensCritique,Manga,One Piece,53,"Le Tempérament d'un roi - One Piece, tome 53",7.7,500,https://www.senscritique.com/bd/le_temperament_d_un_roi_one_piece_tome_53/17476646,599,76.96160267111853,138.5,121–156
SensCritique,Manga,One Piece,71,"Le Colisée de tous les dangers - One Piece, tome 71",7.7,452,https://www.senscritique.com/bd/le_colisee_de_tous_les_dangers_one_piece_tome_71/15796155,599,76.96160267111853,138.5,121–156
SensCritique,Manga,One Piece,73,"L'Opération Dressrosa S.O.P. - One Piece, tome 73",7.7,465,https://www.senscritique.com/bd/l_operation_dressrosa_s_o_p_one_piece_tome_73/15796182,599,76.96160267111853,138.5,121–156
SensCritique,Manga,One Piece,75,"Ma gratitude - One Piece, tome 75",7.7,460,https://www.senscritique.com/bd/ma_gratitude_one_piece_tome_75/15796217,599,76.96160267111853,138.5,121–156
SensCritique,Manga,One Piece,76,"Poursuis ta route ! - One Piece, tome 76",7.7,473,https://www.senscritique.com/bd/poursuis_ta_route_one_piece_tome_76/17311836,599,76.96160267111853,138.5,121–156
SensCritique,Manga,One Piece,77,"Smile - One Piece, tome 77",7.7,504,https://www.senscritique.com/bd/smile_one_piece_tome_77/17468815,599,76.96160267111853,138.5,121–156
SensCritique,Manga,One Piece,80,"Vers une bataille sans précédent - One Piece, tome 80",7.7,442,https://www.senscritique.com/bd/vers_une_bataille_sans_precedent_one_piece_tome_80/23050179,599,76.96160267111853,138.5,121–156
SensCritique,Manga,One Piece,84,"Luffy versus Sanji - One Piece, tome 84",7.7,420,https://www.senscritique.com/bd/luffy_versus_sanji_one_piece_tome_84/24259293,599,76.96160267111853,138.5,121–156
SensCritique,Manga,One Piece,86,"Opération Régicide - One Piece, tome 86",7.7,414,https://www.senscritique.com/bd/operation_regicide_one_piece_tome_86/26324557,599,76.96160267111853,138.5,121–156
SensCritique,Manga,One Piece,95,"L'Aventure d'Oden - One Piece, tome 95",7.7,364,https://www.senscritique.com/bd/l_aventure_d_oden_one_piece_tome_95/40976621,599,76.96160267111853,138.5,121–156
SensCritique,Manga,One Piece,99,"Luffy au chapeau de paille - One Piece, tome 99",7.7,307,https://www.senscritique.com/bd/luffy_au_chapeau_de_paille_one_piece_tome_99/44863391,599,76.96160267111853,138.5,121–156
SensCritique,Fantasy — cycle principal,Harry Potter,1,Harry Potter à l'école des sorciers,7.6,120443,https://www.senscritique.com/groupe/harry_potter/600,599,71.28547579298831,172.5,157–188
SensCritique,Fantasy — cycle principal,Harry Potter,5,Harry Potter et l'ordre du phénix,7.6,43582,https://www.senscritique.com/groupe/harry_potter/600,599,71.28547579298831,172.5,157–188
SensCritique,Manga,Hunter × Hunter,1,"Le Jour du départ - Hunter X Hunter, tome 1",7.6,401,https://www.senscritique.com/bd/le_jour_du_depart_hunter_x_hunter_tome_1/17255099,599,71.28547579298831,172.5,157–188
SensCritique,Manga,Hunter × Hunter,15,"Progrès rapides - Hunter X Hunter, tome 15",7.6,225,https://www.senscritique.com/bd/progres_rapides_hunter_x_hunter_tome_15/17265034,599,71.28547579298831,172.5,157–188
SensCritique,Manga,Hunter × Hunter,24,"Hunter X Hunter, tome 24",7.6,211,https://www.senscritique.com/bd/hunter_x_hunter_tome_24/17265643,599,71.28547579298831,172.5,157–188
SensCritique,Manga,Hunter × Hunter,25,"Hunter X Hunter, tome 25",7.6,207,https://www.senscritique.com/bd/hunter_x_hunter_tome_25/17265671,599,71.28547579298831,172.5,157–188
SensCritique,Manga,Hunter × Hunter,26,"Hunter X Hunter, tome 26",7.6,209,https://www.senscritique.com/bd/hunter_x_hunter_tome_26/17265684,599,71.28547579298831,172.5,157–188
SensCritique,Manga,Hunter × Hunter,30,"Hunter X Hunter, tome 30",7.6,203,https://www.senscritique.com/bd/hunter_x_hunter_tome_30/17265956,599,71.28547579298831,172.5,157–188
SensCritique,Manga,Hunter × Hunter,7,"Ça ne fait que commencer - Hunter x Hunter, tome 7",7.6,264,https://www.senscritique.com/bd/ca_ne_fait_que_commencer_hunter_x_hunter_tome_7/17257484,599,71.28547579298831,172.5,157–188
SensCritique,Arthur — texte fondateur,Légende arthurienne — textes fondateurs,v. 1230,La Quête du Saint-Graal,7.6,32,https://www.senscritique.com/livre/la_quete_du_saint_graal/425611,599,71.28547579298831,172.5,157–188
SensCritique,Manga,My Hero Academia,24,"All It Takes Is One Bad Day - My Hero Academia, tome 24",7.6,185,https://www.senscritique.com/bd/all_it_takes_is_one_bad_day_my_hero_academia_tome_24/39758925,599,71.28547579298831,172.5,157–188
SensCritique,Manga,My Hero Academia,31,"Izuku Midoriya et Toshinori Yagi - My Hero Academia, tome 31",7.6,133,https://www.senscritique.com/bd/izuku_midoriya_et_toshinori_yagi_my_hero_academia_tome_31/45244515,599,71.28547579298831,172.5,157–188
SensCritique,Manga,My Hero Academia,34,"America - My Hero Academia, tome 34",7.6,117,https://www.senscritique.com/bd/america_my_hero_academia_tome_34/47497514,599,71.28547579298831,172.5,157–188
SensCritique,Manga,My Hero Academia,37,"Défenseurs et attaquants - My Hero Academia, tome 37",7.6,93,https://www.senscritique.com/bd/defenseurs_et_attaquants_my_hero_academia_tome_37/54703332,599,71.28547579298831,172.5,157–188
SensCritique,Manga,My Hero Academia,41,"Overlay - My Hero Academia, tome 41",7.6,65,https://www.senscritique.com/bd/overlay_my_hero_academia_tome_41/96350690,599,71.28547579298831,172.5,157–188
SensCritique,Manga,My Hero Academia,9,"My Hero - My Hero Academia, tome 9",7.6,361,https://www.senscritique.com/bd/my_hero_my_hero_academia_tome_9/22195665,599,71.28547579298831,172.5,157–188
SensCritique,Manga,Naruto,27,"Le Jour du départ !! - Naruto, tome 27",7.6,436,https://www.senscritique.com/bd/le_jour_du_depart_naruto_tome_27/15121709,599,71.28547579298831,172.5,157–188
SensCritique,Manga,Naruto,4,"Le Pont des héros ? - Naruto, tome 4",7.6,622,https://www.senscritique.com/bd/le_pont_des_heros_naruto_tome_4/13019808,599,71.28547579298831,172.5,157–188
SensCritique,Manga,Naruto,42,"Le Secret du Kaléidoscope Hypnotique… !! - Naruto, tome 42",7.6,387,https://www.senscritique.com/bd/le_secret_du_kaleidoscope_hypnotique_naruto_tome_42/15491266,599,71.28547579298831,172.5,157–188
SensCritique,Manga,Naruto,47,"Le Sceau brisé !! - Naruto, tome 47",7.6,360,https://www.senscritique.com/bd/le_sceau_brise_naruto_tome_47/16066598,599,71.28547579298831,172.5,157–188
SensCritique,Manga,One Piece,108,"Un monde dans lequel mieux vaut mourir - One Piece, tome 108",7.6,178,https://www.senscritique.com/bd/un_monde_dans_lequel_mieux_vaut_mourir_one_piece_tome_108/78299658,599,71.28547579298831,172.5,157–188
SensCritique,Manga,One Piece,11,"Le Plus Grand Bandit d'East Blue - One Piece, tome 11",7.6,727,https://www.senscritique.com/bd/le_plus_grand_bandit_d_east_blue_one_piece_tome_11/17475301,599,71.28547579298831,172.5,157–188
SensCritique,Manga,One Piece,16,"Successeurs - One Piece, tome 16",7.6,672,https://www.senscritique.com/bd/successeurs_one_piece_tome_16/17475338,599,71.28547579298831,172.5,157–188
SensCritique,Manga,One Piece,18,"Ace entre en scène - One Piece, tome 18",7.6,677,https://www.senscritique.com/bd/ace_entre_en_scene_one_piece_tome_18/17393530,599,71.28547579298831,172.5,157–188
SensCritique,Manga,One Piece,50,"De nouveau face au mur - One Piece, tome 50",7.6,505,https://www.senscritique.com/bd/de_nouveau_face_au_mur_one_piece_tome_50/17476633,599,71.28547579298831,172.5,157–188
SensCritique,Manga,One Piece,72,"Les Oubliés de Dressrosa - One Piece, tome 72",7.6,456,https://www.senscritique.com/bd/les_oublies_de_dressrosa_one_piece_tome_72/15796170,599,71.28547579298831,172.5,157–188
SensCritique,Manga,One Piece,74,"Je serai toujours à tes côtés - One Piece, tome 74",7.6,463,https://www.senscritique.com/bd/je_serai_toujours_a_tes_cotes_one_piece_tome_74/15796201,599,71.28547579298831,172.5,157–188
SensCritique,Manga,One Piece,82,"Un monde en pleine agitation - One Piece, tome 82",7.6,444,https://www.senscritique.com/bd/un_monde_en_pleine_agitation_one_piece_tome_82/21710517,599,71.28547579298831,172.5,157–188
SensCritique,Manga,One Piece,85,"Menteur - One Piece, tome 85",7.6,396,https://www.senscritique.com/bd/menteur_one_piece_tome_85/25189017,599,71.28547579298831,172.5,157–188
SensCritique,Manga,One Piece,91,"Aventure au pays des samouraïs - One Piece, tome 91",7.6,397,https://www.senscritique.com/bd/aventure_au_pays_des_samourais_one_piece_tome_91/38386619,599,71.28547579298831,172.5,157–188
SensCritique,Manga,One Piece,97,"Ma bible - One Piece, tome 97",7.6,344,https://www.senscritique.com/bd/ma_bible_one_piece_tome_97/42861159,599,71.28547579298831,172.5,157–188
SensCritique,Fantasy — cycle principal,The Witcher,2,Le Temps du mépris,7.6,1414,https://www.senscritique.com/groupe/Sorceleur/3026,599,71.28547579298831,172.5,157–188
SensCritique,Manga,Bleach,45,"The Burnout Inferno - Bleach, tome 45",7.5,116,https://www.senscritique.com/bd/the_burnout_inferno_bleach_tome_45/19601416,599,66.02671118530886,204.0,189–219
SensCritique,Manga,Hunter × Hunter,14,"Les Secrets de l'île - Hunter X Hunter, tome 14",7.5,229,https://www.senscritique.com/bd/les_secrets_de_l_ile_hunter_x_hunter_tome_14/17264963,599,66.02671118530886,204.0,189–219
SensCritique,Manga,Hunter × Hunter,21,"Retrouvailles - Hunter X Hunter, tome 21",7.5,208,https://www.senscritique.com/bd/retrouvailles_hunter_x_hunter_tome_21/17265527,599,66.02671118530886,204.0,189–219
SensCritique,Manga,Hunter × Hunter,22,"Hunter X Hunter, tome 22",7.5,204,https://www.senscritique.com/bd/hunter_x_hunter_tome_22/17265590,599,66.02671118530886,204.0,189–219
SensCritique,Manga,Jujutsu Kaisen,8,"Trésor caché - Jujutsu Kaisen, tome 8",7.5,218,https://www.senscritique.com/bd/tresor_cache_jujutsu_kaisen_tome_8/41191243,599,66.02671118530886,204.0,189–219
SensCritique,Manga,Magi,5,"Magi : The Labyrinth of Magic, tome 5",7.5,24,https://www.senscritique.com/bd/magi_the_labyrinth_of_magic_tome_5/17931383,599,66.02671118530886,204.0,189–219
SensCritique,Manga,My Hero Academia,15,"Lutte contre le destin - My Hero Academia, tome 15",7.5,235,https://www.senscritique.com/bd/lutte_contre_le_destin_my_hero_academia_tome_15/27279646,599,66.02671118530886,204.0,189–219
SensCritique,Manga,My Hero Academia,35,"Battle Flame - My Hero Academia, tome 35",7.5,104,https://www.senscritique.com/bd/battle_flame_my_hero_academia_tome_35/48208266,599,66.02671118530886,204.0,189–219
SensCritique,Manga,My Hero Academia,5,"Shoto Todoroki : Les Origines - My Hero Academia, tome 5",7.5,432,https://www.senscritique.com/bd/shoto_todoroki_les_origines_my_hero_academia_tome_5/21409761,599,66.02671118530886,204.0,189–219
SensCritique,Manga,My Hero Academia,6,"Frémissements - My Hero Academia, tome 6",7.5,409,https://www.senscritique.com/bd/fremissements_my_hero_academia_tome_6/21418000,599,66.02671118530886,204.0,189–219
SensCritique,Manga,Naruto,12,"L’oiseau s’est envolé !! - Naruto, tome 12",7.5,476,https://www.senscritique.com/bd/loiseau_sest_envole_naruto_tome_12/15111816,599,66.02671118530886,204.0,189–219
SensCritique,Manga,Naruto,13,"La Fin de l’examen…!! - Naruto, tome 13",7.5,478,https://www.senscritique.com/bd/la_fin_de_lexamen_naruto_tome_13/15112501,599,66.02671118530886,204.0,189–219
SensCritique,Manga,Naruto,19,"Le Successeur - Naruto, tome 19",7.5,459,https://www.senscritique.com/bd/le_successeur_naruto_tome_19/15121105,599,66.02671118530886,204.0,189–219
SensCritique,Manga,Naruto,9,"Neji et Hinata - Naruto, tome 9",7.5,516,https://www.senscritique.com/bd/neji_et_hinata_naruto_tome_9/16638079,599,66.02671118530886,204.0,189–219
SensCritique,Manga,One Piece,1,"À l'Aube d'une grande aventure - One Piece, tome 1",7.5,1318,https://www.senscritique.com/bd/a_l_aube_d_une_grande_aventure_one_piece_tome_1/11576617,599,66.02671118530886,204.0,189–219
SensCritique,Manga,One Piece,101,"Place aux têtes d'affiche - One Piece, tome 101",7.5,280,https://www.senscritique.com/bd/place_aux_tetes_d_affiche_one_piece_tome_101/45492118,599,66.02671118530886,204.0,189–219
SensCritique,Manga,One Piece,102,"Un moment décisif - One Piece, tome 102",7.5,249,https://www.senscritique.com/bd/un_moment_decisif_one_piece_tome_102/46655924,599,66.02671118530886,204.0,189–219
SensCritique,Manga,One Piece,112,"Haley - One Piece, tome 112",7.5,120,https://www.senscritique.com/bd/haley_one_piece_tome_112/116714949,599,66.02671118530886,204.0,189–219
SensCritique,Manga,One Piece,113,"La Naissance de Loki - One Piece, tome 113",7.5,58,https://www.senscritique.com/bd/la_naissance_de_loki_one_piece_tome_113/127695530,599,66.02671118530886,204.0,189–219
SensCritique,Manga,One Piece,12,"Et ainsi débuta la légende - One Piece, tome 12",7.5,745,https://www.senscritique.com/bd/et_ainsi_debuta_la_legende_one_piece_tome_12/17392707,599,66.02671118530886,204.0,189–219
SensCritique,Manga,One Piece,19,"Rébellion - One Piece, tome 19",7.5,672,https://www.senscritique.com/bd/rebellion_one_piece_tome_19/17392805,599,66.02671118530886,204.0,189–219
SensCritique,Manga,One Piece,32,"Love Song - One Piece, tome 32",7.5,588,https://www.senscritique.com/bd/love_song_one_piece_tome_32/12742,599,66.02671118530886,204.0,189–219
SensCritique,Manga,One Piece,49,"Nightmare Luffy - One Piece, tome 49",7.5,503,https://www.senscritique.com/bd/nightmare_luffy_one_piece_tome_49/17476631,599,66.02671118530886,204.0,189–219
SensCritique,Manga,One Piece,70,"Doflamingo sort de l'ombre - One piece, tome 70",7.5,450,https://www.senscritique.com/bd/doflamingo_sort_de_l_ombre_one_piece_tome_70/15796131,599,66.02671118530886,204.0,189–219
SensCritique,Manga,One Piece,81,"À la rencontre de Maître Chavipère - One Piece, tome 81",7.5,465,https://www.senscritique.com/bd/a_la_rencontre_de_maitre_chavipere_one_piece_tome_81/23518173,599,66.02671118530886,204.0,189–219
SensCritique,Manga,One Piece,87,"Impitoyable - One Piece, tome 87",7.5,405,https://www.senscritique.com/bd/impitoyable_one_piece_tome_87/28305267,599,66.02671118530886,204.0,189–219
SensCritique,Manga,One Piece,88,"Lionne - One Piece, tome 88",7.5,388,https://www.senscritique.com/bd/lionne_one_piece_tome_88/30535729,599,66.02671118530886,204.0,189–219
SensCritique,Manga,One Piece,98,"Les Neuf Rônins - One Piece, tome 98",7.5,324,https://www.senscritique.com/bd/les_neuf_ronins_one_piece_tome_98/43812985,599,66.02671118530886,204.0,189–219
SensCritique,Fantasy — cycle principal,The Witcher,0.2,L'Épée de la providence,7.5,1970,https://www.senscritique.com/groupe/Sorceleur/3026,599,66.02671118530886,204.0,189–219
SensCritique,Fantasy — cycle principal,The Witcher,3,Le Baptême du feu,7.5,1204,https://www.senscritique.com/groupe/Sorceleur/3026,599,66.02671118530886,204.0,189–219
SensCritique,Fantasy — cycle principal,The Witcher,4,La Tour de l'hirondelle,7.5,1053,https://www.senscritique.com/groupe/Sorceleur/3026,599,66.02671118530886,204.0,189–219
SensCritique,Manga,Bleach,12,"Flower on the Precipice - Bleach, tome 12",7.4,171,https://www.senscritique.com/bd/flower_on_the_precipice_bleach_tome_12/17772148,599,60.85141903171953,235.0,220–250
SensCritique,Manga,Bleach,17,"Rosa Rubicundior, Lilio Candidior - Bleach, tome 17",7.4,161,https://www.senscritique.com/bd/rosa_rubicundior_lilio_candidior_bleach_tome_17/17954943,599,60.85141903171953,235.0,220–250
SensCritique,Manga,Bleach,18,"The Deathberry Returns - Bleach, tome 18",7.4,157,https://www.senscritique.com/bd/the_deathberry_returns_bleach_tome_18/17954973,599,60.85141903171953,235.0,220–250
SensCritique,Fantasy — cycle principal,Harry Potter,2,Harry Potter et la chambre des secrets,7.4,56842,https://www.senscritique.com/groupe/harry_potter/600,599,60.85141903171953,235.0,220–250
SensCritique,Manga,Hunter × Hunter,23,"Hunter X Hunter, tome 23",7.4,211,https://www.senscritique.com/bd/hunter_x_hunter_tome_23/17265627,599,60.85141903171953,235.0,220–250
SensCritique,Manga,Hunter × Hunter,31,"Hunter X Hunter, tome 31",7.4,195,https://www.senscritique.com/bd/hunter_x_hunter_tome_31/17265959,599,60.85141903171953,235.0,220–250
SensCritique,Manga,Hunter × Hunter,32,"Hunter X Hunter, tome 32",7.4,221,https://www.senscritique.com/bd/hunter_x_hunter_tome_32/17265986,599,60.85141903171953,235.0,220–250
SensCritique,Manga,Hunter × Hunter,35,"Hunter X Hunter, tome 35",7.4,182,https://www.senscritique.com/bd/hunter_x_hunter_tome_35/30683474,599,60.85141903171953,235.0,220–250
SensCritique,Manga,Hunter × Hunter,5,"Jin Freecss - Hunter x Hunter, tome 5",7.4,292,https://www.senscritique.com/bd/jin_freecss_hunter_x_hunter_tome_5/17257481,599,60.85141903171953,235.0,220–250
SensCritique,Manga,Hunter × Hunter,6,"La Condition d'Hisoka - Hunter x Hunter, tome 6",7.4,279,https://www.senscritique.com/bd/la_condition_d_hisoka_hunter_x_hunter_tome_6/17257483,599,60.85141903171953,235.0,220–250
SensCritique,Manga,Jujutsu Kaisen,6,"Rayon noir - Jujutsu Kaisen, tome 6",7.4,225,https://www.senscritique.com/bd/rayon_noir_jujutsu_kaisen_tome_6/39805049,599,60.85141903171953,235.0,220–250
SensCritique,Arthur — texte fondateur,Légende arthurienne — textes fondateurs,v. 1136,Histoire des rois de Bretagne,7.4,21,https://www.senscritique.com/livre/histoire_des_rois_de_bretagne/114941,599,60.85141903171953,235.0,220–250
SensCritique,Manga,My Hero Academia,13,"On va causer de ton alter ! - My Hero Academia, tome 13",7.4,284,https://www.senscritique.com/bd/On_va_causer_de_ton_alter_My_Hero_Academia_tome_13/27214275,599,60.85141903171953,235.0,220–250
SensCritique,Manga,My Hero Academia,21,"L'Étoffe des héros - My Hero Academia, tome 21",7.4,208,https://www.senscritique.com/bd/l_etoffe_des_heros_my_hero_academia_tome_21/38376615,599,60.85141903171953,235.0,220–250
SensCritique,Manga,My Hero Academia,39,"Un combat sans alter - My Hero Academia, tome 39",7.4,76,https://www.senscritique.com/bd/un_combat_sans_alter_my_hero_academia_tome_39/61894132,599,60.85141903171953,235.0,220–250
SensCritique,Manga,My Hero Academia,42,"La cavalerie est là - My Hero Academia, tome 42",7.4,60,https://www.senscritique.com/bd/la_cavalerie_est_la_my_hero_academia_tome_42/103641731,599,60.85141903171953,235.0,220–250
SensCritique,Manga,Naruto,14,"Hokage contre Hokage !! - Naruto, tome 14",7.4,460,https://www.senscritique.com/bd/hokage_contre_hokage_naruto_tome_14/15113098,599,60.85141903171953,235.0,220–250
SensCritique,Manga,Naruto,16,"La Bataille de Konoha, dernier acte !! - Naruto, tome 16",7.4,451,https://www.senscritique.com/bd/la_bataille_de_konoha_dernier_acte_naruto_tome_16/15115061,599,60.85141903171953,235.0,220–250
SensCritique,Manga,Naruto,46,"Le Retour de Naruto !! - Naruto, tome 46",7.4,367,https://www.senscritique.com/bd/le_retour_de_naruto_naruto_tome_46/16066596,599,60.85141903171953,235.0,220–250
SensCritique,Manga,Naruto,5,"Les Rivaux ! - Naruto, tome 5",7.4,581,https://www.senscritique.com/bd/les_rivaux_naruto_tome_5/13019810,599,60.85141903171953,235.0,220–250
SensCritique,Manga,Naruto,8,"Au péril de sa vie !! - Naruto, tome 8",7.4,519,https://www.senscritique.com/bd/au_peril_de_sa_vie_naruto_tome_8/15108981,599,60.85141903171953,235.0,220–250
SensCritique,Manga,One Piece,106,"Le Rêve d'un génie - One Piece, tome 106",7.4,214,https://www.senscritique.com/bd/le_reve_d_un_genie_one_piece_tome_106/56406321,599,60.85141903171953,235.0,220–250
SensCritique,Manga,One Piece,111,"Aventure à Elbaph - One Piece, tome 111",7.4,136,https://www.senscritique.com/bd/aventure_a_elbaph_one_piece_tome_111/107077714,599,60.85141903171953,235.0,220–250
SensCritique,Manga,One Piece,24,"Croire en ses rêves - One Piece, tome 24",7.4,636,https://www.senscritique.com/bd/croire_en_ses_reves_one_piece_tome_24/17392593,599,60.85141903171953,235.0,220–250
SensCritique,Manga,One Piece,6,"Le Serment - One Piece, tome 6",7.4,876,https://www.senscritique.com/bd/le_serment_one_piece_tome_6/15796047,599,60.85141903171953,235.0,220–250
SensCritique,Manga,One Piece,69,"SAD - One Piece, tome 69",7.4,447,https://www.senscritique.com/bd/sad_one_piece_tome_69/17476738,599,60.85141903171953,235.0,220–250
SensCritique,Manga,One Piece,8,"""Je ne mourrai pas !"" - One Piece, tome 8",7.4,773,https://www.senscritique.com/bd/je_ne_mourrai_pas_one_piece_tome_8/15796095,599,60.85141903171953,235.0,220–250
SensCritique,Manga,One Piece,92,"La Grande Courtisane Komurasaki - One Piece, tome 92",7.4,363,https://www.senscritique.com/bd/la_grande_courtisane_komurasaki_one_piece_tome_92/38953059,599,60.85141903171953,235.0,220–250
SensCritique,Manga,One Piece,94,"Les Rêves des guerriers - One Piece, tome 94",7.4,371,https://www.senscritique.com/bd/les_reves_des_guerriers_one_piece_tome_94/40359519,599,60.85141903171953,235.0,220–250
SensCritique,Fantasy — cycle principal,The Witcher,1,Le Sang des elfes,7.4,1786,https://www.senscritique.com/groupe/Sorceleur/3026,599,60.85141903171953,235.0,220–250
SensCritique,Fantasy — cycle principal,The Witcher,5,La Dame du lac,7.4,980,https://www.senscritique.com/groupe/Sorceleur/3026,599,60.85141903171953,235.0,220–250
SensCritique,Manga,Bleach,11,"A Star and a Stray Dog - Bleach, tome 11",7.3,173,https://www.senscritique.com/bd/a_star_and_a_stray_dog_bleach_tome_11/17771486,599,55.75959933222037,265.5,251–280
SensCritique,Manga,Bleach,16,"Night of Wijnruit - Bleach, tome 16",7.3,163,https://www.senscritique.com/bd/night_of_wijnruit_bleach_tome_16/17954881,599,55.75959933222037,265.5,251–280
SensCritique,Manga,Bleach,32,"Howling - Bleach, tome 32",7.3,126,https://www.senscritique.com/bd/howling_bleach_tome_32/19574745,599,55.75959933222037,265.5,251–280
SensCritique,Manga,Demon Slayer,11,"Demon Slayer, tome 11",7.3,198,https://www.senscritique.com/bd/demon_slayer_tome_11/38808492,599,55.75959933222037,265.5,251–280
SensCritique,Manga,Demon Slayer,8,"Demon Slayer, tome 8",7.3,220,https://www.senscritique.com/bd/demon_slayer_tome_8/38783510,599,55.75959933222037,265.5,251–280
SensCritique,Manga,Hunter × Hunter,20,"Points faibles - Hunter X Hunter, tome 20",7.3,207,https://www.senscritique.com/bd/points_faibles_hunter_x_hunter_tome_20/17265461,599,55.75959933222037,265.5,251–280
SensCritique,Manga,Hunter × Hunter,33,"Hunter X Hunter, tome 33",7.3,274,https://www.senscritique.com/bd/hunter_x_hunter_tome_33/24490019,599,55.75959933222037,265.5,251–280
SensCritique,Manga,Jujutsu Kaisen,4,"Je vais te tuer - Jujutsu Kaisen, tome 4",7.3,248,https://www.senscritique.com/bd/je_vais_te_tuer_jujutsu_kaisen_tome_4/39801649,599,55.75959933222037,265.5,251–280
SensCritique,Arthur — texte fondateur,Légende arthurienne — textes fondateurs,v. 1180–1190,Perceval ou le Conte du Graal,7.3,2196,https://www.senscritique.com/livre/perceval_ou_le_conte_du_graal/11855564,599,55.75959933222037,265.5,251–280
SensCritique,Manga,My Hero Academia,12,"L'Examen - My Hero Academia, tome 12",7.3,287,https://www.senscritique.com/bd/l_examen_my_hero_academia_tome_12/27214233,599,55.75959933222037,265.5,251–280
SensCritique,Manga,My Hero Academia,38,"Hope - My Hero Academia, tome 38",7.3,80,https://www.senscritique.com/bd/hope_my_hero_academia_tome_38/56076046,599,55.75959933222037,265.5,251–280
SensCritique,Manga,My Hero Academia,7,"Katsuki Bakugo : Les Origines - My Hero Academia, tome 7",7.3,365,https://www.senscritique.com/bd/katsuki_bakugo_les_origines_my_hero_academia_tome_7/21418001,599,55.75959933222037,265.5,251–280
SensCritique,Manga,Naruto,2,"Un client embarrassant - Naruto, tome 2",7.3,681,https://www.senscritique.com/bd/un_client_embarrassant_naruto_tome_2/13019803,599,55.75959933222037,265.5,251–280
SensCritique,Manga,Naruto,24,"Tournant décisif !! - Naruto, tome 24",7.3,433,https://www.senscritique.com/bd/tournant_decisif_naruto_tome_24/15121641,599,55.75959933222037,265.5,251–280
SensCritique,Manga,Naruto,25,"Frères - Naruto, tome 25",7.3,434,https://www.senscritique.com/bd/freres_naruto_tome_25/15121671,599,55.75959933222037,265.5,251–280
SensCritique,Manga,Naruto,3,"Se battre pour ses rêves !! - Naruto, tome 3",7.3,636,https://www.senscritique.com/bd/se_battre_pour_ses_reves_naruto_tome_3/13019804,599,55.75959933222037,265.5,251–280
SensCritique,Manga,Naruto,37,"Le Combat de Shikamaru !! - Naruto, tome 37",7.3,377,https://www.senscritique.com/bd/le_combat_de_shikamaru_naruto_tome_37/15428727,599,55.75959933222037,265.5,251–280
SensCritique,Manga,Naruto,7,"La Voie à suivre !! - Naruto, tome 7",7.3,535,https://www.senscritique.com/bd/la_voie_a_suivre_naruto_tome_7/16638077,599,55.75959933222037,265.5,251–280
SensCritique,Manga,One Piece,13,"Sois forte ! - One Piece, tome 13",7.3,759,https://www.senscritique.com/bd/sois_forte_one_piece_tome_13/10455901,599,55.75959933222037,265.5,251–280
SensCritique,Manga,One Piece,14,"L'Instinct - One Piece, tome 14",7.3,733,https://www.senscritique.com/bd/l_instinct_one_piece_tome_14/10455903,599,55.75959933222037,265.5,251–280
SensCritique,Manga,One Piece,17,"Les Cerisiers d'Hiluluk - One Piece, tome 17",7.3,655,https://www.senscritique.com/bd/les_cerisiers_d_hiluluk_one_piece_tome_17/17475357,599,55.75959933222037,265.5,251–280
SensCritique,Manga,One Piece,26,"Aventure sur l'île de Dieu - One Piece, tome 26",7.3,588,https://www.senscritique.com/bd/aventure_sur_l_ile_de_dieu_one_piece_tome_26/17475520,599,55.75959933222037,265.5,251–280
SensCritique,Manga,One Piece,28,"Wiper le démon furieux - One Piece, tome 28",7.3,608,https://www.senscritique.com/bd/wiper_le_demon_furieux_one_piece_tome_28/17393531,599,55.75959933222037,265.5,251–280
SensCritique,Manga,One Piece,29,"Oratorio - One Piece, tome 29",7.3,588,https://www.senscritique.com/bd/oratorio_one_piece_tome_29/17393532,599,55.75959933222037,265.5,251–280
SensCritique,Manga,One Piece,46,"Aventure sur l'île fantôme - One Piece, tome 46",7.3,528,https://www.senscritique.com/bd/aventure_sur_l_ile_fantome_one_piece_tome_46/17476613,599,55.75959933222037,265.5,251–280
SensCritique,Manga,One Piece,48,"L'Aventure d'Oz - One Piece, tome 48",7.3,510,https://www.senscritique.com/bd/l_aventure_d_oz_one_piece_tome_48/17476630,599,55.75959933222037,265.5,251–280
SensCritique,Manga,One Piece,7,"Vieux Machin - One Piece, tome 7",7.3,836,https://www.senscritique.com/bd/vieux_machin_one_piece_tome_7/15796078,599,55.75959933222037,265.5,251–280
SensCritique,Manga,One Piece,83,"Charlotte Linlin - One Piece, tome 83",7.3,434,https://www.senscritique.com/bd/charlotte_linlin_one_piece_tome_83/23908643,599,55.75959933222037,265.5,251–280
SensCritique,Manga,One Piece,93,"La Coqueluche du village d'Ebisu - One Piece, tome 93",7.3,362,https://www.senscritique.com/bd/la_coqueluche_du_village_d_ebisu_one_piece_tome_93/39719883,599,55.75959933222037,265.5,251–280
SensCritique,Fantasy — cycle principal,The Witcher,0.1,Le Dernier Vœu,7.3,3047,https://www.senscritique.com/groupe/Sorceleur/3026,599,55.75959933222037,265.5,251–280
SensCritique,Manga,Black Clover,25,"Black Clover, tome 25",7.2,37,https://www.senscritique.com/bd/black_clover_tome_25/43802860,599,50.1669449081803,299.0,281–317
SensCritique,Manga,Black Clover,26,"Black Clover, tome 26",7.2,35,https://www.senscritique.com/bd/black_clover_tome_26/43802884,599,50.1669449081803,299.0,281–317
SensCritique,Manga,Bleach,14,"White Tower Rocks - Bleach, tome 14",7.2,167,https://www.senscritique.com/bd/white_tower_rocks_bleach_tome_14/17772402,599,50.1669449081803,299.0,281–317
SensCritique,Manga,Bleach,15,"Beginning of the Death of Tomorrow - Bleach, tome 15",7.2,168,https://www.senscritique.com/bd/beginning_of_the_death_of_tomorrow_bleach_tome_15/17954834,599,50.1669449081803,299.0,281–317
SensCritique,Manga,Bleach,24,"Immanent God Blues - Bleach, tome 24",7.2,149,https://www.senscritique.com/bd/immanent_god_blues_bleach_tome_24/19150323,599,50.1669449081803,299.0,281–317
SensCritique,Manga,Bleach,34,"King of the Kill - Bleach, tome 34",7.2,121,https://www.senscritique.com/bd/king_of_the_kill_bleach_tome_34/19574756,599,50.1669449081803,299.0,281–317
SensCritique,Manga,Bleach,41,"Heart - Bleach, tome 41",7.2,121,https://www.senscritique.com/bd/heart_bleach_tome_41/19601377,599,50.1669449081803,299.0,281–317
SensCritique,Manga,Bleach,43,"Kingdom Of Hollows - Bleach, tome 43",7.2,112,https://www.senscritique.com/bd/kingdom_of_hollows_bleach_tome_43/19601413,599,50.1669449081803,299.0,281–317
SensCritique,Manga,Bleach,48,"God Is Dead - Bleach, tome 48",7.2,114,https://www.senscritique.com/bd/god_is_dead_bleach_tome_48/19601422,599,50.1669449081803,299.0,281–317
SensCritique,Manga,Bleach,58,"The Fire - Bleach, 58",7.2,100,https://www.senscritique.com/bd/the_fire_bleach_58/18004952,599,50.1669449081803,299.0,281–317
SensCritique,Manga,Bleach,7,The Broken Coda - Bleach tome 7,7.2,187,https://www.senscritique.com/bd/the_broken_coda_bleach_tome_7/17771225,599,50.1669449081803,299.0,281–317
SensCritique,Manga,Bleach,8,"The Blade and Me - Bleach, tome 8",7.2,182,https://www.senscritique.com/bd/the_blade_and_me_bleach_tome_8/17771314,599,50.1669449081803,299.0,281–317
SensCritique,Manga,Demon Slayer,10,"Demon Slayer, tome 10",7.2,203,https://www.senscritique.com/bd/demon_slayer_tome_10/38783512,599,50.1669449081803,299.0,281–317
SensCritique,Manga,Demon Slayer,18,"Demon Slayer, tome 18",7.2,182,https://www.senscritique.com/bd/demon_slayer_tome_18/40740294,599,50.1669449081803,299.0,281–317
SensCritique,Manga,Jujutsu Kaisen,24,"Naissance de la matrice : récursion - Jujutsu Kaisen, tome 24",7.2,76,https://www.senscritique.com/bd/jujutsu_kaisen_tome_24/59972803,599,50.1669449081803,299.0,281–317
SensCritique,Manga,Jujutsu Kaisen,7,"Instinct grégaire - Jujutsu Kaisen, tome 7",7.2,218,https://www.senscritique.com/bd/instinct_gregaire_jujutsu_kaisen_tome_7/41191239,599,50.1669449081803,299.0,281–317
SensCritique,Arthur — texte fondateur,Légende arthurienne — textes fondateurs,v. 1181,Lancelot ou le Chevalier de la Charrette,7.2,1500,https://www.senscritique.com/livre/lancelot_ou_le_chevalier_de_la_charrette/118663,599,50.1669449081803,299.0,281–317
SensCritique,Manga,Magi,12,"Magi : The Labyrinth of Magic, tome 12",7.2,18,https://www.senscritique.com/bd/magi_the_labyrinth_of_magic_tome_12/17931496,599,50.1669449081803,299.0,281–317
SensCritique,Manga,My Hero Academia,2,"Déchaîne-toi, maudit nerd ! - My Hero Academia, tome 2",7.2,594,https://www.senscritique.com/bd/dechaine_toi_maudit_nerd_my_hero_academia_tome_2/18352864,599,50.1669449081803,299.0,281–317
SensCritique,Manga,My Hero Academia,23,"Mêlée générale - My Hero Academia, tome 23",7.2,193,https://www.senscritique.com/bd/melee_generale_my_hero_academia_tome_23/39247104,599,50.1669449081803,299.0,281–317
SensCritique,Manga,My Hero Academia,3,"All Might - My Hero Academia, tome 3",7.2,486,https://www.senscritique.com/bd/all_might_my_hero_academia_tome_3/19653538,599,50.1669449081803,299.0,281–317
SensCritique,Manga,My Hero Academia,4,"Celui qui avait tout - My Hero Academia, tome 4",7.2,475,https://www.senscritique.com/bd/celui_qui_avait_tout_my_hero_academia_tome_4/19653539,599,50.1669449081803,299.0,281–317
SensCritique,Manga,My Hero Academia,8,"Momo Yaoyorozu : L'Envol - My Hero Academia, tome 8",7.2,352,https://www.senscritique.com/bd/momo_yaoyorozu_l_envol_my_hero_academia_tome_8/22195137,599,50.1669449081803,299.0,281–317
SensCritique,Manga,Naruto,1,"Naruto Uzumaki !! - Naruto, tome 1",7.2,835,https://www.senscritique.com/bd/naruto_uzumaki_naruto_tome_1/13019798,599,50.1669449081803,299.0,281–317
SensCritique,Manga,Naruto,11,"Mon nouveau prof !! - Naruto, tome 11",7.2,484,https://www.senscritique.com/bd/mon_nouveau_prof_naruto_tome_11/15111009,599,50.1669449081803,299.0,281–317
SensCritique,Manga,Naruto,17,"La Puissance d'Itachi !! - Naruto, tome 17",7.2,448,https://www.senscritique.com/bd/la_puissance_d_itachi_naruto_tome_17/15117312,599,50.1669449081803,299.0,281–317
SensCritique,Manga,Naruto,18,"La Décision de Tsunade !! - Naruto, tome 18",7.2,447,https://www.senscritique.com/bd/la_decision_de_tsunade_naruto_tome_18/15120515,599,50.1669449081803,299.0,281–317
SensCritique,Manga,Naruto,21,"Sans pitié !! - Naruto, tome 21",7.2,429,https://www.senscritique.com/bd/sans_pitie_naruto_tome_21/15121587,599,50.1669449081803,299.0,281–317
SensCritique,Manga,Naruto,22,"Réincarnation…!! - Naruto, tome 22",7.2,439,https://www.senscritique.com/bd/reincarnation_naruto_tome_22/15121614,599,50.1669449081803,299.0,281–317
SensCritique,Manga,Naruto,6,"La Détermination de Sakura !! - Naruto, tome 6",7.2,558,https://www.senscritique.com/bd/la_determination_de_sakura_naruto_tome_6/16638075,599,50.1669449081803,299.0,281–317
SensCritique,Manga,One Piece,15,"Droit devant !! - One Piece, tome 15",7.2,707,https://www.senscritique.com/bd/droit_devant_one_piece_tome_15/15796121,599,50.1669449081803,299.0,281–317
SensCritique,Manga,One Piece,27,"Prélude - One Piece, tome 27",7.2,576,https://www.senscritique.com/bd/prelude_one_piece_tome_27/17475523,599,50.1669449081803,299.0,281–317
SensCritique,Manga,One Piece,3,"Une Vérité qui blesse - One Piece, tome 3",7.2,1057,https://www.senscritique.com/bd/une_verite_qui_blesse_one_piece_tome_3/13112218,599,50.1669449081803,299.0,281–317
SensCritique,Manga,One Piece,4,"Attaque au clair de lune - One Piece, tome 4",7.2,985,https://www.senscritique.com/bd/attaque_au_clair_de_lune_one_piece_tome_4/10386608,599,50.1669449081803,299.0,281–317
SensCritique,Manga,One Piece,47,"Temps couvert avec chutes d'os par moments - One Piece, tome 47",7.2,511,https://www.senscritique.com/bd/temps_couvert_avec_chutes_d_os_par_moments_one_piece_tome_47/17476616,599,50.1669449081803,299.0,281–317
SensCritique,Manga,One Piece,5,"Pour qui sonne le glas - One Piece, tome 5",7.2,912,https://www.senscritique.com/bd/pour_qui_sonne_le_glas_one_piece_tome_5/15796008,599,50.1669449081803,299.0,281–317
SensCritique,Manga,One Piece,68,"Alliance entre pirates - One Piece, tome 68",7.2,447,https://www.senscritique.com/bd/alliance_entre_pirates_one_piece_tome_68/17476732,599,50.1669449081803,299.0,281–317
SensCritique,Manga,Black Clover,24,"Black Clover, tome 24",7.1,37,https://www.senscritique.com/bd/black_clover_tome_24/43214519,599,45.40901502504174,327.5,318–337
SensCritique,Manga,Black Clover,27,"Black Clover, tome 27",7.1,31,https://www.senscritique.com/bd/black_clover_tome_27/44863075,599,45.40901502504174,327.5,318–337
SensCritique,Manga,Bleach,22,"Conquistadores - Bleach, tome 22",7.1,149,https://www.senscritique.com/bd/conquistadores_bleach_tome_22/19150321,599,45.40901502504174,327.5,318–337
SensCritique,Manga,Bleach,23,"Mala Suerte ! - Bleach, tome 23",7.1,145,https://www.senscritique.com/bd/mala_suerte_bleach_tome_23/19150322,599,45.40901502504174,327.5,318–337
SensCritique,Manga,Bleach,35,"Higher Than the Moon - Bleach, tome 35",7.1,122,https://www.senscritique.com/bd/higher_than_the_moon_bleach_tome_35/19574758,599,45.40901502504174,327.5,318–337
SensCritique,Manga,Demon Slayer,20,"Demon Slayer, tome 20",7.1,174,https://www.senscritique.com/bd/demon_slayer_tome_20/41806213,599,45.40901502504174,327.5,318–337
SensCritique,Manga,Jujutsu Kaisen,19,"Tokyo 1 : Un homme en colère - Jujutsu Kaisen, tome 19",7.1,108,https://www.senscritique.com/bd/jujutsu_kaisen_tome_19/47245073,599,45.40901502504174,327.5,318–337
SensCritique,Manga,Jujutsu Kaisen,2,"Malédiction - Jujutsu Kaisen, tome 2",7.1,309,https://www.senscritique.com/bd/malediction_jujutsu_kaisen_tome_2/39730507,599,45.40901502504174,327.5,318–337
SensCritique,Manga,Jujutsu Kaisen,20,"Sendai : En pleines festivités - Jujutsu Kaisen, tome 20",7.1,94,https://www.senscritique.com/bd/jujutsu_kaisen_tome_20/50657086,599,45.40901502504174,327.5,318–337
SensCritique,Arthur — texte fondateur,Légende arthurienne — textes fondateurs,v. 1170,Erec et Enide,7.1,388,https://www.senscritique.com/livre/erec_et_enide/152126,599,45.40901502504174,327.5,318–337
SensCritique,Arthur — texte fondateur,Légende arthurienne — textes fondateurs,v. 1176,Cligès,7.1,117,https://www.senscritique.com/livre/Cliges/121006,599,45.40901502504174,327.5,318–337
SensCritique,Manga,Magi,18,"Magi : The Labyrinth of Magic, tome 18",7.1,16,https://www.senscritique.com/bd/magi_the_labyrinth_of_magic_tome_18/17931623,599,45.40901502504174,327.5,318–337
SensCritique,Manga,My Hero Academia,1,"Izuku Midoriya : Les Origines - My Hero Academia, tome 1",7.1,834,https://www.senscritique.com/bd/izuku_midoriya_les_origines_my_hero_academia_tome_1/18352863,599,45.40901502504174,327.5,318–337
SensCritique,Manga,My Hero Academia,26,"Sous un ciel d'azur - My Hero Academia, tome 26",7.1,178,https://www.senscritique.com/bd/sous_un_ciel_d_azur_my_hero_academia_tome_26/41334983,599,45.40901502504174,327.5,318–337
SensCritique,Manga,Naruto,20,"Naruto versus Sasuke !! - Naruto, tome 20",7.1,431,https://www.senscritique.com/bd/naruto_versus_sasuke_naruto_tome_20/15121110,599,45.40901502504174,327.5,318–337
SensCritique,Manga,Naruto,31,"Testament !! - Naruto, tome 31",7.1,401,https://www.senscritique.com/bd/testament_naruto_tome_31/15302847,599,45.40901502504174,327.5,318–337
SensCritique,Manga,Naruto,36,"L'Unité 10 - Naruto, tome 36",7.1,375,https://www.senscritique.com/bd/l_unite_10_naruto_tome_36/15428726,599,45.40901502504174,327.5,318–337
SensCritique,Manga,Naruto,48,"Hourras au village !! - Naruto, tome 48",7.1,353,https://www.senscritique.com/bd/hourras_au_village_naruto_tome_48/16066599,599,45.40901502504174,327.5,318–337
SensCritique,Manga,One Piece,2,"Luffy versus la bande à Baggy !! - One Piece, tome 2",7.1,1154,https://www.senscritique.com/bd/luffy_versus_la_bande_a_baggy_one_piece_tome_2/13038425,599,45.40901502504174,327.5,318–337
SensCritique,Manga,One Piece,67,"Cool Fight - One Piece, tome 67",7.1,451,https://www.senscritique.com/bd/cool_fight_one_piece_tome_67/17476731,599,45.40901502504174,327.5,318–337
SensCritique,Manga,Bleach,25,"No Shaking Throne - Bleach, tome 25",7.0,145,https://www.senscritique.com/bd/no_shaking_throne_bleach_tome_25/19150324,599,40.81803005008347,355.0,338–372
SensCritique,Manga,Bleach,33,"The Bad Joke - Bleach, tome 33",7.0,125,https://www.senscritique.com/bd/the_bad_joke_bleach_tome_33/19574751,599,40.81803005008347,355.0,338–372
SensCritique,Manga,Bleach,36,"Turn Back the Pendulum - Bleach, tome 36",7.0,120,https://www.senscritique.com/bd/turn_back_the_pendulum_bleach_tome_36/19601369,599,40.81803005008347,355.0,338–372
SensCritique,Manga,Bleach,37,"Beauty Is So Solitary - Bleach, tome 37",7.0,119,https://www.senscritique.com/bd/beauty_is_so_solitary_bleach_tome_37/19601370,599,40.81803005008347,355.0,338–372
SensCritique,Manga,Bleach,39,"El Verdugo - Bleach, tome 39",7.0,119,https://www.senscritique.com/bd/el_verdugo_bleach_tome_39/19601375,599,40.81803005008347,355.0,338–372
SensCritique,Manga,Bleach,42,"Shock of the Queen - Bleach, tome 42",7.0,116,https://www.senscritique.com/bd/shock_of_the_queen_bleach_tome_42/19601378,599,40.81803005008347,355.0,338–372
SensCritique,Manga,Bleach,44,"Vice It - Bleach, tome 44",7.0,112,https://www.senscritique.com/bd/vice_it_bleach_tome_44/19601414,599,40.81803005008347,355.0,338–372
SensCritique,Manga,Bleach,6,"The Death Trilogy Overture - Bleach, tome 6",7.0,199,https://www.senscritique.com/bd/the_death_trilogy_overture_bleach_tome_6/17690244,599,40.81803005008347,355.0,338–372
SensCritique,Manga,Demon Slayer,16,"Demon Slayer, tome 16",7.0,188,https://www.senscritique.com/bd/demon_slayer_tome_16/39728327,599,40.81803005008347,355.0,338–372
SensCritique,Manga,Demon Slayer,19,"Demon Slayer, tome 19",7.0,173,https://www.senscritique.com/bd/demon_slayer_tome_19/41233205,599,40.81803005008347,355.0,338–372
SensCritique,Manga,Demon Slayer,7,"Demon Slayer, tome 7",7.0,212,https://www.senscritique.com/bd/demon_slayer_tome_7/38783509,599,40.81803005008347,355.0,338–372
SensCritique,Manga,Demon Slayer,9,"Demon Slayer, tome 9",7.0,212,https://www.senscritique.com/bd/demon_slayer_tome_9/38783511,599,40.81803005008347,355.0,338–372
SensCritique,Manga,Hunter × Hunter,36,"Hunter X Hunter, tome 36",7.0,149,https://www.senscritique.com/bd/hunter_x_hunter_tome_36/38467507,599,40.81803005008347,355.0,338–372
SensCritique,Manga,Jujutsu Kaisen,18,"La Passion - Jujutsu Kaisen, tome 18",7.0,119,https://www.senscritique.com/bd/jujutsu_kaisen_tome_18/45492410,599,40.81803005008347,355.0,338–372
SensCritique,Manga,Jujutsu Kaisen,23,"L'Étoile et l'Énergie - Jujutsu Kaisen, tome 23",7.0,80,https://www.senscritique.com/bd/l_etoile_et_l_energie_jujutsu_kaisen_tome_23/56531390,599,40.81803005008347,355.0,338–372
SensCritique,Manga,Jujutsu Kaisen,25,"La Bataille du no man's land de Shinjuku - Jujutsu Kaisen, tome 25",7.0,69,https://www.senscritique.com/bd/jujutsu_kaisen_tome_25/69385675,599,40.81803005008347,355.0,338–372
SensCritique,Manga,Jujutsu Kaisen,3,"Retour de bâton - Jujutsu Kaisen, tome 3",7.0,269,https://www.senscritique.com/bd/retour_de_baton_jujutsu_kaisen_tome_3/39801230,599,40.81803005008347,355.0,338–372
SensCritique,Manga,Jujutsu Kaisen,5,"Le Tournoi - Jujutsu Kaisen, tome 5",7.0,238,https://www.senscritique.com/bd/le_tournoi_jujutsu_kaisen_tome_5/39804365,599,40.81803005008347,355.0,338–372
SensCritique,Arthur — texte fondateur,Légende arthurienne — textes fondateurs,v. 1176,Le Chevalier au lion,7.0,1932,https://www.senscritique.com/livre/le_chevalier_au_lion/120877,599,40.81803005008347,355.0,338–372
SensCritique,Manga,Magi,17,"Magi : The Labyrinth of Magic, tome 17",7.0,18,https://www.senscritique.com/bd/magi_the_labyrinth_of_magic_tome_17/17931622,599,40.81803005008347,355.0,338–372
SensCritique,Manga,Magi,19,"Magi : The Labyrinth of Magic, tome 19",7.0,17,https://www.senscritique.com/bd/magi_the_labyrinth_of_magic_tome_19/17931624,599,40.81803005008347,355.0,338–372
SensCritique,Manga,Magi,2,"Magi : The Labyrinth of Magic, tome 2",7.0,32,https://www.senscritique.com/bd/magi_the_labyrinth_of_magic_tome_2/17931380,599,40.81803005008347,355.0,338–372
SensCritique,Manga,Magi,3,"Magi : The Labyrinth of Magic, tome 3",7.0,28,https://www.senscritique.com/bd/magi_the_labyrinth_of_magic_tome_3/17931381,599,40.81803005008347,355.0,338–372
SensCritique,Manga,Magi,4,"Magi : The Labyrinth of Magic, tome 4",7.0,25,https://www.senscritique.com/bd/magi_the_labyrinth_of_magic_tome_4/17931382,599,40.81803005008347,355.0,338–372
SensCritique,Manga,Magi,7,"Magi : The Labyrinth of Magic, tome 7",7.0,20,https://www.senscritique.com/bd/magi_the_labyrinth_of_magic_tome_7/17931455,599,40.81803005008347,355.0,338–372
SensCritique,Manga,Magi,8,"Magi : The Labyrinth of Magic, tome 8",7.0,19,https://www.senscritique.com/bd/magi_the_labyrinth_of_magic_tome_8/17931456,599,40.81803005008347,355.0,338–372
SensCritique,Manga,My Hero Academia,20,"La fête de Yuei commence - My Hero Academia, tome 20",7.0,204,https://www.senscritique.com/bd/la_fete_de_yuei_commence_my_hero_academia_tome_20/36276636,599,40.81803005008347,355.0,338–372
SensCritique,Manga,Naruto,23,"Crise…!! - Naruto, tome 23",7.0,425,https://www.senscritique.com/bd/crise_naruto_tome_23/15121633,599,40.81803005008347,355.0,338–372
SensCritique,Manga,Naruto,30,"Chiyo et Sakura - Naruto, tome 30",7.0,411,https://www.senscritique.com/bd/chiyo_et_sakura_naruto_tome_30/15121768,599,40.81803005008347,355.0,338–372
SensCritique,Manga,Naruto,40,"L'Art ultime !! - Naruto, tome 40",7.0,383,https://www.senscritique.com/bd/l_art_ultime_naruto_tome_40/15428731,599,40.81803005008347,355.0,338–372
SensCritique,Manga,Naruto,41,"Le Choix de Jiraya !! - Naruto, tome 41",7.0,379,https://www.senscritique.com/bd/le_choix_de_jiraya_naruto_tome_41/15491265,599,40.81803005008347,355.0,338–372
SensCritique,Manga,Naruto,45,"Konoha, théâtre de guerre !! - Naruto, tome 45",7.0,360,https://www.senscritique.com/bd/konoha_theatre_de_guerre_naruto_tome_45/15491269,599,40.81803005008347,355.0,338–372
SensCritique,Manga,Naruto,53,"La Naissance de Naruto - Naruto, tome 53",7.0,339,https://www.senscritique.com/bd/la_naissance_de_naruto_naruto_tome_53/15799655,599,40.81803005008347,355.0,338–372
SensCritique,Manga,One Piece,64,"100 000 vs 10 - One Piece, tome 64",7.0,479,https://www.senscritique.com/bd/100_000_vs_10_one_piece_tome_64/17476713,599,40.81803005008347,355.0,338–372
SensCritique,Manga,One Piece,66,"Vers le soleil - One Piece, tome 66",7.0,461,https://www.senscritique.com/bd/vers_le_soleil_one_piece_tome_66/17476717,599,40.81803005008347,355.0,338–372
SensCritique,Manga,Black Clover,29,"Black Clover, tome 29",6.9,22,https://www.senscritique.com/bd/black_clover_tome_29/45493564,599,36.143572621035055,383.0,373–393
SensCritique,Manga,Black Clover,30,"Black Clover, tome 30",6.9,21,https://www.senscritique.com/bd/black_clover_tome_30/46721179,599,36.143572621035055,383.0,373–393
SensCritique,Manga,Bleach,10,"Tattoo on the Sky - Bleach, tome 10",6.9,176,https://www.senscritique.com/bd/tattoo_on_the_sky_bleach_tome_10/17771465,599,36.143572621035055,383.0,373–393
SensCritique,Manga,Bleach,31,"Don't Kill My Volupture - Bleach, tome 31",6.9,124,https://www.senscritique.com/bd/don_t_kill_my_volupture_bleach_tome_31/19574744,599,36.143572621035055,383.0,373–393
SensCritique,Manga,Bleach,46,"Back From Blind - Bleach, tome 46",6.9,113,https://www.senscritique.com/bd/back_from_blind_bleach_tome_46/19601420,599,36.143572621035055,383.0,373–393
SensCritique,Manga,Bleach,47,"End Of The Chrysalis Age - Bleach, tome 47",6.9,117,https://www.senscritique.com/bd/end_of_the_chrysalis_age_bleach_tome_47/19601421,599,36.143572621035055,383.0,373–393
SensCritique,Manga,Bleach,57,"Out Of Bloom - Bleach, tome 57",6.9,93,https://www.senscritique.com/bd/out_of_bloom_bleach_tome_57/17472995,599,36.143572621035055,383.0,373–393
SensCritique,Manga,Demon Slayer,17,"Demon Slayer, tome 17",6.9,188,https://www.senscritique.com/bd/demon_slayer_tome_17/40364233,599,36.143572621035055,383.0,373–393
SensCritique,Manga,Demon Slayer,5,"Demon Slayer, tome 5",6.9,244,https://www.senscritique.com/bd/demon_slayer_tome_5/38783505,599,36.143572621035055,383.0,373–393
SensCritique,Manga,Magi,13,"Magi : The Labyrinth of Magic, tome 13",6.9,17,https://www.senscritique.com/bd/magi_the_labyrinth_of_magic_tome_13/17931497,599,36.143572621035055,383.0,373–393
SensCritique,Manga,Magi,14,"Magi : The Labyrinth of Magic, tome 14",6.9,18,https://www.senscritique.com/bd/magi_the_labyrinth_of_magic_tome_14/17931618,599,36.143572621035055,383.0,373–393
SensCritique,Manga,Magi,15,"Magi : The Labyrinth of Magic, tome 15",6.9,19,https://www.senscritique.com/bd/magi_the_labyrinth_of_magic_tome_15/17931626,599,36.143572621035055,383.0,373–393
SensCritique,Manga,Magi,20,"Magi : The Labyrinth of Magic, tome 20",6.9,19,https://www.senscritique.com/bd/magi_the_labyrinth_of_magic_tome_20/17931648,599,36.143572621035055,383.0,373–393
SensCritique,Manga,Magi,6,"Magi : The Labyrinth of Magic, tome 6",6.9,21,https://www.senscritique.com/bd/magi_the_labyrinth_of_magic_tome_6/17931384,599,36.143572621035055,383.0,373–393
SensCritique,Manga,Magi,9,"Magi : The Labyrinth of Magic, tome 9",6.9,19,https://www.senscritique.com/bd/magi_the_labyrinth_of_magic_tome_9/17931458,599,36.143572621035055,383.0,373–393
SensCritique,Manga,My Hero Academia,22,"L'Héritage - My Hero Academia, tome 22",6.9,199,https://www.senscritique.com/bd/l_heritage_my_hero_academia_tome_22/38916976,599,36.143572621035055,383.0,373–393
SensCritique,Manga,Naruto,28,"Le Retour au pays !! - Naruto, tome 28",6.9,419,https://www.senscritique.com/bd/le_retour_au_pays_naruto_tome_28/15121725,599,36.143572621035055,383.0,373–393
SensCritique,Manga,Naruto,29,"Kakashi versus Itachi !! - Naruto, tome 29",6.9,411,https://www.senscritique.com/bd/kakashi_versus_itachi_naruto_tome_29/15121746,599,36.143572621035055,383.0,373–393
SensCritique,Manga,One Piece,33,"Davy Back Fight !! - One Piece, tome 33",6.9,599,https://www.senscritique.com/bd/davy_back_fight_one_piece_tome_33/219045,599,36.143572621035055,383.0,373–393
SensCritique,Manga,One Piece,63,"Otohime et Tiger - One Piece, tome 63",6.9,464,https://www.senscritique.com/bd/otohime_et_tiger_one_piece_tome_63/17476712,599,36.143572621035055,383.0,373–393
SensCritique,Manga,One Piece,65,"Table rase - One Piece, tome 65",6.9,460,https://www.senscritique.com/bd/table_rase_one_piece_tome_65/17476714,599,36.143572621035055,383.0,373–393
SensCritique,Manga,Black Clover,14,"Black Clover, tome 14",6.8,54,https://www.senscritique.com/bd/black_clover_tome_14/36165934,599,32.721202003338895,403.5,394–413
SensCritique,Manga,Black Clover,16,"Black Clover, tome 16",6.8,49,https://www.senscritique.com/bd/black_clover_tome_16/38837618,599,32.721202003338895,403.5,394–413
SensCritique,Manga,Black Clover,4,"Black Clover, tome 4",6.8,115,https://www.senscritique.com/bd/black_clover_tome_4/24067924,599,32.721202003338895,403.5,394–413
SensCritique,Manga,Bleach,1,"The Death and the Strawberry - Bleach, tome 1",6.8,277,https://www.senscritique.com/bd/the_death_and_the_strawberry_bleach_tome_1/15331210,599,32.721202003338895,403.5,394–413
SensCritique,Manga,Bleach,21,"Be My Family Or Not - Bleach, tome 21",6.8,151,https://www.senscritique.com/bd/be_my_family_or_not_bleach_tome_21/19150320,599,32.721202003338895,403.5,394–413
SensCritique,Manga,Bleach,30,"There Is No Heart Without You - Bleach, tome 30",6.8,126,https://www.senscritique.com/bd/there_is_no_heart_without_you_bleach_tome_30/19574743,599,32.721202003338895,403.5,394–413
SensCritique,Manga,Bleach,38,"Fear For Fight - Bleach, tome 38",6.8,116,https://www.senscritique.com/bd/fear_for_fight_bleach_tome_38/19601371,599,32.721202003338895,403.5,394–413
SensCritique,Manga,Demon Slayer,14,"Demon Slayer, tome 14",6.8,189,https://www.senscritique.com/bd/demon_slayer_tome_14/38843570,599,32.721202003338895,403.5,394–413
SensCritique,Manga,Demon Slayer,2,"Demon Slayer, tome 2",6.8,335,https://www.senscritique.com/bd/demon_slayer_tome_2/27747295,599,32.721202003338895,403.5,394–413
SensCritique,Manga,Demon Slayer,21,"Demon Slayer, tome 21",6.8,165,https://www.senscritique.com/bd/demon_slayer_tome_21/42471434,599,32.721202003338895,403.5,394–413
SensCritique,Manga,Demon Slayer,4,"Demon Slayer, tome 4",6.8,262,https://www.senscritique.com/bd/demon_slayer_tome_4/37830220,599,32.721202003338895,403.5,394–413
SensCritique,Manga,Jujutsu Kaisen,1,"Ryomen Sukuna - Jujutsu Kaisen, tome 1",6.8,375,https://www.senscritique.com/bd/ryomen_sukuna_jujutsu_kaisen_tome_1/39730504,599,32.721202003338895,403.5,394–413
SensCritique,Manga,Jujutsu Kaisen,22,"Sakurajima : Réincarnation - Jujutsu Kaisen, tome 22",6.8,86,https://www.senscritique.com/bd/jujutsu_kaisen_tome_22/55311000,599,32.721202003338895,403.5,394–413
SensCritique,Manga,Magi,11,"Magi : The Labyrinth of Magic, tome 11",6.8,18,https://www.senscritique.com/bd/magi_the_labyrinth_of_magic_tome_11/17931460,599,32.721202003338895,403.5,394–413
SensCritique,Manga,Magi,16,"Magi : The Labyrinth of Magic, tome 16",6.8,18,https://www.senscritique.com/bd/magi_the_labyrinth_of_magic_tome_16/17931621,599,32.721202003338895,403.5,394–413
SensCritique,Manga,Magi,22,"Magi : The Labyrinth of Magic, tome 22",6.8,18,https://www.senscritique.com/bd/magi_the_labyrinth_of_magic_tome_22/19949733,599,32.721202003338895,403.5,394–413
SensCritique,Manga,Naruto,33,"Mission top secret…!! - Naruto, tome 33",6.8,388,https://www.senscritique.com/bd/mission_top_secret_naruto_tome_33/15316946,599,32.721202003338895,403.5,394–413
SensCritique,Manga,Naruto,38,"Le Fruit de l'entraînement…!! - Naruto, tome 38",6.8,374,https://www.senscritique.com/bd/le_fruit_de_l_entrainement_naruto_tome_38/15428728,599,32.721202003338895,403.5,394–413
SensCritique,Manga,Naruto,44,"Traditions d'ermite… !! - Naruto, tome 44",6.8,369,https://www.senscritique.com/bd/traditions_d_ermite_naruto_tome_44/15491268,599,32.721202003338895,403.5,394–413
SensCritique,Manga,One Piece,62,"Périple sur l'île des hommes-poissons - One Piece, tome 62",6.8,505,https://www.senscritique.com/bd/periple_sur_l_ile_des_hommes_poissons_one_piece_tome_62/17476710,599,32.721202003338895,403.5,394–413
SensCritique,Manga,Black Clover,15,"Black Clover, tome 15",6.7,51,https://www.senscritique.com/bd/black_clover_tome_15/38363234,599,29.63272120200334,422.0,414–430
SensCritique,Manga,Black Clover,23,"Black Clover, tome 23",6.7,37,https://www.senscritique.com/bd/black_clover_tome_23/42714971,599,29.63272120200334,422.0,414–430
SensCritique,Manga,Black Clover,28,"Black Clover, tome 28",6.7,30,https://www.senscritique.com/bd/black_clover_tome_28/45417192,599,29.63272120200334,422.0,414–430
SensCritique,Manga,Black Clover,31,"Black Clover, tome 31",6.7,19,https://www.senscritique.com/bd/black_clover_tome_31/51514749,599,29.63272120200334,422.0,414–430
SensCritique,Manga,Bleach,27,"Goodbye Halcyon Days - Bleach, tome 27",6.7,137,https://www.senscritique.com/bd/goodbye_halcyon_days_bleach_tome_27/19150326,599,29.63272120200334,422.0,414–430
SensCritique,Manga,Bleach,5,"Rightarm of the Giant - Bleach, tome 5",6.7,206,https://www.senscritique.com/bd/rightarm_of_the_giant_bleach_tome_5/17690243,599,29.63272120200334,422.0,414–430
SensCritique,Manga,Bleach,59,"The Battle - Bleach, tome 59",6.7,98,https://www.senscritique.com/bd/the_battle_bleach_tome_59/18004953,599,29.63272120200334,422.0,414–430
SensCritique,Manga,Bleach,60,"Everything But The Rain - Bleach, tome 60",6.7,103,https://www.senscritique.com/bd/everything_but_the_rain_bleach_tome_60/18004954,599,29.63272120200334,422.0,414–430
SensCritique,Manga,Bleach,9,"Fourteen Days for Conspiracy - Bleach, tome 9",6.7,176,https://www.senscritique.com/bd/fourteen_days_for_conspiracy_bleach_tome_9/17771393,599,29.63272120200334,422.0,414–430
SensCritique,Manga,Demon Slayer,1,"Demon Slayer, tome 1",6.7,408,https://www.senscritique.com/bd/demon_slayer_tome_1/27747294,599,29.63272120200334,422.0,414–430
SensCritique,Manga,Demon Slayer,13,"Demon Slayer, tome 13",6.7,187,https://www.senscritique.com/bd/demon_slayer_tome_13/38843568,599,29.63272120200334,422.0,414–430
SensCritique,Manga,Demon Slayer,15,"Demon Slayer, tome 15",6.7,189,https://www.senscritique.com/bd/demon_slayer_tome_15/39048593,599,29.63272120200334,422.0,414–430
SensCritique,Manga,Demon Slayer,6,"Demon Slayer, tome 6",6.7,218,https://www.senscritique.com/bd/demon_slayer_tome_6/38783507,599,29.63272120200334,422.0,414–430
SensCritique,Manga,Fairy Tail,12,"Fairy Tail, tome 12",6.7,162,https://www.senscritique.com/bd/fairy_tail_tome_12/17805507,599,29.63272120200334,422.0,414–430
SensCritique,Manga,Jujutsu Kaisen,21,"Tokyo 2 : Grande chance - Jujutsu Kaisen, tome 21",6.7,87,https://www.senscritique.com/bd/jujutsu_kaisen_tome_21/55310377,599,29.63272120200334,422.0,414–430
SensCritique,Manga,Magi,10,"Magi : The Labyrinth of Magic, tome 10",6.7,18,https://www.senscritique.com/bd/magi_the_labyrinth_of_magic_tome_10/17931459,599,29.63272120200334,422.0,414–430
SensCritique,Manga,Magi,26,"Magi : The Labyrinth of Magic, tome 26",6.7,16,https://www.senscritique.com/bd/magi_the_labyrinth_of_magic_tome_26/25240861,599,29.63272120200334,422.0,414–430
SensCritique,Manga,Black Clover,13,"Black Clover, tome 13",6.6,58,https://www.senscritique.com/bd/black_clover_tome_13/35794242,599,26.71118530884808,439.5,431–448
SensCritique,Manga,Black Clover,3,"Black Clover, tome 3",6.6,130,https://www.senscritique.com/bd/black_clover_tome_3/23512820,599,26.71118530884808,439.5,431–448
SensCritique,Manga,Black Clover,35,"Black Clover, tome 35",6.6,9,https://www.senscritique.com/bd/black_clover_tome_35/82303083,599,26.71118530884808,439.5,431–448
SensCritique,Manga,Black Clover,6,"Black Clover, tome 6",6.6,97,https://www.senscritique.com/bd/black_clover_tome_6/25465596,599,26.71118530884808,439.5,431–448
SensCritique,Manga,Bleach,2,"Goodbye Parakeet, Goodnite my Sista - Bleach, tome 2",6.6,269,https://www.senscritique.com/bd/goodbye_parakeet_goodnite_my_sista_bleach_tome_2/15331211,599,26.71118530884808,439.5,431–448
SensCritique,Manga,Bleach,26,"The Mascaron Drive - Bleach, tome 26",6.6,142,https://www.senscritique.com/bd/the_mascaron_drive_bleach_tome_26/19150325,599,26.71118530884808,439.5,431–448
SensCritique,Manga,Bleach,28,"Baron’s Lecture Full Course - Bleach, tome 28",6.6,135,https://www.senscritique.com/bd/barons_lecture_full_course_bleach_tome_28/19150327,599,26.71118530884808,439.5,431–448
SensCritique,Manga,Bleach,3,"Memories in the Rain - Bleach, tome 3",6.6,233,https://www.senscritique.com/bd/memories_in_the_rain_bleach_tome_3/15411210,599,26.71118530884808,439.5,431–448
SensCritique,Manga,Bleach,70,"Friend - Bleach, tome 70",6.6,75,https://www.senscritique.com/bd/friend_bleach_tome_70/23348929,599,26.71118530884808,439.5,431–448
SensCritique,Manga,Demon Slayer,12,"Demon Slayer, tome 12",6.6,200,https://www.senscritique.com/bd/demon_slayer_tome_12/38808494,599,26.71118530884808,439.5,431–448
SensCritique,Manga,Demon Slayer,3,"Demon Slayer, tome 3",6.6,289,https://www.senscritique.com/bd/demon_slayer_tome_3/29585660,599,26.71118530884808,439.5,431–448
SensCritique,Manga,Jujutsu Kaisen,26,"Vers le sud - Jujutsu Kaisen, tome 26",6.6,65,https://www.senscritique.com/bd/jujutsu_kaisen_tome_26/83168041,599,26.71118530884808,439.5,431–448
SensCritique,Manga,Magi,1,"Magi : The Labyrinth of Magic, tome 1",6.6,48,https://www.senscritique.com/bd/magi_the_labyrinth_of_magic_tome_1/17931352,599,26.71118530884808,439.5,431–448
SensCritique,Manga,Naruto,34,"Les Retrouvailles…!! - Naruto, tome 34",6.6,379,https://www.senscritique.com/bd/les_retrouvailles_naruto_tome_34/15317731,599,26.71118530884808,439.5,431–448
SensCritique,Manga,Naruto,35,"Un nouveau duo !! - Naruto, tome 35",6.6,380,https://www.senscritique.com/bd/un_nouveau_duo_naruto_tome_35/15428725,599,26.71118530884808,439.5,431–448
SensCritique,Manga,Naruto,49,"Le Conseil des cinq Kage… !! - Naruto, tome 49",6.6,355,https://www.senscritique.com/bd/le_conseil_des_cinq_kage_naruto_tome_49/16066601,599,26.71118530884808,439.5,431–448
SensCritique,Manga,Naruto,51,"Sasuke vs Danzô… !! - Naruto, tome 51",6.6,345,https://www.senscritique.com/bd/sasuke_vs_danzo_naruto_tome_51/16625346,599,26.71118530884808,439.5,431–448
SensCritique,Manga,One Piece,115,"Ce qu'il y a de plus fort au monde - One Piece, tome 115",6.6,27,https://www.senscritique.com/bd/ce_qu_il_y_a_de_plus_fort_au_monde_one_piece_tome_115/138065785,599,26.71118530884808,439.5,431–448
SensCritique,Manga,Black Clover,10,"Black Clover, tome 10",6.5,74,https://www.senscritique.com/bd/black_clover_tome_10/29079324,599,23.45575959933222,459.0,449–469
SensCritique,Manga,Black Clover,32,"Black Clover, tome 32",6.5,16,https://www.senscritique.com/bd/black_clover_tome_32/54702961,599,23.45575959933222,459.0,449–469
SensCritique,Manga,Black Clover,8,"Black Clover, tome 8",6.5,83,https://www.senscritique.com/bd/black_clover_tome_8/27658500,599,23.45575959933222,459.0,449–469
SensCritique,Manga,Black Clover,9,"Black Clover, tome 9",6.5,76,https://www.senscritique.com/bd/black_clover_tome_9/28518886,599,23.45575959933222,459.0,449–469
SensCritique,Manga,Bleach,29,"The Slashing Opera - Bleach, tome 29",6.5,128,https://www.senscritique.com/bd/the_slashing_opera_bleach_tome_29/19574742,599,23.45575959933222,459.0,449–469
SensCritique,Manga,Bleach,56,"March Of The Starcross - Bleach, tome 56",6.5,105,https://www.senscritique.com/bd/march_of_the_starcross_bleach_tome_56/17525093,599,23.45575959933222,459.0,449–469
SensCritique,Manga,Bleach,71,"Baby, Hold Your Hand - Bleach, tome 71",6.5,78,https://www.senscritique.com/bd/baby_hold_your_hand_bleach_tome_71/23348927,599,23.45575959933222,459.0,449–469
SensCritique,Manga,Demon Slayer,22,"Demon Slayer, tome 22",6.5,158,https://www.senscritique.com/bd/demon_slayer_tome_22/43116622,599,23.45575959933222,459.0,449–469
SensCritique,Manga,Fairy Tail,47,"Fairy Tail, tome 47",6.5,89,https://www.senscritique.com/bd/fairy_tail_tome_47/17806735,599,23.45575959933222,459.0,449–469
SensCritique,Manga,Fairy Tail,6,"Fairy Tail, tome 6",6.5,185,https://www.senscritique.com/bd/fairy_tail_tome_6/17805441,599,23.45575959933222,459.0,449–469
SensCritique,Manga,Fairy Tail,7,"Fairy Tail, tome 7",6.5,179,https://www.senscritique.com/bd/fairy_tail_tome_7/17805482,599,23.45575959933222,459.0,449–469
SensCritique,Manga,Fairy Tail,8,"Fairy Tail, tome 8",6.5,183,https://www.senscritique.com/bd/fairy_tail_tome_8/17805502,599,23.45575959933222,459.0,449–469
SensCritique,Manga,Magi,23,"Magi : The Labyrinth of Magic, tome 23",6.5,17,https://www.senscritique.com/bd/magi_the_labyrinth_of_magic_tome_23/22128312,599,23.45575959933222,459.0,449–469
SensCritique,Manga,Magi,24,"Magi : The Labyrinth of Magic, tome 24",6.5,17,https://www.senscritique.com/bd/magi_the_labyrinth_of_magic_tome_24/23872721,599,23.45575959933222,459.0,449–469
SensCritique,Manga,Magi,27,"Magi : The Labyrinth of Magic, tome 27",6.5,17,https://www.senscritique.com/bd/magi_the_labyrinth_of_magic_tome_27/25831099,599,23.45575959933222,459.0,449–469
SensCritique,Manga,Magi,28,"Magi : The Labyrinth of Magic, tome 28",6.5,15,https://www.senscritique.com/bd/magi_the_labyrinth_of_magic_tome_28/32119665,599,23.45575959933222,459.0,449–469
SensCritique,Manga,Magi,30,"Magi : The Labyrinth of Magic, tome 30",6.5,15,https://www.senscritique.com/bd/magi_the_labyrinth_of_magic_tome_30/35828245,599,23.45575959933222,459.0,449–469
SensCritique,Manga,My Hero Academia,19,"La Fête de Yuei - My Hero Academia, tome 19",6.5,207,https://www.senscritique.com/bd/la_fete_de_yuei_my_hero_academia_tome_19/35286457,599,23.45575959933222,459.0,449–469
SensCritique,Manga,Naruto,32,"Sur les traces de Sasuke !! - Naruto, tome 32",6.5,392,https://www.senscritique.com/bd/sur_les_traces_de_sasuke_naruto_tome_32/15316653,599,23.45575959933222,459.0,449–469
SensCritique,Manga,Naruto,39,"Ceux qui font bouger les choses - Naruto, tome 39",6.5,372,https://www.senscritique.com/bd/ceux_qui_font_bouger_les_choses_naruto_tome_39/15428729,599,23.45575959933222,459.0,449–469
SensCritique,Manga,Naruto,72,"Naruto Uzumaki !! - Naruto, tome 72",6.5,300,https://www.senscritique.com/bd/naruto_uzumaki_naruto_tome_72/18158800,599,23.45575959933222,459.0,449–469
SensCritique,Manga,Black Clover,11,"Black Clover, tome 11",6.4,64,https://www.senscritique.com/bd/black_clover_tome_11/29641704,599,19.69949916527546,481.5,470–493
SensCritique,Manga,Black Clover,12,"Black Clover, tome 12",6.4,60,https://www.senscritique.com/bd/black_clover_tome_12/33476586,599,19.69949916527546,481.5,470–493
SensCritique,Manga,Black Clover,19,"Black Clover, tome 19",6.4,47,https://www.senscritique.com/bd/black_clover_tome_19/39746741,599,19.69949916527546,481.5,470–493
SensCritique,Manga,Black Clover,2,"Black Clover, tome 2",6.4,162,https://www.senscritique.com/bd/black_clover_tome_2/22563596,599,19.69949916527546,481.5,470–493
SensCritique,Manga,Black Clover,21,"Black Clover, tome 21",6.4,42,https://www.senscritique.com/bd/black_clover_tome_21/40913695,599,19.69949916527546,481.5,470–493
SensCritique,Manga,Black Clover,34,"Black Clover, tome 34",6.4,14,https://www.senscritique.com/bd/black_clover_tome_34/58782624,599,19.69949916527546,481.5,470–493
SensCritique,Manga,Black Clover,36,"Black Clover, tome 36",6.4,8,https://www.senscritique.com/bd/black_clover_tome_36/98762091,599,19.69949916527546,481.5,470–493
SensCritique,Manga,Black Clover,7,"Black Clover, tome 7",6.4,93,https://www.senscritique.com/bd/black_clover_tome_7/25972873,599,19.69949916527546,481.5,470–493
SensCritique,Manga,Bleach,4,"Quincy Archer Hates You - Bleach, tome 4",6.4,216,https://www.senscritique.com/bd/quincy_archer_hates_you_bleach_tome_4/17690242,599,19.69949916527546,481.5,470–493
SensCritique,Manga,Bleach,67,"Black - Bleach, tome 67",6.4,87,https://www.senscritique.com/bd/black_bleach_tome_67/19138792,599,19.69949916527546,481.5,470–493
SensCritique,Manga,Fairy Tail,1,"Fairy Tail, tome 1",6.4,296,https://www.senscritique.com/bd/fairy_tail_tome_1/17805436,599,19.69949916527546,481.5,470–493
SensCritique,Manga,Fairy Tail,10,"Fairy Tail, tome 10",6.4,170,https://www.senscritique.com/bd/fairy_tail_tome_10/17805504,599,19.69949916527546,481.5,470–493
SensCritique,Manga,Fairy Tail,11,"Fairy Tail, tome 11",6.4,163,https://www.senscritique.com/bd/fairy_tail_tome_11/17805505,599,19.69949916527546,481.5,470–493
SensCritique,Manga,Fairy Tail,14,"Fairy Tail, tome 14",6.4,154,https://www.senscritique.com/bd/fairy_tail_tome_14/17805520,599,19.69949916527546,481.5,470–493
SensCritique,Manga,Fairy Tail,15,"Fairy Tail, tome 15",6.4,149,https://www.senscritique.com/bd/fairy_tail_tome_15/17805521,599,19.69949916527546,481.5,470–493
SensCritique,Manga,Fairy Tail,46,"Fairy Tail, tome 46",6.4,88,https://www.senscritique.com/bd/fairy_tail_tome_46/17806734,599,19.69949916527546,481.5,470–493
SensCritique,Manga,Fairy Tail,53,"Fairy Tail, tome 53",6.4,77,https://www.senscritique.com/bd/fairy_tail_tome_53/22732103,599,19.69949916527546,481.5,470–493
SensCritique,Manga,Hunter × Hunter,38,"Hunter x Hunter, tome 38",6.4,65,https://www.senscritique.com/bd/hunter_x_hunter_tome_38/98192299,599,19.69949916527546,481.5,470–493
SensCritique,Manga,Magi,21,"Magi : The Labyrinth of Magic, tome 21",6.4,20,https://www.senscritique.com/bd/magi_the_labyrinth_of_magic_tome_21/17931649,599,19.69949916527546,481.5,470–493
SensCritique,Manga,Magi,29,"Magi : The Labyrinth of Magic, tome 29",6.4,15,https://www.senscritique.com/bd/magi_the_labyrinth_of_magic_tome_29/33881133,599,19.69949916527546,481.5,470–493
SensCritique,Manga,Magi,33,"Magi : The Labyrinth of Magic, tome 33",6.4,12,https://www.senscritique.com/bd/magi_the_labyrinth_of_magic_tome_33/38052002,599,19.69949916527546,481.5,470–493
SensCritique,Manga,Magi,35,"Magi : The Labyrinth of Magic, tome 35",6.4,13,https://www.senscritique.com/bd/magi_the_labyrinth_of_magic_tome_35/38101213,599,19.69949916527546,481.5,470–493
SensCritique,Manga,Naruto,50,"Duel à mort dans la prison aqueuse !! - Naruto, tome 50",6.4,337,https://www.senscritique.com/bd/duel_a_mort_dans_la_prison_aqueuse_naruto_tome_50/16066602,599,19.69949916527546,481.5,470–493
SensCritique,Manga,Naruto,65,"Hashirama et Madara - Naruto, tome 65",6.4,309,https://www.senscritique.com/bd/hashirama_et_madara_naruto_tome_65/13019806,599,19.69949916527546,481.5,470–493
SensCritique,Manga,Black Clover,17,"Black Clover, tome 17",6.3,51,https://www.senscritique.com/bd/black_clover_tome_17/39566097,599,16.19365609348915,502.5,494–511
SensCritique,Manga,Black Clover,22,"Black Clover, tome 22",6.3,42,https://www.senscritique.com/bd/black_clover_tome_22/41365220,599,16.19365609348915,502.5,494–511
SensCritique,Manga,Bleach,55,"The Blood Warfare - Bleach, tome 55",6.3,104,https://www.senscritique.com/bd/the_blood_warfare_bleach_tome_55/17525094,599,16.19365609348915,502.5,494–511
SensCritique,Manga,Bleach,61,"The Last 9 Days - Bleach, tome 61",6.3,96,https://www.senscritique.com/bd/the_last_9_days_bleach_tome_61/19106877,599,16.19365609348915,502.5,494–511
SensCritique,Manga,Bleach,62,"Heart of Wolf - Bleach, tome 62",6.3,100,https://www.senscritique.com/bd/heart_of_wolf_bleach_tome_62/15331212,599,16.19365609348915,502.5,494–511
SensCritique,Manga,Bleach,64,"Death In Vision - Bleach, tome 64",6.3,91,https://www.senscritique.com/bd/death_in_vision_bleach_tome_64/19118472,599,16.19365609348915,502.5,494–511
SensCritique,Manga,Bleach,68,"The Ordinary Peace - Bleach, tome 68",6.3,85,https://www.senscritique.com/bd/the_ordinary_peace_bleach_tome_68/19145735,599,16.19365609348915,502.5,494–511
SensCritique,Manga,Bleach,73,"Battlefield Burning - Bleach, tome 73",6.3,76,https://www.senscritique.com/bd/battlefield_burning_bleach_tome_73/25314342,599,16.19365609348915,502.5,494–511
SensCritique,Manga,Fairy Tail,13,"Fairy Tail, tome 13",6.3,155,https://www.senscritique.com/bd/fairy_tail_tome_13/17805519,599,16.19365609348915,502.5,494–511
SensCritique,Manga,Fairy Tail,28,"Fairy Tail, tome 28",6.3,113,https://www.senscritique.com/bd/fairy_tail_tome_28/17806509,599,16.19365609348915,502.5,494–511
SensCritique,Manga,Fairy Tail,30,"Fairy Tail, tome 30",6.3,115,https://www.senscritique.com/bd/fairy_tail_tome_30/17806528,599,16.19365609348915,502.5,494–511
SensCritique,Manga,Fairy Tail,45,"Fairy Tail, tome 45",6.3,86,https://www.senscritique.com/bd/fairy_tail_tome_45/17806733,599,16.19365609348915,502.5,494–511
SensCritique,Manga,Fairy Tail,49,"Fairy Tail, tome 49",6.3,90,https://www.senscritique.com/bd/fairy_tail_tome_49/18437426,599,16.19365609348915,502.5,494–511
SensCritique,Manga,Fairy Tail,5,"Fairy Tail, tome 5",6.3,205,https://www.senscritique.com/bd/fairy_tail_tome_5/17805440,599,16.19365609348915,502.5,494–511
SensCritique,Manga,Fairy Tail,54,"Fairy Tail, tome 54",6.3,74,https://www.senscritique.com/bd/fairy_tail_tome_54/23751262,599,16.19365609348915,502.5,494–511
SensCritique,Manga,Fairy Tail,9,"Fairy Tail, tome 9",6.3,177,https://www.senscritique.com/bd/fairy_tail_tome_9/17805503,599,16.19365609348915,502.5,494–511
SensCritique,Manga,Magi,25,"Magi : The Labyrinth of Magic, tome 25",6.3,16,https://www.senscritique.com/bd/magi_the_labyrinth_of_magic_tome_25/24906742,599,16.19365609348915,502.5,494–511
SensCritique,Manga,Naruto,52,"Réalités multiples - Naruto, tome 52",6.3,333,https://www.senscritique.com/bd/realites_multiples_naruto_tome_52/15796395,599,16.19365609348915,502.5,494–511
SensCritique,Manga,Black Clover,1,"Le Serment - Black Clover, tome 1",6.2,285,https://www.senscritique.com/bd/black_clover_tome_1/21325917,599,12.854757929883139,522.5,512–533
SensCritique,Manga,Black Clover,18,"Black Clover, tome 18",6.2,48,https://www.senscritique.com/bd/black_clover_tome_18/39746740,599,12.854757929883139,522.5,512–533
SensCritique,Manga,Black Clover,5,"Black Clover, tome 5",6.2,103,https://www.senscritique.com/bd/black_clover_tome_5/25113916,599,12.854757929883139,522.5,512–533
SensCritique,Manga,Bleach,54,"Goodbye To Our Xcution - Bleach, tome 54",6.2,104,https://www.senscritique.com/bd/goodbye_to_our_xcution_bleach_tome_54/17525095,599,12.854757929883139,522.5,512–533
SensCritique,Manga,Bleach,69,"Against The Judgement - Bleach, tome 69",6.2,85,https://www.senscritique.com/bd/against_the_judgement_bleach_tome_69/19145736,599,12.854757929883139,522.5,512–533
SensCritique,Manga,Fairy Tail,19,"Fairy Tail, tome 19",6.2,140,https://www.senscritique.com/bd/fairy_tail_tome_19/17805587,599,12.854757929883139,522.5,512–533
SensCritique,Manga,Fairy Tail,2,"Fairy Tail, tome 2",6.2,259,https://www.senscritique.com/bd/fairy_tail_tome_2/17805437,599,12.854757929883139,522.5,512–533
SensCritique,Manga,Fairy Tail,26,"Fairy Tail, tome 26",6.2,114,https://www.senscritique.com/bd/fairy_tail_tome_26/17806488,599,12.854757929883139,522.5,512–533
SensCritique,Manga,Fairy Tail,29,"Fairy Tail, tome 29",6.2,116,https://www.senscritique.com/bd/fairy_tail_tome_29/17806521,599,12.854757929883139,522.5,512–533
SensCritique,Manga,Fairy Tail,36,"Fairy Tail, tome 36",6.2,105,https://www.senscritique.com/bd/fairy_tail_tome_36/17806642,599,12.854757929883139,522.5,512–533
SensCritique,Manga,Fairy Tail,37,"Fairy Tail, tome 37",6.2,104,https://www.senscritique.com/bd/fairy_tail_tome_37/17806655,599,12.854757929883139,522.5,512–533
SensCritique,Manga,Fairy Tail,39,"Fairy Tail, tome 39",6.2,96,https://www.senscritique.com/bd/fairy_tail_tome_39/17806661,599,12.854757929883139,522.5,512–533
SensCritique,Manga,Fairy Tail,4,"Fairy Tail, tome 4",6.2,205,https://www.senscritique.com/bd/fairy_tail_tome_4/17805439,599,12.854757929883139,522.5,512–533
SensCritique,Manga,Hunter × Hunter,37,"Hunter x Hunter, tome 37",6.2,84,https://www.senscritique.com/bd/hunter_x_hunter_tome_37/51283399,599,12.854757929883139,522.5,512–533
SensCritique,Manga,Magi,31,"Magi : The Labyrinth of Magic, tome 31",6.2,13,https://www.senscritique.com/bd/magi_the_labyrinth_of_magic_tome_31/38010298,599,12.854757929883139,522.5,512–533
SensCritique,Manga,Magi,32,"Magi : The Labyrinth of Magic, tome 32",6.2,14,https://www.senscritique.com/bd/magi_the_labyrinth_of_magic_tome_32/38048450,599,12.854757929883139,522.5,512–533
SensCritique,Manga,Naruto,54,"Un pont pour la paix - Naruto, tome 54",6.2,322,https://www.senscritique.com/bd/un_pont_pour_la_paix_naruto_tome_54/15799732,599,12.854757929883139,522.5,512–533
SensCritique,Manga,Naruto,58,"Naruto vs Itachi !! - Naruto, tome 58",6.2,304,https://www.senscritique.com/bd/naruto_vs_itachi_naruto_tome_58/16625349,599,12.854757929883139,522.5,512–533
SensCritique,Manga,Naruto,61,"Frères unis dans le combat !! - Naruto, tome 61",6.2,310,https://www.senscritique.com/bd/freres_unis_dans_le_combat_naruto_tome_61/16626837,599,12.854757929883139,522.5,512–533
SensCritique,Manga,Naruto,63,"Monde onirique - Naruto, tome 63",6.2,293,https://www.senscritique.com/bd/monde_onirique_naruto_tome_63/16626840,599,12.854757929883139,522.5,512–533
SensCritique,Manga,Naruto,66,"Protection mutuelle - Naruto, tome 66",6.2,289,https://www.senscritique.com/bd/protection_mutuelle_naruto_tome_66/16626845,599,12.854757929883139,522.5,512–533
SensCritique,Manga,Naruto,69,"Un printemps écarlate - Naruto, tome 69",6.2,314,https://www.senscritique.com/bd/un_printemps_ecarlate_naruto_tome_69/17255096,599,12.854757929883139,522.5,512–533
SensCritique,Manga,Black Clover,33,"Black Clover, tome 33",6.1,16,https://www.senscritique.com/bd/black_clover_tome_33/55983196,599,9.348914858096828,543.5,534–553
SensCritique,Manga,Bleach,66,"Sorry I Am Strong - Bleach, tome 66",6.1,90,https://www.senscritique.com/bd/sorry_i_am_strong_bleach_tome_66/19118741,599,9.348914858096828,543.5,534–553
SensCritique,Manga,Fairy Tail,18,"Fairy Tail, tome 18",6.1,138,https://www.senscritique.com/bd/fairy_tail_tome_18/17805586,599,9.348914858096828,543.5,534–553
SensCritique,Manga,Fairy Tail,24,"Fairy Tail, tome 24",6.1,124,https://www.senscritique.com/bd/fairy_tail_tome_24/17806474,599,9.348914858096828,543.5,534–553
SensCritique,Manga,Fairy Tail,25,"Fairy Tail, tome 25",6.1,118,https://www.senscritique.com/bd/fairy_tail_tome_25/17806482,599,9.348914858096828,543.5,534–553
SensCritique,Manga,Fairy Tail,27,"Fairy Tail, tome 27",6.1,115,https://www.senscritique.com/bd/fairy_tail_tome_27/17806491,599,9.348914858096828,543.5,534–553
SensCritique,Manga,Fairy Tail,3,"Fairy Tail, tome 3",6.1,234,https://www.senscritique.com/bd/fairy_tail_tome_3/17805438,599,9.348914858096828,543.5,534–553
SensCritique,Manga,Fairy Tail,33,"Fairy Tail, tome 33",6.1,109,https://www.senscritique.com/bd/fairy_tail_tome_33/17806627,599,9.348914858096828,543.5,534–553
SensCritique,Manga,Fairy Tail,34,"Fairy Tail, tome 34",6.1,114,https://www.senscritique.com/bd/fairy_tail_tome_34/17806634,599,9.348914858096828,543.5,534–553
SensCritique,Manga,Fairy Tail,38,"Fairy Tail, tome 38",6.1,104,https://www.senscritique.com/bd/fairy_tail_tome_38/17806659,599,9.348914858096828,543.5,534–553
SensCritique,Manga,Fairy Tail,44,"Fairy Tail, tome 44",6.1,86,https://www.senscritique.com/bd/fairy_tail_tome_44/17806732,599,9.348914858096828,543.5,534–553
SensCritique,Manga,Fairy Tail,48,"Fairy Tail, tome 48",6.1,88,https://www.senscritique.com/bd/fairy_tail_tome_48/18309374,599,9.348914858096828,543.5,534–553
SensCritique,Manga,Fairy Tail,52,"Fairy Tail, tome 52",6.1,79,https://www.senscritique.com/bd/fairy_tail_tome_52/22128310,599,9.348914858096828,543.5,534–553
SensCritique,Manga,Fairy Tail,55,"Fairy Tail, tome 55",6.1,73,https://www.senscritique.com/bd/fairy_tail_tome_55/24474008,599,9.348914858096828,543.5,534–553
SensCritique,Manga,Jujutsu Kaisen,27,"Stupid Survivor !! - Jujutsu Kaisen, tome 27",6.1,57,https://www.senscritique.com/bd/jujutsu_kaisen_tome_27/93750661,599,9.348914858096828,543.5,534–553
SensCritique,Manga,Jujutsu Kaisen,28,"La Bataille du no man's land de Shinjuku : avance - Jujutsu Kaisen, tome 28",6.1,48,https://www.senscritique.com/bd/jujutsu_kaisen_tome_28/100041901,599,9.348914858096828,543.5,534–553
SensCritique,Manga,Magi,34,"Magi : The Labyrinth of Magic, tome 34",6.1,12,https://www.senscritique.com/bd/magi_the_labyrinth_of_magic_tome_34/38077094,599,9.348914858096828,543.5,534–553
SensCritique,Manga,Naruto,59,"Côte à côte… !! - Naruto, tome 59",6.1,308,https://www.senscritique.com/bd/cote_a_cote_naruto_tome_59/16625350,599,9.348914858096828,543.5,534–553
SensCritique,Manga,Naruto,60,"Kurama - Naruto, tome 60",6.1,312,https://www.senscritique.com/bd/kurama_naruto_tome_60/16625351,599,9.348914858096828,543.5,534–553
SensCritique,Manga,Naruto,64,"Jûbi - Naruto, tome 64",6.1,288,https://www.senscritique.com/bd/jubi_naruto_tome_64/16626842,599,9.348914858096828,543.5,534–553
SensCritique,Manga,Bleach,52,"End Of Bond - Bleach, tome 52",6.0,99,https://www.senscritique.com/bd/end_of_bond_bleach_tome_52/19601429,599,6.343906510851419,561.5,554–569
SensCritique,Manga,Bleach,63,"Hear, Fear, Here - Bleach, tome 63",6.0,97,https://www.senscritique.com/bd/hear_fear_here_bleach_tome_63/19117931,599,6.343906510851419,561.5,554–569
SensCritique,Manga,Bleach,72,"My Last Words - Bleach, tome 72",6.0,79,https://www.senscritique.com/bd/my_last_words_bleach_tome_72/23348928,599,6.343906510851419,561.5,554–569
SensCritique,Manga,Fairy Tail,17,"Fairy Tail, tome 17",6.0,145,https://www.senscritique.com/bd/fairy_tail_tome_17/17805523,599,6.343906510851419,561.5,554–569
SensCritique,Manga,Fairy Tail,32,"Fairy Tail, tome 32",6.0,109,https://www.senscritique.com/bd/fairy_tail_tome_32/17806618,599,6.343906510851419,561.5,554–569
SensCritique,Manga,Fairy Tail,35,"Fairy Tail, tome 35",6.0,107,https://www.senscritique.com/bd/fairy_tail_tome_35/17806644,599,6.343906510851419,561.5,554–569
SensCritique,Manga,Fairy Tail,43,"Fairy Tail, tome 43",6.0,93,https://www.senscritique.com/bd/fairy_tail_tome_43/17806731,599,6.343906510851419,561.5,554–569
SensCritique,Manga,Fairy Tail,50,"Fairy Tail, tome 50",6.0,91,https://www.senscritique.com/bd/fairy_tail_tome_50/19441662,599,6.343906510851419,561.5,554–569
SensCritique,Manga,Fairy Tail,51,"Fairy Tail, tome 51",6.0,78,https://www.senscritique.com/bd/fairy_tail_tome_51/20241698,599,6.343906510851419,561.5,554–569
SensCritique,Manga,Fairy Tail,56,Fairy Tail tome 56,6.0,74,https://www.senscritique.com/bd/fairy_tail_tome_56/24947033,599,6.343906510851419,561.5,554–569
SensCritique,Manga,Fairy Tail,58,"Fairy Tail, tome 58",6.0,68,https://www.senscritique.com/bd/fairy_tail_tome_58/25314348,599,6.343906510851419,561.5,554–569
SensCritique,Manga,Fairy Tail,62,"Fairy Tail, tome 62",6.0,63,https://www.senscritique.com/bd/fairy_tail_tome_62/29400243,599,6.343906510851419,561.5,554–569
SensCritique,Manga,Naruto,55,"Le Début de la Grande Guerre ! - Naruto, tome 55",6.0,324,https://www.senscritique.com/bd/le_debut_de_la_grande_guerre_naruto_tome_55/15799777,599,6.343906510851419,561.5,554–569
SensCritique,Manga,Naruto,62,"Fissure - Naruto, tome 62",6.0,293,https://www.senscritique.com/bd/fissure_naruto_tome_62/16626838,599,6.343906510851419,561.5,554–569
SensCritique,Manga,Naruto,67,"La Brèche - Naruto, tome 67",6.0,293,https://www.senscritique.com/bd/la_breche_naruto_tome_67/16626847,599,6.343906510851419,561.5,554–569
SensCritique,Manga,Naruto,68,"Sillon - Naruto, tome 68",6.0,318,https://www.senscritique.com/bd/sillon_naruto_tome_68/16748378,599,6.343906510851419,561.5,554–569
SensCritique,Manga,Black Clover,20,"Black Clover, tome 20",5.9,45,https://www.senscritique.com/bd/black_clover_tome_20/40393613,599,3.672787979966611,577.5,570–585
SensCritique,Manga,Bleach,65,"Marching Out The Zombies - Bleach, tome 65",5.9,88,https://www.senscritique.com/bd/marching_out_the_zombies_bleach_tome_65/19118740,599,3.672787979966611,577.5,570–585
SensCritique,Manga,Bleach,74,"The Death And The Strawberry - Bleach, tome 74",5.9,76,https://www.senscritique.com/bd/the_death_and_the_strawberry_bleach_tome_74/27157125,599,3.672787979966611,577.5,570–585
SensCritique,Manga,Demon Slayer,23,"Demon Slayer, tome 23",5.9,186,https://www.senscritique.com/bd/demon_slayer_tome_23/43427239,599,3.672787979966611,577.5,570–585
SensCritique,Manga,Fairy Tail,16,"Fairy Tail, tome 16",5.9,144,https://www.senscritique.com/bd/fairy_tail_tome_16/17805522,599,3.672787979966611,577.5,570–585
SensCritique,Manga,Fairy Tail,21,"Fairy Tail, tome 21",5.9,129,https://www.senscritique.com/bd/fairy_tail_tome_21/17805589,599,3.672787979966611,577.5,570–585
SensCritique,Manga,Fairy Tail,31,"Fairy Tail, tome 31",5.9,106,https://www.senscritique.com/bd/fairy_tail_tome_31/17806609,599,3.672787979966611,577.5,570–585
SensCritique,Manga,Fairy Tail,42,"Fairy Tail, tome 42",5.9,98,https://www.senscritique.com/bd/fairy_tail_tome_42/17806704,599,3.672787979966611,577.5,570–585
SensCritique,Manga,Fairy Tail,57,"Fairy Tail, tome 57",5.9,67,https://www.senscritique.com/bd/fairy_tail_tome_57/25314347,599,3.672787979966611,577.5,570–585
SensCritique,Manga,Fairy Tail,59,"Fairy Tail, tome 59",5.9,69,https://www.senscritique.com/bd/fairy_tail_tome_59/27053325,599,3.672787979966611,577.5,570–585
SensCritique,Manga,Fairy Tail,60,"Fairy Tail, tome 60",5.9,64,https://www.senscritique.com/bd/fairy_tail_tome_60/27747305,599,3.672787979966611,577.5,570–585
SensCritique,Manga,Fairy Tail,61,"Fairy Tail, tome 61",5.9,64,https://www.senscritique.com/bd/fairy_tail_tome_61/28492150,599,3.672787979966611,577.5,570–585
SensCritique,Manga,Fairy Tail,63,"Fairy Tail, tome 63",5.9,62,https://www.senscritique.com/bd/fairy_tail_tome_63/31322683,599,3.672787979966611,577.5,570–585
SensCritique,Manga,Magi,36,"Magi : The Labyrinth of Magic, tome 36",5.9,13,https://www.senscritique.com/bd/magi_the_labyrinth_of_magic_tome_36/38141249,599,3.672787979966611,577.5,570–585
SensCritique,Manga,Naruto,56,"L’Équipe Asuma de nouveau réunie ! - Naruto, tome 56",5.9,311,https://www.senscritique.com/bd/lequipe_asuma_de_nouveau_reunie_naruto_tome_56/16625347,599,3.672787979966611,577.5,570–585
SensCritique,Manga,Naruto,57,"Naruto part en guerre… !! - Naruto, tome 57",5.9,306,https://www.senscritique.com/bd/naruto_part_en_guerre_naruto_tome_57/16625348,599,3.672787979966611,577.5,570–585
SensCritique,Manga,Bleach,49,"The Lost Agent - Bleach, tome 49",5.8,105,https://www.senscritique.com/bd/the_lost_agent_bleach_tome_49/19601424,599,1.5859766277128549,590.0,586–594
SensCritique,Manga,Bleach,50,"The Six Fullbringers - Bleach, tome 50",5.8,106,https://www.senscritique.com/bd/the_six_fullbringers_bleach_tome_50/19601426,599,1.5859766277128549,590.0,586–594
SensCritique,Manga,Fairy Tail,20,"Fairy Tail, tome 20",5.8,135,https://www.senscritique.com/bd/fairy_tail_tome_20/17805834,599,1.5859766277128549,590.0,586–594
SensCritique,Manga,Fairy Tail,23,"Fairy Tail, tome 23",5.8,120,https://www.senscritique.com/bd/fairy_tail_tome_23/17805889,599,1.5859766277128549,590.0,586–594
SensCritique,Manga,Fairy Tail,40,"Fairy Tail, tome 40",5.8,98,https://www.senscritique.com/bd/fairy_tail_tome_40/17806671,599,1.5859766277128549,590.0,586–594
SensCritique,Manga,Jujutsu Kaisen,29,"Jujutsu Kaisen, tome 29",5.8,44,https://www.senscritique.com/bd/jujutsu_kaisen_tome_29/103535926,599,1.5859766277128549,590.0,586–594
SensCritique,Manga,Magi,37,"Magi : The Labyrinth of Magic, tome 37",5.8,13,https://www.senscritique.com/bd/magi_the_labyrinth_of_magic_tome_37/38209253,599,1.5859766277128549,590.0,586–594
SensCritique,Manga,Naruto,70,"Naruto et l’Ermite Rikudô… ! - Naruto, tome 70",5.8,308,https://www.senscritique.com/bd/naruto_et_lermite_rikudo_naruto_tome_70/18158798,599,1.5859766277128549,590.0,586–594
SensCritique,Manga,Naruto,71,"Je vous adore - Naruto, tome 71",5.8,304,https://www.senscritique.com/bd/je_vous_adore_naruto_tome_71/18158799,599,1.5859766277128549,590.0,586–594
SensCritique,Manga,Bleach,51,"Love Me Bitterly Loth Me Sweetly - Bleach, tome 51",5.7,97,https://www.senscritique.com/bd/love_me_bitterly_loth_me_sweetly_bleach_tome_51/19601427,599,0.5008347245409015,596.5,595–598
SensCritique,Manga,Bleach,53,"The Deathberry Returns 2 - Bleach, tome 53",5.7,99,https://www.senscritique.com/bd/the_deathberry_returns_2_bleach_tome_53/19601431,599,0.5008347245409015,596.5,595–598
SensCritique,Manga,Fairy Tail,22,"Fairy Tail, tome 22",5.7,129,https://www.senscritique.com/bd/fairy_tail_tome_22/17805888,599,0.5008347245409015,596.5,595–598
SensCritique,Manga,Fairy Tail,41,"Fairy Tail, tome 41",5.7,95,https://www.senscritique.com/bd/fairy_tail_tome_41/17806676,599,0.5008347245409015,596.5,595–598
SensCritique,Manga,Jujutsu Kaisen,30,"Jujutsu Kaisen, tome 30",5.4,42,https://www.senscritique.com/bd/jujutsu_kaisen_tome_30/103535927,599,0.08347245409015025,599.0,599
