platform,family,series,position,title,rating,ratings_count,percentile_midrank,weighted_percentile,delta_weighted_vs_raw,adjusted_rating,adjusted_percentile,delta_adjusted_vs_raw,adjusted_rank_mid,adjusted_rank_range,source
Goodreads,Manga,One Piece,103,ONE PIECE 103 解放の戦士,4.77,3829,99.91666666666667,99.99653436741751,0.07986770075083882,4.547855393606169,93.58333333333333,-6.333333333333343,39.0,39,
Goodreads,Fantasy — cycle principal,Stormlight Archive,2,Words of Radiance,4.76,532605,99.75,99.51100729801217,-0.23899270198782574,4.756130761589639,99.91666666666667,0.1666666666666714,1.0,1,https://www.goodreads.com/series/49075-the-stormlight-archive
Goodreads,Manga,Fullmetal Alchemist,27,鋼の錬金術師 27 [Hagane no Renkinjutsushi 27],4.75,6698,99.5,99.01956086660908,-0.4804391333909166,4.588097858789356,97.91666666666667,-1.5833333333333286,13.0,13,
Goodreads,Manga,One Piece,104,ONE PIECE 104 ワノ国将軍 光月モモの助,4.75,3671,99.5,99.01956086660908,-0.4804391333909166,4.536410068730334,92.08333333333333,-7.416666666666671,48.0,48,
Goodreads,Manga,One Piece,109,ONE PIECE 109 きみの味方,4.74,2436,99.16666666666667,99.00168059195069,-0.16498607471598348,4.501468752400008,84.08333333333333,-15.083333333333343,96.0,96,
Goodreads,Manga,One Piece,59,"One Piece, Volume 59: The Death of Portgaz D. Ace",4.74,6950,99.16666666666667,99.00168059195069,-0.16498607471598348,4.585848678865771,97.58333333333333,-1.5833333333333428,15.0,15,
Goodreads,Manga,One Piece,58,"One Piece, Volume 58: The Name of This Era is \",4.73,7217,98.91666666666667,98.98665319634686,0.06998652968019314,4.583468206998018,97.41666666666667,-1.5,16.0,16,
Goodreads,Manga,One Piece,100,ONE PIECE 100 覇王色,4.72,4267,98.75,98.97625901390307,0.2262590139030749,4.536339574960721,91.91666666666667,-6.833333333333329,49.0,49,
Goodreads,Manga,One Piece,108,ONE PIECE 108 死んだ方がいい世界,4.7,2703,98.25,98.95030342613397,0.7003034261339707,4.496249728862003,82.75,-15.5,104.0,104,
Goodreads,Manga,One Piece,110,ONE PIECE 110 時代のうねり,4.7,2164,98.25,98.95030342613397,0.7003034261339707,4.482478157460238,78.75,-19.5,128.0,128,
Goodreads,Manga,One Piece,41,"One Piece, Volume 41: Declaration of War",4.7,7767,98.25,98.95030342613397,0.7003034261339707,4.572242464862211,96.08333333333333,-2.1666666666666714,24.0,24,
Goodreads,Manga,One Piece,44,"One Piece, Volume 44: Let's Go Back",4.7,7563,98.25,98.95030342613397,0.7003034261339707,4.570293645393253,95.91666666666667,-2.3333333333333286,25.0,25,
Goodreads,Manga,One Piece,96,"One Piece, Volume 96: I Am Oden and I was Born to Boil!",4.7,4213,98.25,98.95030342613397,0.7003034261339707,4.526943888528625,89.75,-8.5,62.0,62,
Goodreads,Manga,Demon Slayer,22,鬼滅の刃 22 [Kimetsu no Yaiba 22],4.69,16722,97.5,98.88910862735244,1.3891086273524422,4.615595343023041,99.25,1.75,5.0,5,
Goodreads,Manga,Demon Slayer,23,鬼滅の刃 23 [Kimetsu no Yaiba 23],4.69,18300,97.5,98.88910862735244,1.3891086273524422,4.620465028376295,99.58333333333333,2.0833333333333286,3.0,3,
Goodreads,Manga,One Piece,114,ONE PIECE 114,4.69,595,97.5,98.88910862735244,1.3891086273524422,4.428268217417324,64.08333333333333,-33.41666666666667,216.0,216,
Goodreads,Manga,One Piece,57,"One Piece, Volume 57: Paramount War",4.69,7584,97.5,98.88910862735244,1.3891086273524422,4.564834974554233,95.41666666666667,-2.0833333333333286,28.0,28,
Goodreads,Manga,One Piece,107,ONE PIECE 107 伝説の英雄,4.68,2946,96.91666666666667,98.84697163992033,1.930304973253655,4.49517524886275,82.41666666666667,-14.5,106.0,106,
Goodreads,Manga,One Piece,115,ONE PIECE 115,4.68,349,96.91666666666667,98.84697163992033,1.930304973253655,4.417248488784263,58.25,-38.66666666666667,251.0,251,
Goodreads,Manga,One Piece,116,ONE PIECE 116,4.68,59,96.91666666666667,98.84697163992033,1.930304973253655,4.404266473578102,51.083333333333336,-45.833333333333336,294.0,294,
Goodreads,Manga,Demon Slayer,18,鬼滅の刃 18 [Kimetsu no Yaiba 18],4.67,18121,96.08333333333333,98.7693230060077,2.685989672674367,4.604800871933087,98.91666666666667,2.833333333333343,7.0,7,
Goodreads,Manga,Demon Slayer,20,鬼滅の刃 20 [Kimetsu no Yaiba 20],4.67,17370,96.08333333333333,98.7693230060077,2.685989672674367,4.602688555754478,98.75,2.6666666666666714,8.0,8,
Goodreads,Manga,Demon Slayer,21,鬼滅の刃 21 [Kimetsu no Yaiba 21],4.67,16775,96.08333333333333,98.7693230060077,2.685989672674367,4.600915280452798,98.58333333333333,2.5,9.0,9,
Goodreads,Manga,Fullmetal Alchemist,23,"Fullmetal Alchemist, Vol. 23",4.67,10583,96.08333333333333,98.7693230060077,2.685989672674367,4.574821244192312,96.75,0.6666666666666714,20.0,20,
Goodreads,Manga,Fullmetal Alchemist,25,"Fullmetal Alchemist, Vol. 25",4.67,7999,96.08333333333333,98.7693230060077,2.685989672674367,4.557011627261427,95.08333333333333,-1.0,30.0,30,
Goodreads,Manga,Fullmetal Alchemist,26,"Fullmetal Alchemist, Vol. 26",4.67,7682,96.08333333333333,98.7693230060077,2.685989672674367,4.554357018096474,94.41666666666667,-1.6666666666666572,34.0,34,
Goodreads,Manga,One Piece,99,One Piece 巻九十九 〝麦わらのルフィ〟,4.67,3906,96.08333333333333,98.7693230060077,2.685989672674367,4.509416154651023,86.08333333333333,-10.0,84.0,84,
Goodreads,Manga,Demon Slayer,8,鬼滅の刃 8 [Kimetsu no Yaiba 8],4.66,21601,95.08333333333333,98.00400018536473,2.9206668520314025,4.6051978938280165,99.08333333333333,4.0,6.0,6,
Goodreads,Manga,One Piece,101,ONE PIECE 101 花形登場,4.66,3700,95.08333333333333,98.00400018536473,2.9206668520314025,4.502047428281023,84.25,-10.833333333333329,95.0,95,
Goodreads,Manga,One Piece,102,ONE PIECE 102 天王山,4.66,3589,95.08333333333333,98.00400018536473,2.9206668520314025,4.500182144440308,83.75,-11.333333333333329,98.0,98,
Goodreads,Manga,One Piece,56,"One Piece, Volume 56: Thank You",4.66,7224,95.08333333333333,98.00400018536473,2.9206668520314025,4.544751395655121,92.75,-2.3333333333333286,44.0,44,
Goodreads,Fantasy — cycle principal,Stormlight Archive,1,The Way of Kings,4.66,727016,95.08333333333333,98.00400018536473,2.9206668520314025,4.657950117888295,99.75,4.666666666666671,2.0,2,https://www.goodreads.com/series/49075-the-stormlight-archive
Goodreads,Manga,Demon Slayer,19,鬼滅の刃 19 [Kimetsu no Yaiba 19],4.65,17648,94.41666666666667,97.27516018481442,2.8584935181477533,4.588440099182244,98.08333333333333,3.666666666666657,12.0,12,
Goodreads,Manga,Jujutsu Kaisen,14,呪術廻戦 14 [Jujutsu Kaisen 14],4.65,17483,94.41666666666667,97.27516018481442,2.8584935181477533,4.588004038322565,97.75,3.3333333333333286,14.0,14,
Goodreads,Manga,My Hero Academia,29,僕のヒーローアカデミア 29 [Boku no Hero Academia 29],4.65,6997,94.41666666666667,97.27516018481442,2.8584935181477533,4.53724552540829,92.25,-2.1666666666666714,47.0,47,
Goodreads,Manga,Jujutsu Kaisen,9,呪術廻戦 9 [Jujutsu Kaisen 9],4.64,22206,93.91666666666667,97.19684268109809,3.2801760144314187,4.590529226229782,98.25,4.333333333333329,11.0,11,
Goodreads,Manga,One Piece,38,"One Piece, Volume 38: Rocketman!!",4.64,17369,93.91666666666667,97.19684268109809,3.2801760144314187,4.580205874443653,97.25,3.3333333333333286,17.0,17,
Goodreads,Manga,One Piece,79,"One Piece, Volume 79: Lucy!!",4.64,4826,93.91666666666667,97.19684268109809,3.2801760144314187,4.509694172581833,86.25,-7.666666666666671,83.0,83,
Goodreads,Manga,Demon Slayer,16,鬼滅の刃 16 [Kimetsu no Yaiba 16],4.63,17566,93.0,97.0822731581009,4.082273158100904,4.573195391383084,96.41666666666667,3.4166666666666714,22.0,22,
Goodreads,Manga,Demon Slayer,17,鬼滅の刃 17 [Kimetsu no Yaiba 17],4.63,17513,93.0,97.0822731581009,4.082273158100904,4.573066309373236,96.25,3.25,23.0,23,
Goodreads,Manga,Fullmetal Alchemist,21,"Fullmetal Alchemist, Vol. 21",4.63,10291,93.0,97.0822731581009,4.082273158100904,4.547529861607097,93.41666666666667,0.4166666666666714,40.0,40,
Goodreads,Manga,Fullmetal Alchemist,22,"Fullmetal Alchemist, Vol. 22",4.63,10038,93.0,97.0822731581009,4.082273158100904,4.546213336698531,93.08333333333333,0.0833333333333286,42.0,42,
Goodreads,Manga,Fullmetal Alchemist,24,"Fullmetal Alchemist, Vol. 24",4.63,8993,93.0,97.0822731581009,4.082273158100904,4.540298717645602,92.58333333333333,-0.4166666666666714,45.0,45,
Goodreads,Manga,My Hero Academia,30,僕のヒーローアカデミア 30 [Boku no Hero Academia 30],4.63,6486,93.0,97.0822731581009,4.082273158100904,4.522010496211659,88.91666666666667,-4.083333333333329,67.0,67,
Goodreads,Manga,One Piece,60,"One Piece, Volume 60: My Little Brother",4.63,6639,93.0,97.0822731581009,4.082273158100904,4.523337649437059,89.08333333333333,-3.9166666666666714,66.0,66,
Goodreads,Manga,One Piece,84,"One Piece, Vol. 84: Luffy vs. Sanji",4.63,4655,93.0,97.0822731581009,4.082273158100904,4.503117105409839,84.41666666666667,-8.583333333333329,94.0,94,
Goodreads,Manga,Fullmetal Alchemist,13,"Fullmetal Alchemist, Vol. 13",4.62,11065,91.75,93.11707629134412,1.3670762913441195,4.5447555371198884,92.91666666666667,1.1666666666666714,43.0,43,
Goodreads,Manga,Fullmetal Alchemist,19,"Fullmetal Alchemist, Vol. 19",4.62,8580,91.75,93.11707629134412,1.3670762913441195,4.531762069884067,90.91666666666667,-0.8333333333333286,55.0,55,
Goodreads,Manga,Fullmetal Alchemist,20,"Fullmetal Alchemist, Vol. 20",4.62,14259,91.75,93.11707629134412,1.3670762913441195,4.556730464967571,94.75,3.0,32.0,32,
Goodreads,Fantasy — cycle principal,Harry Potter,7,Harry Potter and the Deathly Hallows,4.62,4234122,91.75,93.11707629134412,1.3670762913441195,4.619700516946123,99.41666666666667,7.666666666666671,4.0,4,https://www.goodreads.com/series/45175-harry-potter
Goodreads,Manga,Jujutsu Kaisen,11,呪術廻戦 11 [Jujutsu Kaisen 11],4.62,19680,91.75,93.11707629134412,1.3670762913441195,4.570185836553487,95.75,4.0,26.0,26,
Goodreads,Manga,One Piece,52,"One Piece, Volume 52: Roger and Rayleigh",4.62,7079,91.75,93.11707629134412,1.3670762913441195,4.521486641581649,88.41666666666667,-3.3333333333333286,70.0,70,
Goodreads,Manga,One Piece,98,One Piece 巻九十八 〝忠臣錦〟,4.62,3977,91.75,93.11707629134412,1.3670762913441195,4.4902643235419335,81.25,-10.5,113.0,113,
Goodreads,Manga,Demon Slayer,11,鬼滅の刃 11 [Kimetsu no Yaiba 11],4.61,17853,90.83333333333333,89.19706750824186,-1.6362658250914706,4.558795278241455,95.25,4.416666666666671,29.0,29,
Goodreads,Manga,One Piece,105,ONE PIECE 105 ルフィの夢,4.61,3208,90.83333333333333,89.19706750824186,-1.6362658250914706,4.475644737668866,77.75,-13.083333333333329,134.0,134,
Goodreads,Manga,One Piece,45,"One Piece, Volume 45: You Have My Sympathies",4.61,7197,90.83333333333333,89.19706750824186,-1.6362658250914706,4.516847362419118,87.58333333333333,-3.25,75.0,75,
Goodreads,Manga,One Piece,97,ONE PIECE 巻九十七 〝僕の聖書〟,4.61,3997,90.83333333333333,89.19706750824186,-1.6362658250914706,4.486453435296117,79.91666666666667,-10.916666666666657,121.0,121,
Goodreads,Manga,Fullmetal Alchemist,10,"Fullmetal Alchemist, Vol. 10",4.6,12778,89.5,88.71687782074797,-0.7831221792520324,4.537941311384278,92.41666666666667,2.9166666666666714,46.0,46,
Goodreads,Manga,Fullmetal Alchemist,12,"Fullmetal Alchemist, Vol. 12",4.6,10819,89.5,88.71687782074797,-0.7831221792520324,4.530630630305581,90.75,1.25,56.0,56,
Goodreads,Manga,Fullmetal Alchemist,15,"Fullmetal Alchemist, Vol. 15",4.6,10023,89.5,88.71687782074797,-0.7831221792520324,4.527143213229333,90.08333333333333,0.5833333333333286,60.0,60,
Goodreads,Manga,Fullmetal Alchemist,18,"Fullmetal Alchemist, Vol. 18",4.6,8944,89.5,88.71687782074797,-0.7831221792520324,4.521815179549741,88.75,-0.75,68.0,68,
Goodreads,Manga,One Piece,23,"One Piece, Volume 23: Vivi's Adventure",4.6,10401,89.5,88.71687782074797,-0.7831221792520324,4.528841998992485,90.25,0.75,59.0,59,
Goodreads,Manga,One Piece,55,"One Piece, Volume 55: A Ray of Hope",4.6,6726,89.5,88.71687782074797,-0.7831221792520324,4.507982456560177,85.58333333333333,-3.9166666666666714,87.0,87,
Goodreads,Manga,One Piece,78,"One Piece, Volume 78: Champion of Evil",4.6,4815,89.5,88.71687782074797,-0.7831221792520324,4.491433068247769,81.58333333333333,-7.916666666666671,111.0,111,
Goodreads,Manga,One Piece,89,"One Piece, Vol. 89: Bad End Musical",4.6,4419,89.5,88.71687782074797,-0.7831221792520324,4.487230271925966,80.25,-9.25,119.0,119,
Goodreads,Manga,One Piece,9,"One Piece, Volume 9: Tears",4.6,21016,89.5,88.71687782074797,-0.7831221792520324,4.556998567337024,94.91666666666667,5.416666666666671,31.0,31,
Goodreads,Manga,One Piece,95,"One Piece, Volume 95: Oden's Adventure",4.6,4347,89.5,88.71687782074797,-0.7831221792520324,4.4864309196816805,79.75,-9.75,122.0,122,
Goodreads,Web-serial,Parahumans,1,Worm,4.6,10769,89.5,88.71687782074797,-0.7831221792520324,4.5304214280687995,90.58333333333333,1.0833333333333286,57.0,57,https://www.goodreads.com/book/show/25306236.Worm
Goodreads,Fantasy — cycle principal,Stormlight Archive,3,Oathbringer,4.6,393225,89.5,88.71687782074797,-0.7831221792520324,4.597109084446538,98.41666666666667,8.916666666666671,10.0,10,https://www.goodreads.com/series/49075-the-stormlight-archive
Goodreads,Manga,Demon Slayer,10,鬼滅の刃 10 [Kimetsu no Yaiba 10],4.59,19401,87.75,88.12521948704655,0.37521948704655017,4.546548680826871,93.25,5.5,41.0,41,
Goodreads,Manga,Fullmetal Alchemist,11,"Fullmetal Alchemist, Vol. 11",4.59,11034,87.75,88.12521948704655,0.37521948704655017,4.524965541670377,89.25,1.5,65.0,65,
Goodreads,Manga,Jujutsu Kaisen,8,呪術廻戦 8 [Jujutsu Kaisen 8],4.59,23766,87.75,88.12521948704655,0.37521948704655017,4.55296137361306,94.25,6.5,35.0,35,
Goodreads,Manga,My Hero Academia,28,僕のヒーローアカデミア 28 [Boku no Hero Academia 28],4.59,7090,87.75,88.12521948704655,0.37521948704655017,4.505082908931178,84.91666666666667,-2.8333333333333286,91.0,91,
Goodreads,Manga,My Hero Academia,5,僕のヒーローアカデミア 5 [Boku No Hero Academia 5],4.59,22165,87.75,88.12521948704655,0.37521948704655017,4.550841703156928,94.08333333333333,6.333333333333329,36.0,36,
Goodreads,Manga,Naruto,43,NARUTO -ナルト- 巻ノ四十三,4.59,61309,87.75,88.12521948704655,0.37521948704655017,4.573678767968573,96.58333333333333,8.833333333333329,21.0,21,
Goodreads,Manga,One Piece,111,ONE PIECE 111,4.59,1873,87.75,88.12521948704655,0.37521948704655017,4.447425270601506,69.75,-18.0,182.0,182,
Goodreads,Manga,One Piece,113,ONE PIECE 113,4.59,876,87.75,88.12521948704655,0.37521948704655017,4.426166464767317,63.416666666666664,-24.333333333333336,220.0,220,
Goodreads,Manga,One Piece,40,"One Piece, Volume 40: Gear",4.59,7897,87.75,88.12521948704655,0.37521948704655017,4.510082222627515,86.41666666666667,-1.3333333333333286,82.0,82,
Goodreads,Manga,Fullmetal Alchemist,14,"Fullmetal Alchemist, Vol. 14",4.58,11753,85.5,79.85571419365256,-5.64428580634744,4.52093614978032,88.25,2.75,71.0,71,
Goodreads,Manga,Fullmetal Alchemist,17,"Fullmetal Alchemist, Vol. 17",4.58,9322,85.5,79.85571419365256,-5.64428580634744,4.51144768324247,87.08333333333333,1.5833333333333286,78.0,78,
Goodreads,Manga,Fullmetal Alchemist,6,"Fullmetal Alchemist, Vol. 6",4.58,14666,85.5,79.85571419365256,-5.64428580634744,4.529338610927974,90.41666666666667,4.916666666666671,58.0,58,
Goodreads,Fantasy — cycle principal,Harry Potter,3,Harry Potter and the Prisoner of Azkaban,4.58,5042907,85.5,79.85571419365256,-5.64428580634744,4.5797945284256185,97.08333333333333,11.583333333333329,18.0,18,https://www.goodreads.com/series/45175-harry-potter
Goodreads,Fantasy — cycle principal,Harry Potter,6,Harry Potter and the Half-Blood Prince,4.58,3776110,85.5,79.85571419365256,-5.64428580634744,4.5797257034003405,96.91666666666667,11.416666666666671,19.0,19,https://www.goodreads.com/series/45175-harry-potter
Goodreads,Manga,Jujutsu Kaisen,13,呪術廻戦 13 [Jujutsu Kaisen 13],4.58,17566,85.5,79.85571419365256,-5.64428580634744,4.535623470864615,91.41666666666667,5.916666666666671,52.0,52,
Goodreads,Manga,Jujutsu Kaisen,15,呪術廻戦 15 [Jujutsu Kaisen 15],4.58,16469,85.5,79.85571419365256,-5.64428580634744,4.533438455381255,91.08333333333333,5.583333333333329,54.0,54,
Goodreads,Manga,Jujutsu Kaisen,16,呪術廻戦 16 [Jujutsu Kaisen 16],4.58,17898,85.5,79.85571419365256,-5.64428580634744,4.536244893884753,91.75,6.25,50.0,50,
Goodreads,Manga,Jujutsu Kaisen,17,呪術廻戦 17 [Jujutsu Kaisen 17],4.58,16704,85.5,79.85571419365256,-5.64428580634744,4.533924451649678,91.25,5.75,53.0,53,
Goodreads,Manga,My Hero Academia,27,僕のヒーローアカデミア 27 [Boku no Hero Academia 27],4.58,7378,85.5,79.85571419365256,-5.64428580634744,4.501342993264334,83.91666666666667,-1.5833333333333286,97.0,97,
Goodreads,Manga,One Piece,35,"One Piece, Volume 35: Captain",4.58,8182,85.5,79.85571419365256,-5.64428580634744,4.505862573997975,85.25,-0.25,89.0,89,
Goodreads,Manga,One Piece,42,"One Piece, Volume 42: Pirates vs. CP9",4.58,9442,85.5,79.85571419365256,-5.64428580634744,4.511987022892423,87.25,1.75,77.0,77,
Goodreads,Manga,One Piece,43,"One Piece, Volume 43: Legend of a Hero",4.58,7181,85.5,79.85571419365256,-5.64428580634744,4.500150257219464,83.58333333333333,-1.9166666666666714,99.0,99,
Goodreads,Manga,One Piece,61,"One Piece, Volume 61: Romance Dawn for the New World",4.58,6508,85.5,79.85571419365256,-5.64428580634744,4.495787804251059,82.58333333333333,-2.9166666666666714,105.0,105,
Goodreads,Manga,One Piece,76,"One Piece, Volume 76: Just Keep Going",4.58,5229,85.5,79.85571419365256,-5.64428580634744,4.486031257454293,79.41666666666667,-6.083333333333329,124.0,124,
Goodreads,Manga,One Piece,77,"One Piece, Volume 77: Smile",4.58,4820,85.5,79.85571419365256,-5.64428580634744,4.482415885110453,78.58333333333333,-6.916666666666671,129.0,129,
Goodreads,Manga,One Piece,85,"One Piece, Vol. 85: Liar",4.58,4480,85.5,79.85571419365256,-5.64428580634744,4.47919168812659,78.25,-7.25,131.0,131,
Goodreads,Manga,One Piece,90,"One Piece, Vol. 90: Sacred Marijoa",4.58,4527,85.5,79.85571419365256,-5.64428580634744,4.479650018540911,78.41666666666667,-7.083333333333329,130.0,130,
Goodreads,Fantasy — cycle principal,Harry Potter,4,Harry Potter and the Goblet of Fire,4.57,4348877,83.66666666666667,67.76912641802208,-15.897540248644589,4.569775124407129,95.58333333333333,11.916666666666657,27.0,27,https://www.goodreads.com/series/45175-harry-potter
Goodreads,Manga,My Hero Academia,17,僕のヒーローアカデミア 17 [Boku No Hero Academia 17],4.57,8986,83.66666666666667,67.76912641802208,-15.897540248644589,4.503817934421429,84.58333333333333,0.9166666666666572,93.0,93,
Goodreads,Manga,One Piece,37,"One Piece, Volume 37: Tom",4.57,7846,83.66666666666667,67.76912641802208,-15.897540248644589,4.498293271824162,83.08333333333333,-0.5833333333333428,102.0,102,
Goodreads,Manga,One Piece,54,"One Piece, Volume 54: Unstoppable",4.57,7001,83.66666666666667,67.76912641802208,-15.897540248644589,4.493563756520835,82.08333333333333,-1.5833333333333428,108.0,108,
Goodreads,Manga,Demon Slayer,15,鬼滅の刃 15 [Kimetsu no Yaiba 15],4.56,17134,82.41666666666667,63.45931045044354,-18.957356216223133,4.51985277808044,87.91666666666667,5.5,73.0,73,
Goodreads,Manga,Demon Slayer,5,鬼滅の刃 5 [Kimetsu no Yaiba 5],4.56,22095,82.41666666666667,63.45931045044354,-18.957356216223133,4.526990093948027,89.91666666666667,7.5,61.0,61,
Goodreads,Manga,Demon Slayer,7,鬼滅の刃 7 [Kimetsu no Yaiba 7],4.56,20897,82.41666666666667,63.45931045044354,-18.957356216223133,4.525509391244657,89.41666666666667,7.0,64.0,64,
Goodreads,Manga,Fullmetal Alchemist,7,"Fullmetal Alchemist, Vol. 7",4.56,14859,82.41666666666667,63.45931045044354,-18.957356216223133,4.515433951796931,87.41666666666667,5.0,76.0,76,
Goodreads,Manga,Fullmetal Alchemist,9,"Fullmetal Alchemist, Vol. 9",4.56,12782,82.41666666666667,63.45931045044354,-18.957356216223133,4.510455402267939,86.58333333333333,4.166666666666657,81.0,81,
Goodreads,Manga,My Hero Academia,11,僕のヒーローアカデミア 11 [Boku No Hero Academia 11],4.56,11081,82.41666666666667,63.45931045044354,-18.957356216223133,4.505466185162161,85.08333333333333,2.666666666666657,90.0,90,
Goodreads,Manga,One Piece,106,ONE PIECE 106 天才の夢,4.56,3085,82.41666666666667,63.45931045044354,-18.957356216223133,4.456446750229517,71.91666666666667,-10.5,169.0,169,
Goodreads,Manga,One Piece,36,"One Piece, Volume 36: The Ninth Justice",4.56,7729,82.41666666666667,63.45931045044354,-18.957356216223133,4.491965143961496,81.91666666666667,-0.5,109.0,109,
Goodreads,Manga,One Piece,51,"One Piece, Volume 51: The Eleven Supernovas",4.56,7110,82.41666666666667,63.45931045044354,-18.957356216223133,4.488705705403557,80.75,-1.6666666666666714,116.0,116,
Goodreads,Manga,One Piece,94,"One Piece, Vol. 94: A Soldier's Dream",4.56,4527,82.41666666666667,63.45931045044354,-18.957356216223133,4.470891614671503,76.91666666666667,-5.5,139.0,139,
Goodreads,Fantasy — cycle principal,Stormlight Archive,4,Rhythm of War,4.56,267686,82.41666666666667,63.45931045044354,-18.957356216223133,4.556631920579117,94.58333333333333,12.166666666666657,33.0,33,https://www.goodreads.com/series/49075-the-stormlight-archive
Goodreads,Fantasy — cycle principal,A Song of Ice and Fire,3,A Storm of Swords,4.55,871708,80.83333333333333,61.65028916173869,-19.183044171594638,4.549016484628718,93.91666666666667,13.083333333333343,37.0,37,https://www.goodreads.com/series/43790-a-song-of-ice-and-fire
Goodreads,Manga,Fullmetal Alchemist,3,"Fullmetal Alchemist, Vol. 3",4.55,24774,80.83333333333333,61.65028916173869,-19.183044171594638,4.521781362018887,88.58333333333333,7.75,69.0,69,
Goodreads,Manga,Fullmetal Alchemist,4,"Fullmetal Alchemist, Vol. 4",4.55,16575,80.83333333333333,61.65028916173869,-19.183044171594638,4.5114458942916915,86.91666666666667,6.083333333333343,79.0,79,
Goodreads,Manga,Fullmetal Alchemist,8,"Fullmetal Alchemist, Vol. 8",4.55,16100,80.83333333333333,61.65028916173869,-19.183044171594638,4.510610075838829,86.75,5.916666666666671,80.0,80,
Goodreads,Fantasy — cycle principal,Kingkiller Chronicle,2,The Wise Man's Fear,4.55,640374,80.83333333333333,61.65028916173869,-19.183044171594638,4.5486643862034235,93.75,12.916666666666671,38.0,38,https://www.goodreads.com/series/45262-the-kingkiller-chronicle
Goodreads,Manga,Naruto,11,"Naruto, Vol. 11: Impassioned Efforts",4.55,30810,80.83333333333333,61.65028916173869,-19.183044171594638,4.526432519126355,89.58333333333333,8.75,63.0,63,
Goodreads,Manga,One Piece,75,"One Piece, Volume 75: Repaying the Debt",4.55,4963,80.83333333333333,61.65028916173869,-19.183044171594638,4.4698911279219065,76.41666666666667,-4.416666666666657,142.0,142,
Goodreads,Manga,One Piece,86,"One Piece, Vol. 86: Emperor Assassination Plan",4.55,4406,80.83333333333333,61.65028916173869,-19.183044171594638,4.465523620287444,75.41666666666667,-5.416666666666657,148.0,148,
Goodreads,Manga,Demon Slayer,14,鬼滅の刃 14 [Kimetsu no Yaiba 14],4.54,17111,79.16666666666667,59.90419594065722,-19.262470726009454,4.504882405892576,84.75,5.583333333333329,92.0,92,
Goodreads,Manga,Demon Slayer,9,鬼滅の刃 9 [Kimetsu no Yaiba 9],4.54,19805,79.16666666666667,59.90419594065722,-19.262470726009454,4.508575747756892,85.75,6.583333333333329,86.0,86,
Goodreads,Manga,Fullmetal Alchemist,1,"Fullmetal Alchemist, Vol. 1",4.54,198290,79.16666666666667,59.90419594065722,-19.262470726009454,4.536056119738397,91.58333333333333,12.416666666666657,51.0,51,
Goodreads,Manga,Fullmetal Alchemist,16,"Fullmetal Alchemist, Vol. 16",4.54,9182,79.16666666666667,59.90419594065722,-19.262470726009454,4.4863099594241564,79.58333333333333,0.4166666666666572,123.0,123,
Goodreads,Manga,Fullmetal Alchemist,5,"Fullmetal Alchemist, Vol. 5",4.54,17892,79.16666666666667,59.90419594065722,-19.262470726009454,4.506039534507612,85.41666666666667,6.25,88.0,88,
Goodreads,Manga,Hunter × Hunter,34,"Hunter × Hunter, tome 34",4.54,2745,79.16666666666667,59.90419594065722,-19.262470726009454,4.445914565678999,69.25,-9.916666666666671,185.0,185,
Goodreads,Manga,Jujutsu Kaisen,10,呪術廻戦 10 [Jujutsu Kaisen 10],4.54,19951,79.16666666666667,59.90419594065722,-19.262470726009454,4.508753840679567,85.91666666666667,6.75,85.0,85,
Goodreads,Manga,My Hero Academia,33,僕のヒーローアカデミア 33 [Boku no Hero Academia 33],4.54,4938,79.16666666666667,59.90419594065722,-19.262470726009454,4.465110672807059,75.08333333333333,-4.083333333333343,150.0,150,
Goodreads,Manga,My Hero Academia,36,僕のヒーローアカデミア 36 [Boku no Hero Academia 36],4.54,4083,79.16666666666667,59.90419594065722,-19.262470726009454,4.458638708916629,72.75,-6.416666666666671,164.0,164,
Goodreads,Manga,One Piece,16,"One Piece, Volume 16: Carrying On His Will",4.54,12991,79.16666666666667,59.90419594065722,-19.262470726009454,4.4971870364953155,82.91666666666667,3.75,103.0,103,
Goodreads,Manga,One Piece,53,"One Piece, Volume 53: Natural Born King",4.54,7370,79.16666666666667,59.90419594065722,-19.262470726009454,4.478928877255542,78.08333333333333,-1.0833333333333428,132.0,132,
Goodreads,Manga,One Piece,73,"One Piece, Volume 73: Operation Dressrosa S.O.P.",4.54,5101,79.16666666666667,59.90419594065722,-19.262470726009454,4.466229397119248,75.75,-3.4166666666666714,146.0,146,
Goodreads,Manga,Fairy Tail,12,"Fairy Tail, Vol. 12",4.53,7029,77.5,59.504042544101964,-17.995957455898036,4.471832397419422,77.25,-0.25,137.0,137,
Goodreads,Manga,Hunter × Hunter,1,"Hunter × Hunter, tome 1",4.53,70679,77.5,59.504042544101964,-17.995957455898036,4.520236007120803,88.08333333333333,10.583333333333329,72.0,72,
Goodreads,Manga,Hunter × Hunter,29,"Hunter × Hunter, tome 29",4.53,1921,77.5,59.504042544101964,-17.995957455898036,4.433402582508785,66.25,-11.25,203.0,203,
Goodreads,Manga,My Hero Academia,10,僕のヒーローアカデミア 10 [Boku No Hero Academia 10],4.53,12738,77.5,59.504042544101964,-17.995957455898036,4.489735669550998,81.08333333333333,3.5833333333333286,114.0,114,
Goodreads,Manga,My Hero Academia,9,僕のヒーローアカデミア 9 [Boku No Hero Academia 9],4.53,13657,77.5,59.504042544101964,-17.995957455898036,4.491636423098327,81.75,4.25,110.0,110,
Goodreads,Manga,One Piece,112,ONE PIECE 112,4.53,1363,77.5,59.504042544101964,-17.995957455898036,4.425888627122976,62.916666666666664,-14.583333333333336,223.0,223,
Goodreads,Manga,One Piece,22,"One Piece, Volume 22: Hope!!",4.53,10723,77.5,59.504042544101964,-17.995957455898036,4.4848285037449225,79.25,1.75,125.0,125,
Goodreads,Manga,One Piece,91,"One Piece, Volume 91: Adventure in the Land of Samurai",4.53,4540,77.5,59.504042544101964,-17.995957455898036,4.457844748240825,72.25,-5.25,167.0,167,
Goodreads,Manga,Demon Slayer,13,鬼滅の刃 13 [Kimetsu no Yaiba 13],4.52,17455,76.0,58.284822321389136,-17.715177678610864,4.490396598683315,81.41666666666667,5.416666666666671,112.0,112,
Goodreads,Manga,Demon Slayer,6,鬼滅の刃 6 [Kimetsu no Yaiba 6],4.52,20865,76.0,58.284822321389136,-17.715177678610864,4.494180880083472,82.25,6.25,107.0,107,
Goodreads,Manga,Fairy Tail,10,"Fairy Tail, Vol. 10",4.52,8958,76.0,58.284822321389136,-17.715177678610864,4.47336439493968,77.41666666666667,1.4166666666666714,136.0,136,
Goodreads,Manga,Jujutsu Kaisen,4,呪術廻戦 4 [Jujutsu Kaisen 4],4.52,28779,76.0,58.284822321389136,-17.715177678610864,4.50008823679633,83.41666666666667,7.416666666666671,100.0,100,
Goodreads,Fantasy — cycle principal,Kingkiller Chronicle,1,The Name of the Wind,4.52,1120063,76.0,58.284822321389136,-17.715177678610864,4.5193882634831235,87.75,11.75,74.0,74,https://www.goodreads.com/series/45262-the-kingkiller-chronicle
Goodreads,Manga,My Hero Academia,31,僕のヒーローアカデミア 31 [Boku no Hero Academia 31],4.52,5689,76.0,58.284822321389136,-17.715177678610864,4.460107140890184,73.58333333333333,-2.4166666666666714,159.0,159,
Goodreads,Manga,Naruto,53,NARUTO -ナルト- 53 巻ノ五十三,4.52,6174,76.0,58.284822321389136,-17.715177678610864,4.462530941354806,74.08333333333333,-1.9166666666666714,156.0,156,
Goodreads,Manga,One Piece,50,"One Piece, Volume 50: Arriving Again",4.52,7109,76.0,58.284822321389136,-17.715177678610864,4.4666900473444535,76.08333333333333,0.0833333333333286,144.0,144,
Goodreads,Manga,One Piece,74,"One Piece, Volume 74: Ever at Your Side",4.52,4993,76.0,58.284822321389136,-17.715177678610864,4.456248629302233,71.75,-4.25,170.0,170,
Goodreads,Manga,One Piece,93,"One Piece, Volume 93: The Star of Ebisu",4.52,4319,76.0,58.284822321389136,-17.715177678610864,4.452006719647235,70.75,-5.25,176.0,176,
Goodreads,Manga,Black Clover,29,ブラッククローバー 29,4.51,1332,74.0,57.04393307029885,-16.95606692970115,4.421706974682068,60.083333333333336,-13.916666666666664,240.0,240,
Goodreads,Manga,Demon Slayer,4,鬼滅の刃 4 [Kimetsu no Yaiba 4],4.51,25227,74.0,57.04393307029885,-16.95606692970115,4.48968158088334,80.91666666666667,6.916666666666671,115.0,115,
Goodreads,Manga,Fullmetal Alchemist,2,"Fullmetal Alchemist, Vol. 2",4.51,23028,74.0,57.04393307029885,-16.95606692970115,4.488132256069721,80.58333333333333,6.583333333333329,117.0,117,
Goodreads,Manga,Hunter × Hunter,28,"Hunter × Hunter, tome 28",4.51,1962,74.0,57.04393307029885,-16.95606692970115,4.428863565991208,64.25,-9.75,215.0,215,
Goodreads,Manga,Jujutsu Kaisen,12,呪術廻戦 12 [Jujutsu Kaisen 12],4.51,18004,74.0,57.04393307029885,-16.95606692970115,4.48351895133917,79.08333333333333,5.083333333333329,126.0,126,
Goodreads,Manga,Jujutsu Kaisen,7,"Jujutsu Kaisen, Vol. 7",4.51,21812,74.0,57.04393307029885,-16.95606692970115,4.487169592421637,80.08333333333333,6.083333333333329,120.0,120,
Goodreads,Manga,My Hero Academia,16,僕のヒーローアカデミア 16 [Boku No Hero Academia 16],4.51,9282,74.0,57.04393307029885,-16.95606692970115,4.4682154756777654,76.25,2.25,143.0,143,
Goodreads,Manga,My Hero Academia,18,僕のヒーローアカデミア 18 [Boku No Hero Academia 18],4.51,8736,74.0,57.04393307029885,-16.95606692970115,4.46664710182289,75.91666666666667,1.9166666666666714,145.0,145,
Goodreads,Manga,My Hero Academia,41,僕のヒーローアカデミア 41 [Boku no Hero Academia 41],4.51,2511,74.0,57.04393307029885,-16.95606692970115,4.434216435338181,66.91666666666667,-7.083333333333329,199.0,199,
Goodreads,Manga,Naruto,42,"Naruto, Vol. 42: The Secret of the Mangekyo",4.51,7878,74.0,57.04393307029885,-16.95606692970115,4.463929726899709,74.91666666666667,0.9166666666666714,151.0,151,
Goodreads,Manga,Naruto,46,"Naruto, Vol. 46: Naruto Returns",4.51,7689,74.0,57.04393307029885,-16.95606692970115,4.46328471918713,74.75,0.75,152.0,152,
Goodreads,Manga,Naruto,47,"Naruto, Vol. 47: The Seal Destroyed",4.51,7247,74.0,57.04393307029885,-16.95606692970115,4.461703393962601,73.91666666666667,-0.0833333333333286,157.0,157,
Goodreads,Manga,One Piece,39,"One Piece, Volume 39: Scramble",4.51,7541,74.0,57.04393307029885,-16.95606692970115,4.462766885119025,74.41666666666667,0.4166666666666714,154.0,154,
Goodreads,Manga,One Piece,88,"One Piece, Vol. 88: Lion",4.51,4342,74.0,57.04393307029885,-16.95606692970115,4.447883976032176,69.91666666666667,-4.083333333333329,181.0,181,
Goodreads,Manga,Black Clover,27,ブラッククローバー 27,4.5,1410,71.83333333333333,53.28817843672365,-18.54515489660968,4.420707993444591,59.916666666666664,-11.916666666666664,241.0,241,
Goodreads,Manga,Black Clover,30,ブラッククローバー 30 [Black Clover 30],4.5,1254,71.83333333333333,53.28817843672365,-18.54515489660968,4.418957048151556,58.583333333333336,-13.249999999999993,249.0,249,
Goodreads,Fantasy — cycle principal,Harry Potter,5,Harry Potter and the Order of the Phoenix,4.5,3925476,71.83333333333333,53.28817843672365,-18.54515489660968,4.499854366265767,83.25,11.416666666666671,101.0,101,https://www.goodreads.com/series/45175-harry-potter
Goodreads,Manga,Hunter × Hunter,30,"Hunter × Hunter, tome 30",4.5,1974,71.83333333333333,53.28817843672365,-18.54515489660968,4.426452831481363,63.583333333333336,-8.249999999999993,219.0,219,
Goodreads,Manga,My Hero Academia,25,僕のヒーローアカデミア 25 [Boku no Hero Academia 25],4.5,7937,71.83333333333333,53.28817843672365,-18.54515489660968,4.458354032854459,72.58333333333333,0.75,165.0,165,
Goodreads,Manga,My Hero Academia,26,僕のヒーローアカデミア 26 [Boku no Hero Academia 26],4.5,8339,71.83333333333333,53.28817843672365,-18.54515489660968,4.45953723217546,73.41666666666667,1.5833333333333428,160.0,160,
Goodreads,Manga,My Hero Academia,32,僕のヒーローアカデミア 32 [Boku no Hero Academia 32],4.5,5266,71.83333333333333,53.28817843672365,-18.54515489660968,4.448311476248515,70.08333333333333,-1.75,180.0,180,
Goodreads,Manga,Naruto,26,"Naruto, Vol. 26: Awakening",4.5,9532,71.83333333333333,53.28817843672365,-18.54515489660968,4.462683530498072,74.25,2.4166666666666714,155.0,155,
Goodreads,Manga,Naruto,9,"Naruto, Vol. 09: Neji vs. Hinata",4.5,19122,71.83333333333333,53.28817843672365,-18.54515489660968,4.477036882248738,77.91666666666667,6.083333333333343,133.0,133,
Goodreads,Manga,One Piece,17,"One Piece, Volume 17: Hiriluk's Cherry Blossoms",4.5,13488,71.83333333333333,53.28817843672365,-18.54515489660968,4.470333034519091,76.75,4.916666666666671,140.0,140,
Goodreads,Manga,One Piece,80,"One Piece, Volume 80: Opening Speech",4.5,4772,71.83333333333333,53.28817843672365,-18.54515489660968,4.445898612489173,69.08333333333333,-2.75,186.0,186,
Goodreads,Manga,One Piece,87,"One Piece, Vol. 87: Bittersweet",4.5,4380,71.83333333333333,53.28817843672365,-18.54515489660968,4.44381748360401,68.58333333333333,-3.25,189.0,189,
Goodreads,Manga,Black Clover,28,ブラッククローバー 28,4.49,1435,69.58333333333333,49.315085466898275,-20.268247866435054,4.419001044326364,58.75,-10.833333333333329,248.0,248,
Goodreads,Manga,Black Clover,32,ブラッククローバー 32 [Black Clover 32],4.49,1105,69.58333333333333,49.315085466898275,-20.268247866435054,4.415613052804088,57.583333333333336,-11.999999999999993,255.0,255,
Goodreads,Manga,Hunter × Hunter,25,"Hunter × Hunter, tome 25",4.49,2102,69.58333333333333,49.315085466898275,-20.268247866435054,4.424986043180621,62.583333333333336,-6.999999999999993,225.0,225,
Goodreads,Manga,Jujutsu Kaisen,1,呪術廻戦 1 [Jujutsu Kaisen 1],4.49,72707,69.58333333333333,49.315085466898275,-20.268247866435054,4.483448302183165,78.91666666666667,9.333333333333343,127.0,127,
Goodreads,Manga,Jujutsu Kaisen,25,呪術廻戦 25 [Jujutsu Kaisen 25],4.49,8084,69.58333333333333,49.315085466898275,-20.268247866435054,4.452976506291459,71.08333333333333,1.5,174.0,174,
Goodreads,Manga,Jujutsu Kaisen,6,呪術廻戦 6 [Jujutsu Kaisen 6],4.49,22368,69.58333333333333,49.315085466898275,-20.268247866435054,4.471744133529701,77.08333333333333,7.5,138.0,138,
Goodreads,Manga,My Hero Academia,40,僕のヒーローアカデミア 40 [Boku no Hero Academia 40],4.49,2709,69.58333333333333,49.315085466898275,-20.268247866435054,4.429618177905589,64.75,-4.833333333333329,212.0,212,
Goodreads,Manga,My Hero Academia,6,僕のヒーローアカデミア 6 [Boku No Hero Academia 6],4.49,15625,69.58333333333333,49.315085466898275,-20.268247866435054,4.466001356006003,75.58333333333333,6.0,147.0,147,
Goodreads,Manga,Naruto,5,"Naruto, Vol. 05: The Challengers",4.49,25732,69.58333333333333,49.315085466898275,-20.268247866435054,4.473691117275634,77.58333333333333,8.0,135.0,135,
Goodreads,Manga,One Piece,1,"One Piece, Volume 1: Romance Dawn",4.49,193407,69.58333333333333,49.315085466898275,-20.268247866435054,4.487417782407001,80.41666666666667,10.833333333333343,118.0,118,
Goodreads,Manga,One Piece,20,"One Piece, Vol. 20: Showdown at Alubarna",4.49,12173,69.58333333333333,49.315085466898275,-20.268247866435054,4.461394726647575,73.75,4.166666666666671,158.0,158,
Goodreads,Manga,One Piece,21,"One Piece, Vol. 21: Utopia",4.49,10835,69.58333333333333,49.315085466898275,-20.268247866435054,4.45909537512641,73.25,3.6666666666666714,161.0,161,
Goodreads,Manga,One Piece,31,"One Piece, Volume 31: We'll Be Here",4.49,8555,69.58333333333333,49.315085466898275,-20.268247866435054,4.454190391331083,71.41666666666667,1.8333333333333428,172.0,172,
Goodreads,Manga,One Piece,70,"One Piece, Volume 70: Enter Doflamingo",4.49,5525,69.58333333333333,49.315085466898275,-20.268247866435054,4.444618417067326,68.91666666666667,-0.6666666666666572,187.0,187,
Goodreads,Manga,One Piece,92,"One Piece, Vol. 92: Introducing Komurasaki the Oiran",4.49,4355,69.58333333333333,49.315085466898275,-20.268247866435054,4.439395215844441,67.75,-1.8333333333333286,194.0,194,
Goodreads,Manga,Black Clover,33,ブラッククローバー 33 [Black Clover 33],4.48,989,67.5,48.85149714603482,-18.648502853965176,4.412889486972082,55.916666666666664,-11.583333333333336,265.0,265,
Goodreads,Manga,Fairy Tail,11,"Fairy Tail, Vol. 11",4.48,8066,67.5,48.85149714603482,-18.648502853965176,4.447115776072256,69.58333333333333,2.0833333333333286,183.0,183,
Goodreads,Manga,Fairy Tail,8,"Fairy Tail, Vol. 08",4.48,7856,67.5,48.85149714603482,-18.648502853965176,4.44661047573751,69.41666666666667,1.9166666666666714,184.0,184,
Goodreads,Manga,Hunter × Hunter,11,"Hunter × Hunter, tome 11",4.48,3230,67.5,48.85149714603482,-18.648502853965176,4.429525144258245,64.58333333333333,-2.9166666666666714,213.0,213,
Goodreads,Manga,My Hero Academia,7,僕のヒーローアカデミア 7 [Boku No Hero Academia 7],4.48,15189,67.5,48.85149714603482,-18.648502853965176,4.458270057223585,72.41666666666667,4.916666666666671,166.0,166,
Goodreads,Manga,Naruto,12,"Naruto, Vol. 12: The Great Flight",4.48,15826,67.5,48.85149714603482,-18.648502853965176,4.4589098082715175,73.08333333333333,5.583333333333329,162.0,162,
Goodreads,Manga,Naruto,4,"Naruto, Vol. 04: Hero’s Bridge",4.48,20937,67.5,48.85149714603482,-18.648502853965176,4.46293979125775,74.58333333333333,7.083333333333329,153.0,153,
Goodreads,Manga,One Piece,11,"One Piece, Volume 11: The Meanest Man in the East",4.48,15751,67.5,48.85149714603482,-18.648502853965176,4.458836447680666,72.91666666666667,5.416666666666671,163.0,163,
Goodreads,Manga,One Piece,18,"One Piece, Volume 18: Ace Arrives",4.48,12031,67.5,48.85149714603482,-18.648502853965176,4.454423790974227,71.58333333333333,4.083333333333329,171.0,171,
Goodreads,Manga,One Piece,8,"One Piece, Volume 8: I Won't Die",4.48,25603,67.5,48.85149714603482,-18.648502853965176,4.465473827070103,75.25,7.75,149.0,149,
Goodreads,Manga,Demon Slayer,12,鬼滅の刃 12 [Kimetsu no Yaiba 12],4.47,18389,65.83333333333333,37.971958696972834,-27.861374636360495,4.453544580122179,71.25,5.416666666666671,173.0,173,
Goodreads,Fantasy — cycle principal,Harry Potter,1,Harry Potter and the Philosopher's Stone,4.47,11816633,65.83333333333333,37.971958696972834,-27.861374636360495,4.469966317205632,76.58333333333333,10.75,141.0,141,https://www.goodreads.com/series/45175-harry-potter
Goodreads,Manga,Hunter × Hunter,12,"Hunter × Hunter, tome 12",4.47,3007,65.83333333333333,37.971958696972834,-27.861374636360495,4.424838340421511,62.416666666666664,-3.4166666666666643,226.0,226,
Goodreads,Manga,My Hero Academia,24,僕のヒーローアカデミア 24 [Boku no Hero Academia 24],4.47,8137,65.83333333333333,37.971958696972834,-27.861374636360495,4.441449153372767,68.08333333333333,2.25,192.0,192,
Goodreads,Manga,My Hero Academia,39,僕のヒーローアカデミア 39 [Boku no Hero Academia 39],4.47,2866,65.83333333333333,37.971958696972834,-27.861374636360495,4.424104427668607,61.583333333333336,-4.249999999999993,231.0,231,
Goodreads,Manga,Naruto,27,"Naruto, Vol. 27: Departure",4.47,9274,65.83333333333333,37.971958696972834,-27.861374636360495,4.443601184438773,68.41666666666667,2.583333333333343,190.0,190,
Goodreads,Manga,One Piece,10,"One Piece, Volume 10: OK, Let's Stand Up!",4.47,16243,65.83333333333333,37.971958696972834,-27.861374636360495,4.451943322677428,70.58333333333333,4.75,177.0,177,
Goodreads,Manga,One Piece,25,"One Piece, Volume 25: The 100 Million Berry Man",4.47,9589,65.83333333333333,37.971958696972834,-27.861374636360495,4.444141177743865,68.75,2.9166666666666714,188.0,188,
Goodreads,Manga,One Piece,69,"One Piece, Volume 69: S.A.D.",4.47,5489,65.83333333333333,37.971958696972834,-27.861374636360495,4.434758358039442,67.08333333333333,1.25,198.0,198,
Goodreads,Manga,One Piece,72,"One Piece, Volume 72: Dressrosa's Forgotten",4.47,5140,65.83333333333333,37.971958696972834,-27.861374636360495,4.433635182563963,66.41666666666667,0.5833333333333428,202.0,202,
Goodreads,Manga,Black Clover,31,ブラッククローバー 31 [Black Clover 31],4.46,1175,64.08333333333333,26.969762740385836,-37.1135705929475,4.411312299286618,54.916666666666664,-9.166666666666664,271.0,271,
Goodreads,Manga,Demon Slayer,1,鬼滅の刃 1 [Kimetsu no Yaiba 1],4.46,150343,64.08333333333333,26.969762740385836,-37.1135705929475,4.457821964071678,72.08333333333333,8.0,168.0,168,
Goodreads,Manga,Demon Slayer,3,鬼滅の刃 3 [Kimetsu no Yaiba 3],4.46,29609,64.08333333333333,26.969762740385836,-37.1135705929475,4.450397720652935,70.41666666666667,6.333333333333343,178.0,178,
Goodreads,Manga,Hunter × Hunter,26,"Hunter × Hunter, tome 26",4.46,2068,64.08333333333333,26.969762740385836,-37.1135705929475,4.416830877282055,57.916666666666664,-6.166666666666664,253.0,253,
Goodreads,Manga,Hunter × Hunter,4,"Hunter × Hunter, tome 4",4.46,5647,64.08333333333333,26.969762740385836,-37.1135705929475,4.430315694232307,65.08333333333333,1.0,210.0,210,
Goodreads,Manga,Hunter × Hunter,9,"Hunter × Hunter, tome 9",4.46,3442,64.08333333333333,26.969762740385836,-37.1135705929475,4.423241509501937,61.083333333333336,-2.999999999999993,234.0,234,
Goodreads,Manga,Jujutsu Kaisen,2,呪術廻戦 2 [Jujutsu Kaisen 2],4.46,38510,64.08333333333333,26.969762740385836,-37.1135705929475,4.452326171109682,70.91666666666667,6.833333333333343,175.0,175,
Goodreads,Manga,Naruto,31,"Naruto, Vol. 31: Final Battle",4.46,9330,64.08333333333333,26.969762740385836,-37.1135705929475,4.437536545468556,67.25,3.1666666666666714,197.0,197,
Goodreads,Manga,One Piece,19,"One Piece, Volume 19: Rebellion",4.46,11619,64.08333333333333,26.969762740385836,-37.1135705929475,4.440486650028208,67.91666666666667,3.833333333333343,193.0,193,
Goodreads,Manga,One Piece,81,"One Piece, Vol. 81: Let's Go See the Cat Viper",4.46,4641,64.08333333333333,26.969762740385836,-37.1135705929475,4.427458457318727,63.916666666666664,-0.1666666666666643,217.0,217,
Goodreads,Manga,One Piece,82,"One Piece, Vol. 82: The World Is Restless",4.46,4612,64.08333333333333,26.969762740385836,-37.1135705929475,4.427367912369074,63.75,-0.3333333333333286,218.0,218,
Goodreads,Fantasy — cycle principal,A Song of Ice and Fire,1,A Game of Thrones,4.45,2818198,62.083333333333336,24.082456350588423,-38.00087698274491,4.449900140904911,70.25,8.166666666666664,179.0,179,https://www.goodreads.com/series/43790-a-song-of-ice-and-fire
Goodreads,Manga,Black Clover,16,ブラッククローバー 16,4.45,1491,62.083333333333336,24.082456350588423,-38.00087698274491,4.4113773973384465,55.083333333333336,-7.0,270.0,270,
Goodreads,Manga,Demon Slayer,2,鬼滅の刃 2 [Kimetsu no Yaiba 2],4.45,34675,62.083333333333336,24.082456350588423,-38.00087698274491,4.4430344707776035,68.25,6.166666666666664,191.0,191,
Goodreads,Manga,Hunter × Hunter,17,"Hunter × Hunter, tome 17",4.45,2695,62.083333333333336,24.082456350588423,-38.00087698274491,4.416844637783395,58.083333333333336,-4.0,252.0,252,
Goodreads,Manga,Hunter × Hunter,27,"Hunter × Hunter, tome 27",4.45,2016,62.083333333333336,24.082456350588423,-38.00087698274491,4.413968193530526,56.916666666666664,-5.166666666666671,259.0,259,
Goodreads,Manga,Hunter × Hunter,31,"Hunter × Hunter, tome 31",4.45,1890,62.083333333333336,24.082456350588423,-38.00087698274491,4.4133786204359025,56.25,-5.833333333333336,263.0,263,
Goodreads,Manga,My Hero Academia,37,僕のヒーローアカデミア 37 [Boku no Hero Academia 37],4.45,3741,62.083333333333336,24.082456350588423,-38.00087698274491,4.420475534383779,59.75,-2.3333333333333357,242.0,242,
Goodreads,Manga,My Hero Academia,4,僕のヒーローアカデミア 4 [Boku No Hero Academia 4],4.45,19171,62.083333333333336,24.082456350588423,-38.00087698274491,4.438711529198273,67.58333333333333,5.499999999999993,195.0,195,
Goodreads,Manga,Naruto,25,"Naruto, Vol. 25: Brothers",4.45,9154,62.083333333333336,24.082456350588423,-38.00087698274491,4.431155205096506,65.41666666666667,3.3333333333333357,208.0,208,
Goodreads,Manga,Naruto,7,"Naruto, Vol. 07: The Path You Should Tread",4.45,17081,62.083333333333336,24.082456350588423,-38.00087698274491,4.437680888830643,67.41666666666667,5.333333333333336,196.0,196,
Goodreads,Manga,Naruto,72,NARUTO -ナルト- 72,4.45,5023,62.083333333333336,24.082456350588423,-38.00087698274491,4.423969360471378,61.416666666666664,-0.6666666666666714,232.0,232,
Goodreads,Manga,One Piece,32,"One Piece, Volume 32: Love Song",4.45,8634,62.083333333333336,24.082456350588423,-38.00087698274491,4.43047679508925,65.25,3.1666666666666643,209.0,209,
Goodreads,Manga,One Piece,71,"One Piece, Volume 71: Coliseum of Scoundrels",4.45,5272,62.083333333333336,24.082456350588423,-38.00087698274491,4.424554213098729,61.916666666666664,-0.1666666666666714,229.0,229,
Goodreads,Manga,Black Clover,36,ブラッククローバー 36 [Black Clover 36],4.44,644,59.25,21.19853413426344,-38.05146586573656,4.4053113435071145,51.583333333333336,-7.666666666666664,291.0,291,
Goodreads,Manga,Fairy Tail,14,フェアリーテイル 14 [Fearī Teiru 14],4.44,5387,59.25,21.19853413426344,-38.05146586573656,4.420004649847436,59.416666666666664,0.1666666666666643,244.0,244,
Goodreads,Manga,Fairy Tail,35,フェアリーテイル 35 [Fearī Teiru 35],4.44,2882,59.25,21.19853413426344,-38.05146586573656,4.414242400536862,57.25,-2.0,257.0,257,
Goodreads,Manga,Hunter × Hunter,24,"Hunter × Hunter, tome 24",4.44,2143,59.25,21.19853413426344,-38.05146586573656,4.411849131409652,55.416666666666664,-3.8333333333333357,268.0,268,
Goodreads,Manga,Hunter × Hunter,3,"Hunter × Hunter, tome 3",4.44,6609,59.25,21.19853413426344,-38.05146586573656,4.421972065434733,60.416666666666664,1.1666666666666643,238.0,238,
Goodreads,Manga,Jujutsu Kaisen,26,呪術廻戦 26 [Jujutsu Kaisen 26],4.44,7294,59.25,21.19853413426344,-38.05146586573656,4.422914423798441,60.916666666666664,1.6666666666666643,235.0,235,
Goodreads,Manga,Jujutsu Kaisen,3,呪術廻戦 3 [Jujutsu Kaisen 3],4.44,32355,59.25,21.19853413426344,-38.05146586573656,4.434133499277271,66.75,7.5,200.0,200,
Goodreads,Manga,Jujutsu Kaisen,5,"Jujutsu Kaisen, Vol. 5",4.44,24984,59.25,21.19853413426344,-38.05146586573656,4.432729288238701,66.08333333333333,6.833333333333329,204.0,204,
Goodreads,Manga,My Hero Academia,13,僕のヒーローアカデミア 13 [Boku No Hero Academia 13],4.44,10253,59.25,21.19853413426344,-38.05146586573656,4.426061696807462,63.083333333333336,3.8333333333333357,222.0,222,
Goodreads,Manga,My Hero Academia,15,僕のヒーローアカデミア 15 [Boku No Hero Academia 15],4.44,9480,59.25,21.19853413426344,-38.05146586573656,4.425357056124174,62.75,3.5,224.0,224,
Goodreads,Manga,My Hero Academia,3,僕のヒーローアカデミア 3 [Boku No Hero Academia 3],4.44,23480,59.25,21.19853413426344,-38.05146586573656,4.43235595386445,65.91666666666667,6.666666666666671,205.0,205,
Goodreads,Manga,Naruto,2,"Naruto, Vol. 02: The Worst Client",4.44,32311,59.25,21.19853413426344,-38.05146586573656,4.434126728136792,66.58333333333333,7.333333333333329,201.0,201,
Goodreads,Manga,Naruto,3,"Naruto, Vol. 03: Dreams",4.44,22679,59.25,21.19853413426344,-38.05146586573656,4.432141036756232,65.75,6.5,206.0,206,
Goodreads,Manga,Naruto,37,NARUTO -ナルト- 巻ノ三十七,4.44,6955,59.25,21.19853413426344,-38.05146586573656,4.422460700063975,60.75,1.5,236.0,236,
Goodreads,Manga,Naruto,45,"Naruto, Vol. 45: Battlefield, Konoha",4.44,6780,59.25,21.19853413426344,-38.05146586573656,4.4222169148696775,60.583333333333336,1.3333333333333357,237.0,237,
Goodreads,Manga,Naruto,60,"Naruto, Vol. 60: Kurama",4.44,5203,59.25,21.19853413426344,-38.05146586573656,4.419670592152056,59.083333333333336,-0.1666666666666643,246.0,246,
Goodreads,Manga,One Piece,12,"One Piece, Volume 12: The Legend Begins",4.44,15139,59.25,21.19853413426344,-38.05146586573656,4.429312492740479,64.41666666666667,5.166666666666671,214.0,214,
Goodreads,Manga,One Piece,30,"One Piece, Volume 30: Capriccio",4.44,8702,59.25,21.19853413426344,-38.05146586573656,4.424572063163939,62.083333333333336,2.8333333333333357,228.0,228,
Goodreads,Manga,One Piece,34,"One Piece, Volume 34: The City of Water, Water Seven",4.44,8003,59.25,21.19853413426344,-38.05146586573656,4.4237913683473895,61.25,2.0,233.0,233,
Goodreads,Manga,One Piece,7,"One Piece, Volume 7: The Crap-Geezer",4.44,21372,59.25,21.19853413426344,-38.05146586573656,4.431763158895123,65.58333333333333,6.333333333333329,207.0,207,
Goodreads,Manga,One Piece,83,"One Piece, Vol. 83: Emperor of the Sea, Charlotte Linlin",4.44,4602,59.25,21.19853413426344,-38.05146586573656,4.418497197278913,58.416666666666664,-0.8333333333333357,250.0,250,
Goodreads,Manga,Black Clover,25,ブラッククローバー 25,4.43,1157,56.333333333333336,16.60536446254003,-39.727968870793305,4.406204817605549,51.916666666666664,-4.416666666666671,289.0,289,
Goodreads,Manga,Bleach,15,"Bleach, Volume 15",4.43,25739,56.333333333333336,16.60536446254003,-39.727968870793305,4.424744990147757,62.25,5.916666666666664,227.0,227,
Goodreads,Manga,Fairy Tail,18,フェアリーテイル 18 [Fearī Teiru 18],4.43,5024,56.333333333333336,16.60536446254003,-39.727968870793305,4.4146976848647075,57.416666666666664,1.0833333333333286,256.0,256,
Goodreads,Manga,Fairy Tail,45,"Fairy Tail, Vol. 45",4.43,2266,56.333333333333336,16.60536446254003,-39.727968870793305,4.4094721806062855,53.25,-3.0833333333333357,281.0,281,
Goodreads,Fantasy — cycle principal,Harry Potter,2,Harry Potter and the Chamber of Secrets,4.43,4672988,56.333333333333336,16.60536446254003,-39.727968870793305,4.429964565062305,64.91666666666667,8.583333333333336,211.0,211,https://www.goodreads.com/series/45175-harry-potter
Goodreads,Manga,Hunter × Hunter,18,"Hunter × Hunter, tome 18",4.43,2528,56.333333333333336,16.60536446254003,-39.727968870793305,4.4101171753512824,53.916666666666664,-2.4166666666666714,277.0,277,
Goodreads,Manga,Hunter × Hunter,21,"Hunter × Hunter, tome 21",4.43,2310,56.333333333333336,16.60536446254003,-39.727968870793305,4.409583408246619,53.416666666666664,-2.9166666666666714,280.0,280,
Goodreads,Manga,Jujutsu Kaisen,19,呪術廻戦 19 [Jujutsu Kaisen 19],4.43,14365,56.333333333333336,16.60536446254003,-39.727968870793305,4.421782462227289,60.25,3.9166666666666643,239.0,239,
Goodreads,Manga,My Hero Academia,14,僕のヒーローアカデミア 14 [Boku No Hero Academia 14],4.43,9851,56.333333333333336,16.60536446254003,-39.727968870793305,4.419413981206568,58.916666666666664,2.5833333333333286,247.0,247,
Goodreads,Manga,My Hero Academia,2,僕のヒーローアカデミア 2 [Boku No Hero Academia 2],4.43,36938,56.333333333333336,16.60536446254003,-39.727968870793305,4.426121666647173,63.25,6.916666666666664,221.0,221,
Goodreads,Manga,My Hero Academia,35,僕のヒーローアカデミア 35 [Boku No Hero Academia 35],4.43,4341,56.333333333333336,16.60536446254003,-39.727968870793305,4.4136681344300515,56.583333333333336,0.25,261.0,261,
Goodreads,Manga,Naruto,15,"Naruto, Vol. 15: Naruto's Ninja Handbook!",4.43,10797,56.333333333333336,16.60536446254003,-39.727968870793305,4.420016984294244,59.583333333333336,3.25,243.0,243,
Goodreads,Manga,Naruto,48,"Naruto, Vol. 48: The Cheering Village",4.43,6525,56.333333333333336,16.60536446254003,-39.727968870793305,4.416559690865118,57.75,1.4166666666666643,254.0,254,
Goodreads,Manga,One Piece,6,"One Piece, Volume 6: The Oath",4.43,22672,56.333333333333336,16.60536446254003,-39.727968870793305,4.4241791298750694,61.75,5.416666666666664,230.0,230,
Goodreads,Fantasy — cycle principal,A Song of Ice and Fire,2,A Clash of Kings,4.42,1052073,53.583333333333336,11.1897465064903,-42.393586826843034,4.419898204354891,59.25,5.666666666666664,245.0,245,https://www.goodreads.com/series/43790-a-song-of-ice-and-fire
Goodreads,Manga,Black Clover,14,ブラッククローバー 14,4.42,1608,53.583333333333336,11.1897465064903,-42.393586826843034,4.405483866909304,51.75,-1.8333333333333357,290.0,290,
Goodreads,Manga,Fairy Tail,13,"Fairy Tail, Vol. 13",4.42,5779,53.583333333333336,11.1897465064903,-42.393586826843034,4.410708146742023,54.583333333333336,1.0,273.0,273,
Goodreads,Manga,Fairy Tail,15,フェアリーテイル 15 [Fearī Teiru 15],4.42,5107,53.583333333333336,11.1897465064903,-42.393586826843034,4.410136209449661,54.083333333333336,0.5,276.0,276,
Goodreads,Manga,Fairy Tail,46,"Fairy Tail, Vol. 46",4.42,2229,53.583333333333336,11.1897465064903,-42.393586826843034,4.406605145427784,52.416666666666664,-1.1666666666666714,286.0,286,
Goodreads,Manga,Fairy Tail,5,"Fairy Tail, Vol. 05",4.42,8234,53.583333333333336,11.1897465064903,-42.393586826843034,4.4123323768497755,55.75,2.1666666666666643,266.0,266,
Goodreads,Manga,Fairy Tail,9,"Fairy Tail, Vol. 09",4.42,6233,53.583333333333336,11.1897465064903,-42.393586826843034,4.4110584187874515,54.75,1.1666666666666643,272.0,272,
Goodreads,Manga,Hunter × Hunter,2,"Hunter × Hunter, tome 2",4.42,7540,53.583333333333336,11.1897465064903,-42.393586826843034,4.41193379024506,55.583333333333336,2.0,267.0,267,
Goodreads,Manga,Hunter × Hunter,32,"Hunter × Hunter, tome 32",4.42,2513,53.583333333333336,11.1897465064903,-42.393586826843034,4.407062181374021,52.75,-0.8333333333333357,284.0,284,
Goodreads,Manga,Hunter × Hunter,5,"Hunter × Hunter, tome 5",4.42,4986,53.583333333333336,11.1897465064903,-42.393586826843034,4.410025662637583,53.75,0.1666666666666643,278.0,278,
Goodreads,Manga,Hunter × Hunter,7,"Hunter × Hunter, tome 7",4.42,4099,53.583333333333336,11.1897465064903,-42.393586826843034,4.409132859040988,53.083333333333336,-0.5,282.0,282,
Goodreads,Manga,My Hero Academia,21,僕のヒーローアカデミア 21 [Boku no Hero Academia 21],4.42,9404,53.583333333333336,11.1897465064903,-42.393586826843034,4.412922019564669,56.083333333333336,2.5,264.0,264,
Goodreads,Manga,My Hero Academia,42,僕のヒーローアカデミア 42 [Boku no Hero Academia 42],4.42,2518,53.583333333333336,11.1897465064903,-42.393586826843034,4.407069948570171,52.916666666666664,-0.6666666666666714,283.0,283,
Goodreads,Manga,Naruto,10,"Naruto, Vol. 10: A Splendid Ninja",4.42,12861,53.583333333333336,11.1897465064903,-42.393586826843034,4.4142324969427555,57.083333333333336,3.5,258.0,258,
Goodreads,Manga,Naruto,13,"Naruto, Vol. 13: The Chūnin Exam, Concluded...!!",4.42,11708,53.583333333333336,11.1897465064903,-42.393586826843034,4.413852902170087,56.75,3.1666666666666643,260.0,260,
Goodreads,Manga,Naruto,19,"Naruto, Vol. 19: Successor",4.42,10700,53.583333333333336,11.1897465064903,-42.393586826843034,4.413477609198187,56.416666666666664,2.8333333333333286,262.0,262,
Goodreads,Manga,Naruto,63,NARUTO -ナルト- 63,4.42,5554,53.583333333333336,11.1897465064903,-42.393586826843034,4.410524182028833,54.25,0.6666666666666643,275.0,275,
Goodreads,Manga,One Piece,49,"One Piece, Volume 49: Nightmare Luffy",4.42,7150,53.583333333333336,11.1897465064903,-42.393586826843034,4.411691066445482,55.25,1.6666666666666643,269.0,269,
Goodreads,Manga,One Piece,68,"One Piece, Volume 68: Pirate Alliance",4.42,5642,53.583333333333336,11.1897465064903,-42.393586826843034,4.410596993378447,54.416666666666664,0.8333333333333286,274.0,274,
Goodreads,Manga,Black Clover,21,ブラッククローバー 21,4.41,1280,50.916666666666664,9.864812271145155,-41.05185439552151,4.40300713160802,50.083333333333336,-0.8333333333333286,300.0,300,
Goodreads,Manga,Black Clover,26,ブラッククローバー 26,4.41,1140,50.916666666666664,9.864812271145155,-41.05185439552151,4.402866278205406,49.916666666666664,-1.0,301.0,301,
Goodreads,Manga,Bleach,19,"Bleach, Volume 19",4.41,8229,50.916666666666664,9.864812271145155,-41.05185439552151,4.406468326269929,52.25,1.3333333333333357,287.0,287,
Goodreads,Manga,Bleach,20,"Bleach, Volume 20",4.41,7907,50.916666666666664,9.864812271145155,-41.05185439552151,4.406385424943807,52.083333333333336,1.1666666666666714,288.0,288,
Goodreads,Manga,Fairy Tail,29,フェアリーテイル 29 [Fearī Teiru 29],4.41,3037,50.916666666666664,9.864812271145155,-41.05185439552151,4.404395825562776,51.25,0.3333333333333357,293.0,293,
Goodreads,Manga,Fairy Tail,34,フェアリーテイル 34 [Fearī Teiru 34],4.41,2772,50.916666666666664,9.864812271145155,-41.05185439552151,4.404222786678319,50.75,-0.1666666666666643,296.0,296,
Goodreads,Manga,Fairy Tail,39,フェアリーテイル 39 [Fearī Teiru 39],4.41,2463,50.916666666666664,9.864812271145155,-41.05185439552151,4.404007018392056,50.583333333333336,-0.3333333333333286,297.0,297,
Goodreads,Manga,Fairy Tail,4,"Fairy Tail, Vol. 04",4.41,9448,50.916666666666664,9.864812271145155,-41.05185439552151,4.406750471321995,52.583333333333336,1.6666666666666714,285.0,285,
Goodreads,Manga,Fairy Tail,47,"Fairy Tail, Vol. 47",4.41,2188,50.916666666666664,9.864812271145155,-41.05185439552151,4.403800971015399,50.25,-0.6666666666666643,299.0,299,
Goodreads,Manga,Hunter × Hunter,10,"Hunter × Hunter, tome 10",4.41,3261,50.916666666666664,9.864812271145155,-41.05185439552151,4.404534207867131,51.416666666666664,0.5,292.0,292,
Goodreads,Manga,Hunter × Hunter,13,"Hunter × Hunter, tome 13",4.41,2777,50.916666666666664,9.864812271145155,-41.05185439552151,4.404226150412422,50.916666666666664,0.0,295.0,295,
Goodreads,Manga,Hunter × Hunter,19,"Hunter × Hunter, tome 19",4.41,2398,50.916666666666664,9.864812271145155,-41.05185439552151,4.403959562242392,50.416666666666664,-0.5,298.0,298,
Goodreads,Manga,Naruto,1,"Naruto, Vol. 1: Uzumaki Naruto",4.41,251014,50.916666666666664,9.864812271145155,-41.05185439552151,4.40980693846057,53.583333333333336,2.6666666666666714,279.0,279,
Goodreads,Manga,Black Clover,17,ブラッククローバー 17,4.4,1446,48.166666666666664,9.487641204841784,-38.67902546182488,4.401174404556834,49.75,1.5833333333333357,302.0,302,
Goodreads,Manga,Fairy Tail,19,フェアリーテイル 19 [Fearī Teiru 19],4.4,4043,48.166666666666664,9.487641204841784,-38.67902546182488,4.4008648771164225,48.583333333333336,0.4166666666666714,309.0,309,
Goodreads,Manga,Fairy Tail,24,フェアリーテイル 24 [Fearī Teiru 24],4.4,3459,48.166666666666664,9.487641204841784,-38.67902546182488,4.400919366380783,48.916666666666664,0.75,307.0,307,
Goodreads,Manga,Fairy Tail,25,フェアリーテイル 25 [Fearī Teiru 25],4.4,3400,48.166666666666664,9.487641204841784,-38.67902546182488,4.400925255595968,49.083333333333336,0.9166666666666714,306.0,306,
Goodreads,Manga,Fairy Tail,30,フェアリーテイル 30 [Fearī Teiru 30],4.4,2969,48.166666666666664,9.487641204841784,-38.67902546182488,4.400970677904968,49.25,1.0833333333333357,305.0,305,
Goodreads,Manga,Fairy Tail,36,フェアリーテイル 36 [Fearī Teiru 36],4.4,2954,48.166666666666664,9.487641204841784,-38.67902546182488,4.400972339171278,49.416666666666664,1.25,304.0,304,
Goodreads,Manga,Fairy Tail,37,フェアリーテイル 37 [Fearī Teiru 37],4.4,2714,48.166666666666664,9.487641204841784,-38.67902546182488,4.400999714548263,49.583333333333336,1.4166666666666714,303.0,303,
Goodreads,Manga,Fairy Tail,7,"Fairy Tail, Vol. 07",4.4,6571,48.166666666666664,9.487641204841784,-38.67902546182488,4.40068829032562,47.583333333333336,-0.5833333333333286,315.0,315,
Goodreads,Manga,Hunter × Hunter,6,"Hunter × Hunter, tome 6",4.4,4582,48.166666666666664,9.487641204841784,-38.67902546182488,4.400820020848369,48.416666666666664,0.25,310.0,310,
Goodreads,Manga,Hunter × Hunter,8,"Hunter × Hunter, tome 8",4.4,3751,48.166666666666664,9.487641204841784,-38.67902546182488,4.40089128972093,48.75,0.5833333333333357,308.0,308,
Goodreads,Manga,My Hero Academia,22,僕のヒーローアカデミア 22 [Boku no Hero Academia 22],4.4,8963,48.166666666666664,9.487641204841784,-38.67902546182488,4.400576848185377,47.083333333333336,-1.0833333333333286,318.0,318,
Goodreads,Manga,My Hero Academia,8,僕のヒーローアカデミア 8 [Boku No Hero Academia 8],4.4,13665,48.166666666666664,9.487641204841784,-38.67902546182488,4.400437578838369,46.583333333333336,-1.5833333333333286,321.0,321,
Goodreads,Manga,Naruto,20,"Naruto, Vol. 20: Naruto vs. Sasuke",4.4,9634,48.166666666666664,9.487641204841784,-38.67902546182488,4.400551786504366,46.75,-1.4166666666666643,320.0,320,
Goodreads,Manga,Naruto,28,"Naruto, Vol. 28: Homecoming",4.4,9176,48.166666666666664,9.487641204841784,-38.67902546182488,4.400568649562383,46.916666666666664,-1.25,319.0,319,
Goodreads,Manga,Naruto,29,"Naruto, Vol. 29: Kakashi vs. Itachi",4.4,8579,48.166666666666664,9.487641204841784,-38.67902546182488,4.400592242028331,47.416666666666664,-0.75,316.0,316,
Goodreads,Manga,Naruto,30,"Naruto, Vol. 30: Puppet Masters",4.4,8605,48.166666666666664,9.487641204841784,-38.67902546182488,4.400591173852219,47.25,-0.9166666666666643,317.0,317,
Goodreads,Manga,Naruto,41,NARUTO -ナルト- 巻ノ四十一,4.4,6557,48.166666666666664,9.487641204841784,-38.67902546182488,4.4006890694697125,47.75,-0.4166666666666643,314.0,314,
Goodreads,Manga,Naruto,58,"Naruto, Vol. 58: Naruto vs. Itachi",4.4,5839,48.166666666666664,9.487641204841784,-38.67902546182488,4.400731539264919,48.25,0.0833333333333357,311.0,311,
Goodreads,Manga,One Piece,64,"One Piece, Volume 64: 100,000 vs. 10",4.4,5946,48.166666666666664,9.487641204841784,-38.67902546182488,4.400724881271354,48.083333333333336,-0.0833333333333286,312.0,312,
Goodreads,Manga,One Piece,66,"One Piece, Volume 66: The Road Toward the Sun",4.4,5950,48.166666666666664,9.487641204841784,-38.67902546182488,4.400724634723581,47.916666666666664,-0.25,313.0,313,
Goodreads,Manga,Black Clover,35,ブラッククローバー 35 [Black Clover 35],4.39,831,44.083333333333336,9.211087526184578,-34.87224580714876,4.40003193053778,46.416666666666664,2.3333333333333286,322.0,322,
Goodreads,Manga,Black Clover,6,ブラッククローバー 6 [Black Clover 6],4.39,2427,44.083333333333336,9.211087526184578,-34.87224580714876,4.3980882630247855,45.083333333333336,1.0,330.0,330,
Goodreads,Manga,Bleach,12,"Bleach, Volume 12",4.39,12347,44.083333333333336,9.211087526184578,-34.87224580714876,4.393669396484464,39.083333333333336,-5.0,366.0,366,
Goodreads,Manga,Bleach,13,"Bleach, Volume 13",4.39,8895,44.083333333333336,9.211087526184578,-34.87224580714876,4.39453075833305,41.416666666666664,-2.6666666666666714,352.0,352,
Goodreads,Manga,Bleach,14,"Bleach, Volume 14",4.39,13194,44.083333333333336,9.211087526184578,-34.87224580714876,4.393505857384655,38.75,-5.333333333333336,368.0,368,
Goodreads,Manga,Bleach,48,Bleach―ブリーチ― 48 [Burīchi 48],4.39,4134,44.083333333333336,9.211087526184578,-34.87224580714876,4.3966998910620605,43.916666666666664,-0.1666666666666714,337.0,337,
Goodreads,Manga,Fairy Tail,20,フェアリーテイル 20 [Fearī Teiru 20],4.39,4130,44.083333333333336,9.211087526184578,-34.87224580714876,4.396702587059671,44.083333333333336,0.0,336.0,336,
Goodreads,Manga,Fairy Tail,27,フェアリーテイル 27 [Fearī Teiru 27],4.39,3186,44.083333333333336,9.211087526184578,-34.87224580714876,4.3974058874747595,44.416666666666664,0.3333333333333286,334.0,334,
Goodreads,Manga,Fairy Tail,3,"Fairy Tail, Vol. 03",4.39,10791,44.083333333333336,9.211087526184578,-34.87224580714876,4.394013316065817,39.583333333333336,-4.5,363.0,363,
Goodreads,Manga,Fairy Tail,38,フェアリーテイル 38 [Fearī Teiru 38],4.39,2621,44.083333333333336,9.211087526184578,-34.87224580714876,4.397902160548736,44.916666666666664,0.8333333333333286,331.0,331,
Goodreads,Manga,Fairy Tail,49,フェアリーテイル 49 [Fearī Teiru 49],4.39,1948,44.083333333333336,9.211087526184578,-34.87224580714876,4.398587622177827,45.916666666666664,1.8333333333333286,325.0,325,
Goodreads,Manga,Fairy Tail,50,"Fairy Tail, Vol. 50",4.39,2387,44.083333333333336,9.211087526184578,-34.87224580714876,4.398127729998984,45.416666666666664,1.3333333333333286,328.0,328,
Goodreads,Manga,Fairy Tail,6,"Fairy Tail, Vol. 06",4.39,7252,44.083333333333336,9.211087526184578,-34.87224580714876,4.395100636682615,42.416666666666664,-1.6666666666666714,346.0,346,
Goodreads,Manga,Hunter × Hunter,15,"Hunter × Hunter, tome 15",4.39,2650,44.083333333333336,9.211087526184578,-34.87224580714876,4.397875074365188,44.75,0.6666666666666643,332.0,332,
Goodreads,Manga,Hunter × Hunter,16,"Hunter × Hunter, tome 16",4.39,2385,44.083333333333336,9.211087526184578,-34.87224580714876,4.39812971346064,45.583333333333336,1.5,327.0,327,
Goodreads,Manga,Hunter × Hunter,23,"Hunter × Hunter, tome 23",4.39,2133,44.083333333333336,9.211087526184578,-34.87224580714876,4.398387620905981,45.75,1.6666666666666643,326.0,326,
Goodreads,Manga,Jujutsu Kaisen,22,呪術廻戦 22 [Jujutsu Kaisen 22],4.39,10472,44.083333333333336,9.211087526184578,-34.87224580714876,4.394091943292901,39.75,-4.333333333333336,362.0,362,
Goodreads,Manga,Magi,8,マギ 8,4.39,1311,44.083333333333336,9.211087526184578,-34.87224580714876,4.399355763064897,46.25,2.1666666666666643,323.0,323,
Goodreads,Manga,Naruto,14,"Naruto, Vol. 14: Hokage vs. Hokage!!",4.39,11128,44.083333333333336,9.211087526184578,-34.87224580714876,4.393933469118674,39.416666666666664,-4.666666666666671,364.0,364,
Goodreads,Manga,Naruto,16,"Naruto, Vol. 16: Eulogy",4.39,10208,44.083333333333336,9.211087526184578,-34.87224580714876,4.3941593823807885,40.25,-3.8333333333333357,359.0,359,
Goodreads,Manga,Naruto,17,"Naruto, Vol. 17: Itachi's Power",4.39,10298,44.083333333333336,9.211087526184578,-34.87224580714876,4.394136143443938,40.083333333333336,-4.0,360.0,360,
Goodreads,Manga,Naruto,21,"Naruto, Vol. 21: Pursuit",4.39,10106,44.083333333333336,9.211087526184578,-34.87224580714876,4.394186037550131,40.416666666666664,-3.6666666666666714,358.0,358,
Goodreads,Manga,Naruto,22,"Naruto, Vol. 22: Comrades",4.39,10407,44.083333333333336,9.211087526184578,-34.87224580714876,4.394108343867222,39.916666666666664,-4.166666666666671,361.0,361,
Goodreads,Manga,Naruto,24,"Naruto, Vol. 24: Unorthodox",4.39,8903,44.083333333333336,9.211087526184578,-34.87224580714876,4.394528294876587,41.25,-2.8333333333333357,353.0,353,
Goodreads,Manga,Naruto,36,NARUTO -ナルト- 巻ノ三十六,4.39,6763,44.083333333333336,9.211087526184578,-34.87224580714876,4.395299007171166,42.583333333333336,-1.5,345.0,345,
Goodreads,Manga,Naruto,51,NARUTO -ナルト- 51 巻ノ五十一,4.39,6620,44.083333333333336,9.211087526184578,-34.87224580714876,4.3953599667484555,42.75,-1.3333333333333357,344.0,344,
Goodreads,Manga,Naruto,65,NARUTO -ナルト- 65,4.39,4733,44.083333333333336,9.211087526184578,-34.87224580714876,4.396319255149302,43.583333333333336,-0.5,339.0,339,
Goodreads,Manga,One Piece,29,"One Piece, Volume 29: Oratorio",4.39,8673,44.083333333333336,9.211087526184578,-34.87224580714876,4.394600204830784,41.75,-2.3333333333333357,350.0,350,
Goodreads,Manga,One Piece,67,"One Piece, Volume 67: Cool Fight",4.39,5814,44.083333333333336,9.211087526184578,-34.87224580714876,4.395731607094212,43.416666666666664,-0.6666666666666714,340.0,340,
Goodreads,Manga,Black Clover,11,ブラッククローバー 11,4.38,1807,39.916666666666664,8.928615390630826,-30.98805127603584,4.396374409801992,43.75,3.8333333333333357,338.0,338,
Goodreads,Manga,Black Clover,18,ブラッククローバー 18,4.38,1414,39.916666666666664,8.928615390630826,-30.98805127603584,4.397265148683877,44.25,4.333333333333336,335.0,335,
Goodreads,Manga,Black Clover,22,ブラッククローバー 22,4.38,1227,39.916666666666664,8.928615390630826,-30.98805127603584,4.397723917110717,44.583333333333336,4.666666666666671,333.0,333,
Goodreads,Manga,Black Clover,8,ブラッククローバー 8 [Black Clover 8],4.38,2138,39.916666666666664,8.928615390630826,-30.98805127603584,4.3956925289886986,43.25,3.3333333333333357,341.0,341,
Goodreads,Manga,Bleach,40,Bleach―ブリーチ― 40 [Burīchi 40],4.38,4373,39.916666666666664,8.928615390630826,-30.98805127603584,4.392248447652248,37.25,-2.6666666666666643,377.0,377,
Goodreads,Manga,Fairy Tail,17,フェアリーテイル 17 [Fearī Teiru 17],4.38,4354,39.916666666666664,8.928615390630826,-30.98805127603584,4.392271343073115,37.416666666666664,-2.5,376.0,376,
Goodreads,Manga,Fairy Tail,22,フェアリーテイル 22 [Fearī Teiru 22],4.38,3767,39.916666666666664,8.928615390630826,-30.98805127603584,4.393023447315757,38.416666666666664,-1.5,370.0,370,
Goodreads,Manga,Fairy Tail,28,フェアリーテイル 28 [Fearī Teiru 28],4.38,2966,39.916666666666664,8.928615390630826,-30.98805127603584,4.394212051121366,40.583333333333336,0.6666666666666714,357.0,357,
Goodreads,Manga,Fairy Tail,32,フェアリーテイル 32 [Fearī Teiru 32],4.38,2874,39.916666666666664,8.928615390630826,-30.98805127603584,4.394362607711056,40.916666666666664,1.0,355.0,355,
Goodreads,Manga,Fairy Tail,33,フェアリーテイル 33 [Fearī Teiru 33],4.38,2784,39.916666666666664,8.928615390630826,-30.98805127603584,4.394513010258499,41.083333333333336,1.1666666666666714,354.0,354,
Goodreads,Manga,Fairy Tail,48,"Fairy Tail, Vol. 48",4.38,2140,39.916666666666664,8.928615390630826,-30.98805127603584,4.395688581430937,43.083333333333336,3.1666666666666714,342.0,342,
Goodreads,Manga,Hunter × Hunter,14,"Hunter × Hunter, tome 14",4.38,2740,39.916666666666664,8.928615390630826,-30.98805127603584,4.394587692727521,41.583333333333336,1.6666666666666714,351.0,351,
Goodreads,Manga,Jujutsu Kaisen,24,呪術廻戦 24 [Jujutsu Kaisen 24],4.38,8502,39.916666666666664,8.928615390630826,-30.98805127603584,4.388714904221252,33.916666666666664,-6.0,397.0,397,
Goodreads,Manga,My Hero Academia,20,僕のヒーローアカデミア 20 [Boku No Hero Academia 20],4.38,8912,39.916666666666664,8.928615390630826,-30.98805127603584,4.3884722069394915,33.75,-6.166666666666664,398.0,398,
Goodreads,Manga,My Hero Academia,38,僕のヒーローアカデミア 38 [Boku no Hero Academia 38],4.38,3245,39.916666666666664,8.928615390630826,-30.98805127603584,4.393774177755692,39.25,-0.6666666666666643,365.0,365,
Goodreads,Manga,Naruto,6,"Naruto, Vol. 06: Predator",4.38,15298,39.916666666666664,8.928615390630826,-30.98805127603584,4.385909091914001,31.416666666666668,-8.499999999999996,412.0,412,
Goodreads,Manga,Naruto,62,NARUTO -ナルト- 巻ノ六十二,4.38,5044,39.916666666666664,8.928615390630826,-30.98805127603584,4.391491277043316,36.583333333333336,-3.3333333333333286,381.0,381,
Goodreads,Manga,Naruto,66,NARUTO -ナルト- 66,4.38,4410,39.916666666666664,8.928615390630826,-30.98805127603584,4.392204106126576,37.083333333333336,-2.8333333333333286,378.0,378,
Goodreads,Manga,Naruto,8,"Naruto, Vol. 08: Life-and-Death Battles",4.38,14298,39.916666666666664,8.928615390630826,-30.98805127603584,4.386202952317014,31.75,-8.166666666666664,410.0,410,
Goodreads,Manga,One Piece,24,"One Piece, Volume 24: People's Dreams",4.38,9905,39.916666666666664,8.928615390630826,-30.98805127603584,4.387936881847009,33.083333333333336,-6.833333333333329,402.0,402,
Goodreads,Manga,One Piece,5,"One Piece, Volume 5: For Whom the Bell Tolls",4.38,23144,39.916666666666664,8.928615390630826,-30.98805127603584,4.384307864638197,30.083333333333332,-9.833333333333332,420.0,420,
Goodreads,Manga,Black Clover,15,ブラッククローバー 15,4.37,1520,36.5,8.699369542692176,-27.800630457307825,4.394941963940614,42.25,5.75,347.0,347,
Goodreads,Manga,Black Clover,19,ブラッククローバー 19,4.37,1346,36.5,8.699369542692176,-27.800630457307825,4.3955483919047955,42.916666666666664,6.416666666666664,343.0,343,
Goodreads,Manga,Bleach,11,"Bleach, Volume 11",4.37,11389,36.5,8.699369542692176,-27.800630457307825,4.380630371037918,26.75,-9.75,440.0,440,
Goodreads,Manga,Bleach,17,"Bleach, Volume 17",4.37,8627,36.5,8.699369542692176,-27.800630457307825,4.382664039249639,27.75,-8.75,434.0,434,
Goodreads,Manga,Bleach,36,Bleach―ブリーチ― 36 [Burīchi 36],4.37,5807,36.5,8.699369542692176,-27.800630457307825,4.385738073308945,31.083333333333332,-5.416666666666668,414.0,414,
Goodreads,Manga,Bleach,6,"Bleach, Volume 06",4.37,12965,36.5,8.699369542692176,-27.800630457307825,4.379738066451848,26.083333333333332,-10.416666666666668,444.0,444,
Goodreads,Manga,Bleach,7,"Bleach, Volume 07",4.37,12906,36.5,8.699369542692176,-27.800630457307825,4.3797687637467835,26.25,-10.25,443.0,443,
Goodreads,Manga,Fairy Tail,21,フェアリーテイル 21 [Fearī Teiru 21],4.37,3941,36.5,8.699369542692176,-27.800630457307825,4.388749635098874,34.083333333333336,-2.4166666666666643,396.0,396,
Goodreads,Manga,Fairy Tail,23,フェアリーテイル 23 [Fearī Teiru 23],4.37,3422,36.5,8.699369542692176,-27.800630457307825,4.389803635707194,35.416666666666664,-1.0833333333333357,388.0,388,
Goodreads,Manga,Fairy Tail,31,"Fairy Tail, Vol. 31",4.37,3049,36.5,8.699369542692176,-27.800630457307825,4.390637402411724,36.25,-0.25,383.0,383,
Goodreads,Manga,Fairy Tail,40,"Fairy Tail, Vol. 40",4.37,2560,36.5,8.699369542692176,-27.800630457307825,4.391843028094698,36.75,0.25,380.0,380,
Goodreads,Manga,Fairy Tail,44,フェアリーテイル 44 [Fearī Teiru 44],4.37,2119,36.5,8.699369542692176,-27.800630457307825,4.3930578304643,38.583333333333336,2.0833333333333357,369.0,369,
Goodreads,Manga,Hunter × Hunter,20,"Hunter × Hunter, tome 20",4.37,2348,36.5,8.699369542692176,-27.800630457307825,4.392410622867766,37.75,1.25,374.0,374,
Goodreads,Manga,My Hero Academia,12,僕のヒーローアカデミア 12 [Boku No Hero Academia 12],4.37,10224,36.5,8.699369542692176,-27.800630457307825,4.381402729531116,27.25,-9.25,437.0,437,
Goodreads,Manga,My Hero Academia,23,僕のヒーローアカデミア 23 [Boku no Hero Academia 23],4.37,8359,36.5,8.699369542692176,-27.800630457307825,4.382903565169319,28.083333333333332,-8.416666666666668,432.0,432,
Goodreads,Manga,Naruto,40,"Naruto, Vol. 40: The Ultimate Art",4.37,7147,36.5,8.699369542692176,-27.800630457307825,4.384110520290694,29.583333333333332,-6.916666666666668,423.0,423,
Goodreads,Manga,Naruto,61,"Naruto, Vol. 61: Uchiha Brothers United Front",4.37,4997,36.5,8.699369542692176,-27.800630457307825,4.386917609684633,32.416666666666664,-4.083333333333336,406.0,406,
Goodreads,Manga,Naruto,64,"Naruto, Vol. 64: Ten Tails",4.37,4794,36.5,8.699369542692176,-27.800630457307825,4.387241460386314,32.583333333333336,-3.9166666666666643,405.0,405,
Goodreads,Manga,One Piece,15,"One Piece, Volume 15: Straight Ahead!",4.37,13271,36.5,8.699369542692176,-27.800630457307825,4.379581902191477,25.916666666666668,-10.583333333333332,445.0,445,
Goodreads,Manga,One Piece,46,"One Piece, Volume 46: Adventure on Ghost Island",4.37,7149,36.5,8.699369542692176,-27.800630457307825,4.384108342657253,29.416666666666668,-7.083333333333332,424.0,424,
Goodreads,Manga,Black Clover,24,ブラッククローバー 24,4.36,1217,33.5,8.331280262059387,-25.168719737940613,4.394285601802443,40.75,7.25,356.0,356,
Goodreads,Manga,Bleach,16,"Bleach, Volume 16",4.36,8189,33.5,8.331280262059387,-25.168719737940613,4.377210762289129,24.416666666666668,-9.083333333333332,454.0,454,
Goodreads,Manga,Bleach,18,"Bleach, Volume 18",4.36,10266,33.5,8.331280262059387,-25.168719737940613,4.374987221513805,23.25,-10.25,461.0,461,
Goodreads,Manga,Bleach,8,"Bleach, Volume 08",4.36,11171,33.5,8.331280262059387,-25.168719737940613,4.374188503175024,23.083333333333332,-10.416666666666668,462.0,462,
Goodreads,Manga,Fairy Tail,16,フェアリーテイル 16 [Fearī Teiru 16],4.36,4495,33.5,8.331280262059387,-25.168719737940613,4.383379949218055,28.416666666666668,-5.083333333333332,430.0,430,
Goodreads,Manga,Fairy Tail,2,"Fairy Tail, Vol. 02",4.36,12976,33.5,8.331280262059387,-25.168719737940613,4.372825277016298,22.583333333333332,-10.916666666666668,465.0,465,
Goodreads,Manga,Fairy Tail,43,"Fairy Tail, Vol. 43",4.36,2470,33.5,8.331280262059387,-25.168719737940613,4.389097526316848,34.416666666666664,0.9166666666666643,394.0,394,
Goodreads,Manga,Fairy Tail,63,フェアリーテイル 63 [Fearī Teiru 63],4.36,1566,33.5,8.331280262059387,-25.168719737940613,4.392663467317383,37.916666666666664,4.416666666666664,373.0,373,
Goodreads,Manga,Hunter × Hunter,22,"Hunter × Hunter, tome 22",4.36,2212,33.5,8.331280262059387,-25.168719737940613,4.390033289706035,35.75,2.25,386.0,386,
Goodreads,Manga,Magi,5,マギ 5,4.36,1634,33.5,8.331280262059387,-25.168719737940613,4.39236511070813,37.583333333333336,4.083333333333336,375.0,375,
Goodreads,Manga,Naruto,44,"Naruto, Vol. 44: Senjutsu Heir",4.36,6532,33.5,8.331280262059387,-25.168719737940613,4.379521334143543,25.75,-7.75,446.0,446,
Goodreads,Manga,One Piece,2,"One Piece, Volume 2: Buggy the Clown",4.36,34740,33.5,8.331280262059387,-25.168719737940613,4.365941777947663,19.916666666666668,-13.583333333333332,481.0,481,
Goodreads,Manga,One Piece,47,"One Piece, Volume 47: Cloudy, Partly Bony",4.36,6628,33.5,8.331280262059387,-25.168719737940613,4.3793706690249365,25.583333333333332,-7.916666666666668,447.0,447,
Goodreads,Manga,One Piece,63,"One Piece, Volume 63: Otohime and Tiger",4.36,6001,33.5,8.331280262059387,-25.168719737940613,4.380398938887243,26.416666666666668,-7.083333333333332,442.0,442,
Goodreads,Manga,One Piece,65,"One Piece, Volume 65: To Nothing",4.36,5984,33.5,8.331280262059387,-25.168719737940613,4.380428340893355,26.583333333333332,-6.916666666666668,441.0,441,
Goodreads,Fantasy — cycle principal,Stormlight Archive,5,Wind and Truth,4.36,162662,33.5,8.331280262059387,-25.168719737940613,4.361430156652669,17.916666666666668,-15.583333333333332,493.0,493,https://www.goodreads.com/series/49075-the-stormlight-archive
Goodreads,Fantasy — cycle principal,A Song of Ice and Fire,5,A Dance with Dragons,4.35,756350,31.083333333333332,7.343310686493934,-23.7400226468394,4.35039236757437,13.583333333333334,-17.5,519.0,519,https://www.goodreads.com/series/43790-a-song-of-ice-and-fire
Goodreads,Manga,Black Clover,20,ブラッククローバー 20,4.35,1328,31.083333333333332,7.343310686493934,-23.7400226468394,4.391892143540893,36.916666666666664,5.833333333333332,379.0,379,
Goodreads,Manga,Black Clover,34,ブラッククローバー 34 [Black Clover 34],4.35,871,31.083333333333332,7.343310686493934,-23.7400226468394,4.394757474618973,42.083333333333336,11.000000000000004,348.0,348,
Goodreads,Manga,Black Clover,4,ブラッククローバー 4 [Black Clover 4],4.35,2910,31.083333333333332,7.343310686493934,-23.7400226468394,4.3842924220706,29.916666666666668,-1.1666666666666643,421.0,421,
Goodreads,Manga,Bleach,22,"Bleach, Volume 22",4.35,7177,31.083333333333332,7.343310686493934,-23.7400226468394,4.373025760667308,22.75,-8.333333333333332,464.0,464,
Goodreads,Manga,Fairy Tail,26,フェアリーテイル 26 [Fearī Teiru 26],4.35,3020,31.083333333333332,7.343310686493934,-23.7400226468394,4.383865247343488,28.916666666666668,-2.1666666666666643,427.0,427,
Goodreads,Manga,Fairy Tail,53,フェアリーテイル 53 [Fearī Teiru 53],4.35,1826,31.083333333333332,7.343310686493934,-23.7400226468394,4.389160226107074,34.583333333333336,3.5000000000000036,393.0,393,
Goodreads,Manga,Fairy Tail,57,"Fairy Tail, Vol. 57",4.35,1704,31.083333333333332,7.343310686493934,-23.7400226468394,4.389796003282543,35.25,4.166666666666668,389.0,389,
Goodreads,Manga,Magi,6,マギ 6,4.35,1748,31.083333333333332,7.343310686493934,-23.7400226468394,4.389564340367357,34.916666666666664,3.833333333333332,391.0,391,
Goodreads,Manga,Naruto,18,"Naruto, Vol. 18: Tsunade's Choice",4.35,9967,31.083333333333332,7.343310686493934,-23.7400226468394,4.368954021021497,21.75,-9.333333333333332,470.0,470,
Goodreads,Manga,Naruto,59,NARUTO -ナルト- 巻ノ五十九,4.35,4809,31.083333333333332,7.343310686493934,-23.7400226468394,4.378160183310576,25.083333333333332,-6.0,450.0,450,
Goodreads,Manga,One Piece,13,"One Piece, Volume 13: It's All Right!",4.35,14457,31.083333333333332,7.343310686493934,-23.7400226468394,4.364755005139592,19.25,-11.833333333333332,485.0,485,
Goodreads,Manga,One Piece,48,"One Piece, Volume 48: Adventures of Oars",4.35,6647,31.083333333333332,7.343310686493934,-23.7400226468394,4.3740053836377015,22.916666666666668,-8.166666666666664,463.0,463,
Goodreads,Manga,Bleach,24,"Bleach, Volume 24",4.34,6640,29.0,6.522256258050875,-22.477743741949126,4.368685760946683,21.416666666666668,-7.583333333333332,472.0,472,
Goodreads,Manga,Bleach,25,"Bleach, Volume 25",4.34,6334,29.0,6.522256258050875,-22.477743741949126,4.369408544334198,21.916666666666668,-7.083333333333332,469.0,469,
Goodreads,Manga,Bleach,3,"Bleach, Volume 03",4.34,18189,29.0,6.522256258050875,-22.477743741949126,4.354881646145405,15.083333333333334,-13.916666666666666,510.0,510,
Goodreads,Manga,Bleach,32,Bleach―ブリーチ― 32 [Burīchi 32],4.34,5102,29.0,6.522256258050875,-22.477743741949126,4.372728711722032,22.416666666666668,-6.583333333333332,466.0,466,
Goodreads,Manga,Fairy Tail,41,"Fairy Tail, Vol. 41",4.34,2503,29.0,6.522256258050875,-22.477743741949126,4.382960493975663,28.25,-0.75,431.0,431,
Goodreads,Manga,Jujutsu Kaisen,18,呪術廻戦 18 [Jujutsu Kaisen 18],4.34,14971,29.0,6.522256258050875,-22.477743741949126,4.3571860581125845,16.25,-12.75,503.0,503,
Goodreads,Manga,Jujutsu Kaisen,20,呪術廻戦 20 [Jujutsu Kaisen 20],4.34,12352,29.0,6.522256258050875,-22.477743741949126,4.359664256939665,17.25,-11.75,497.0,497,
Goodreads,Manga,Magi,19,マギ 19,4.34,717,29.0,6.522256258050875,-22.477743741949126,4.394714985318524,41.916666666666664,12.916666666666664,349.0,349,
Goodreads,Manga,Magi,4,マギ 4,4.34,1915,29.0,6.522256258050875,-22.477743741949126,4.386230284986948,31.916666666666668,2.916666666666668,409.0,409,
Goodreads,Manga,Naruto,23,"Naruto, Vol. 23: Predicament",4.34,8769,29.0,6.522256258050875,-22.477743741949126,4.364496866604936,18.916666666666668,-10.083333333333332,487.0,487,
Goodreads,Manga,Naruto,34,"Naruto, Vol. 34: The Reunion",4.34,7476,29.0,6.522256258050875,-22.477743741949126,4.366880823893927,20.416666666666668,-8.583333333333332,478.0,478,
Goodreads,Manga,One Piece,26,"One Piece, Volume 26: Adventure on Kami's Island",4.34,9359,29.0,6.522256258050875,-22.477743741949126,4.363544089565686,18.75,-10.25,488.0,488,
Goodreads,Manga,Fairy Tail,51,フェアリーテイル 51 [Fearī Teiru 51],4.33,1894,27.333333333333332,6.365807701470102,-20.967525631863232,4.38389799035196,29.083333333333332,1.75,426.0,426,
Goodreads,Manga,Fairy Tail,55,フェアリーテイル 55 [Fearī Teiru 55],4.33,1678,27.333333333333332,6.365807701470102,-20.967525631863232,4.385452636264494,30.916666666666668,3.5833333333333357,415.0,415,
Goodreads,Manga,Fairy Tail,59,フェアリーテイル 59 [Fearī Teiru 59],4.33,1542,27.333333333333332,6.365807701470102,-20.967525631863232,4.386478349767653,32.083333333333336,4.7500000000000036,408.0,408,
Goodreads,Manga,Magi,9,マギ 9,4.33,1254,27.333333333333332,6.365807701470102,-20.967525631863232,4.388780814872485,34.25,6.916666666666668,395.0,395,
Goodreads,Manga,Naruto,67,NARUTO -ナルト- 67,4.33,4305,27.333333333333332,6.365807701470102,-20.967525631863232,4.371051561135552,22.083333333333332,-5.25,468.0,468,
Goodreads,Manga,One Piece,14,"One Piece, Volume 14: Instinct",4.33,13467,27.333333333333332,6.365807701470102,-20.967525631863232,4.3515410227813085,14.083333333333334,-13.249999999999998,516.0,516,
Goodreads,Manga,One Piece,3,"One Piece, Volume 3: Don't Get Fooled Again",4.33,28794,27.333333333333332,6.365807701470102,-20.967525631863232,4.342000088620458,12.25,-15.083333333333332,527.0,527,
Goodreads,Manga,One Piece,4,"One Piece, Volume 4: The Black Cat Pirates",4.33,25591,27.333333333333332,6.365807701470102,-20.967525631863232,4.343224115620804,12.583333333333334,-14.749999999999998,525.0,525,
Goodreads,Manga,Bleach,23,"Bleach, Volume 23",4.32,7048,25.083333333333332,6.098986576262743,-18.98434675707059,4.356813163795674,16.083333333333332,-9.0,504.0,504,
Goodreads,Manga,Fairy Tail,1,"Fairy Tail, Vol. 01",4.32,133453,25.083333333333332,6.098986576262743,-18.98434675707059,4.323399038992031,9.583333333333334,-15.499999999999998,543.0,543,
Goodreads,Manga,Fairy Tail,54,フェアリーテイル 54 [Fearī Teiru 54],4.32,1723,25.083333333333332,6.098986576262743,-18.98434675707059,4.38283428242738,27.916666666666668,2.8333333333333357,433.0,433,
Goodreads,Manga,Fairy Tail,56,"Fairy Tail, Vol. 56",4.32,1802,25.083333333333332,6.098986576262743,-18.98434675707059,4.382182209085934,27.583333333333332,2.5,435.0,435,
Goodreads,Manga,Fairy Tail,58,フェアリーテイル 58 [Fearī Teiru 58],4.32,1570,25.083333333333332,6.098986576262743,-18.98434675707059,4.384136856129892,29.75,4.666666666666668,422.0,422,
Goodreads,Manga,Jujutsu Kaisen,23,呪術廻戦 23 [Jujutsu Kaisen 23],4.32,9347,25.083333333333332,6.098986576262743,-18.98434675707059,4.351229560723515,13.916666666666666,-11.166666666666666,517.0,517,
Goodreads,Manga,Magi,10,マギ 10,4.32,1105,25.083333333333332,6.098986576262743,-18.98434675707059,4.388449434844432,33.583333333333336,8.500000000000004,399.0,399,
Goodreads,Manga,Magi,20,マギ 20,4.32,700,25.083333333333332,6.098986576262743,-18.98434675707059,4.39270748278422,38.083333333333336,13.000000000000004,372.0,372,
Goodreads,Manga,Magi,22,マギ 22,4.32,683,25.083333333333332,6.098986576262743,-18.98434675707059,4.392897831164499,38.25,13.166666666666668,371.0,371,
Goodreads,Manga,Magi,7,マギ 7,4.32,1284,25.083333333333332,6.098986576262743,-18.98434675707059,4.386722399981206,32.25,7.166666666666668,407.0,407,
Goodreads,Manga,My Hero Academia,34,僕のヒーローアカデミア 34 [Boku no Hero Academia 34],4.32,4591,25.083333333333332,6.098986576262743,-18.98434675707059,4.36550901953244,19.416666666666668,-5.666666666666664,484.0,484,
Goodreads,Manga,Naruto,33,"Naruto, Vol. 33: The Secret Mission",4.32,7700,25.083333333333332,6.098986576262743,-18.98434675707059,4.355036606096493,15.25,-9.833333333333332,509.0,509,
Goodreads,Manga,Naruto,35,"Naruto, Vol. 35: The New Two",4.32,7249,25.083333333333332,6.098986576262743,-18.98434675707059,4.356246568908968,15.75,-9.333333333333332,506.0,506,
Goodreads,Manga,Naruto,38,NARUTO -ナルト- 巻ノ三十八,4.32,6303,25.083333333333332,6.098986576262743,-18.98434675707059,4.359077233389745,16.75,-8.333333333333332,500.0,500,
Goodreads,Manga,Naruto,55,NARUTO -ナルト- 55 巻ノ五十五,4.32,5469,25.083333333333332,6.098986576262743,-18.98434675707059,4.361966582443076,18.083333333333332,-7.0,492.0,492,
Goodreads,Manga,Naruto,69,NARUTO -ナルト- 69,4.32,4153,25.083333333333332,6.098986576262743,-18.98434675707059,4.367509616767871,21.083333333333332,-4.0,474.0,474,
Goodreads,Manga,Naruto,71,NARUTO -ナルト- 71,4.32,4235,25.083333333333332,6.098986576262743,-18.98434675707059,4.367121802465449,20.583333333333332,-4.5,477.0,477,
Goodreads,Manga,One Piece,27,"One Piece, Volume 27: Overture",4.32,9196,25.083333333333332,6.098986576262743,-18.98434675707059,4.351543802130188,14.25,-10.833333333333332,515.0,515,
Goodreads,Manga,One Piece,28,"One Piece, Volume 28: Wyper the Berserker",4.32,8661,25.083333333333332,6.098986576262743,-18.98434675707059,4.352709951744234,14.583333333333334,-10.499999999999998,513.0,513,
Goodreads,Manga,Black Clover,23,ブラッククローバー 23,4.31,1176,22.5,5.8599520585984255,-16.640047941401576,4.386070574202629,31.583333333333332,9.083333333333332,411.0,411,
Goodreads,Manga,Black Clover,9,ブラッククローバー 9 [Black Clover 9],4.31,2033,22.5,5.8599520585984255,-16.640047941401576,4.377758917150081,24.75,2.25,452.0,452,
Goodreads,Manga,Bleach,34,Bleach―ブリーチ― 34 [Burīchi 34],4.31,4844,22.5,5.8599520585984255,-16.640047941401576,4.359881934081061,17.416666666666668,-5.083333333333332,496.0,496,
Goodreads,Manga,Bleach,47,Bleach―ブリーチ― 47 [Burīchi 47],4.31,4136,22.5,5.8599520585984255,-16.640047941401576,4.363432570921095,18.583333333333332,-3.916666666666668,489.0,489,
Goodreads,Manga,Bleach,5,"Bleach, Volume 05",4.31,12359,22.5,5.8599520585984255,-16.640047941401576,4.3392505058844035,11.416666666666666,-11.083333333333334,532.0,532,
Goodreads,Manga,Bleach,57,Bleach―ブリーチ― 57 [Burīchi 57],4.31,3484,22.5,5.8599520585984255,-16.640047941401576,4.367180813025625,20.75,-1.75,476.0,476,
Goodreads,Manga,Fairy Tail,42,フェアリーテイル 42 [Fearī Teiru 42],4.31,2206,22.5,5.8599520585984255,-16.640047941401576,4.376296646499927,23.75,1.25,458.0,458,
Goodreads,Manga,Magi,16,マギ 16,4.31,801,22.5,5.8599520585984255,-16.640047941401576,4.390385247926592,36.083333333333336,13.583333333333336,384.0,384,
Goodreads,Manga,Magi,18,マギ 18,4.31,717,22.5,5.8599520585984255,-16.640047941401576,4.391419696157284,36.416666666666664,13.916666666666664,382.0,382,
Goodreads,Manga,Naruto,56,NARUTO -ナルト 56- 巻ノ五十六,4.31,5655,22.5,5.8599520585984255,-16.640047941401576,4.356353588301136,15.916666666666666,-6.583333333333334,505.0,505,
Goodreads,Manga,Naruto,70,NARUTO -ナルト- 70,4.31,4294,22.5,5.8599520585984255,-16.640047941401576,4.362597067313243,18.416666666666668,-4.083333333333332,490.0,490,
Goodreads,Manga,One Piece,62,"One Piece, Volume 62: Adventure on Fish-Man Island",4.31,6120,22.5,5.8599520585984255,-16.640047941401576,4.354546923152145,14.75,-7.75,512.0,512,
Goodreads,Manga,Black Clover,10,ブラッククローバー 10 [Black Clover 10],4.3,1969,19.833333333333332,5.737366054070023,-14.09596727926331,4.375785341817169,23.583333333333332,3.75,459.0,459,
Goodreads,Manga,Black Clover,12,ブラッククローバー 12,4.3,1714,19.833333333333332,5.737366054070023,-14.09596727926331,4.378353653620396,25.25,5.416666666666668,449.0,449,
Goodreads,Manga,Bleach,2,"Bleach, Volume 02",4.3,20530,19.833333333333332,5.737366054070023,-14.09596727926331,4.322382721158166,9.25,-10.583333333333332,545.0,545,
Goodreads,Manga,Bleach,21,"Bleach, Volume 21",4.3,8122,19.833333333333332,5.737366054070023,-14.09596727926331,4.342316315569113,12.416666666666666,-7.416666666666666,526.0,526,
Goodreads,Manga,Bleach,43,Bleach―ブリーチ― 43 [Burīchi 43],4.3,4773,19.833333333333332,5.737366054070023,-14.09596727926331,4.355706719579219,15.583333333333334,-4.249999999999998,507.0,507,
Goodreads,Manga,Bleach,45,Bleach―ブリーチ― 45 [Burīchi 45],4.3,3932,19.833333333333332,5.737366054070023,-14.09596727926331,4.360515480283979,17.583333333333332,-2.25,495.0,495,
Goodreads,Manga,Bleach,46,Bleach―ブリーチ― 46 [Burīchi 46],4.3,4074,19.833333333333332,5.737366054070023,-14.09596727926331,4.359646119345102,17.083333333333332,-2.75,498.0,498,
Goodreads,Manga,Bleach,60,"Bleach, Volume 60",4.3,3071,19.833333333333332,5.737366054070023,-14.09596727926331,4.366382037568729,20.083333333333332,0.25,480.0,480,
Goodreads,Manga,Fairy Tail,52,フェアリーテイル 52 [Fearī Teiru 52],4.3,1813,19.833333333333332,5.737366054070023,-14.09596727926331,4.377336140442929,24.583333333333332,4.75,453.0,453,
Goodreads,Manga,Fairy Tail,62,フェアリーテイル 62 [Fearī Teiru 62],4.3,1455,19.833333333333332,5.737366054070023,-14.09596727926331,4.381146798797973,26.916666666666668,7.083333333333336,439.0,439,
Goodreads,Manga,Hunter × Hunter,33,"Hunter × Hunter, tome 33",4.3,3044,19.833333333333332,5.737366054070023,-14.09596727926331,4.366584456114594,20.25,0.41666666666666785,479.0,479,
Goodreads,Manga,Magi,15,マギ 15,4.3,860,19.833333333333332,5.737366054070023,-14.09596727926331,4.388384988631537,33.416666666666664,13.583333333333332,400.0,400,
Goodreads,Manga,Magi,17,マギ 17,4.3,730,19.833333333333332,5.737366054070023,-14.09596727926331,4.390141742476366,35.916666666666664,16.083333333333332,385.0,385,
Goodreads,Manga,Magi,2,"Magi: The Labyrinth of Magic, Volume 2",4.3,2377,19.833333333333332,5.737366054070023,-14.09596727926331,4.372008802035624,22.25,2.416666666666668,467.0,467,
Goodreads,Manga,Magi,3,マギ 3,4.3,2001,19.833333333333332,5.737366054070023,-14.09596727926331,4.3754748853186545,23.416666666666668,3.5833333333333357,460.0,460,
Goodreads,Manga,Naruto,39,Naruto 39: 動き出す者たち [Ugokidasu Mono-Tachi] 〈ナルト 巻ノ39〉,4.3,6486,19.833333333333332,5.737366054070023,-14.09596727926331,4.347946331611976,12.916666666666666,-6.916666666666666,523.0,523,
Goodreads,Manga,Naruto,49,"Naruto, Vol. 49: The Gokage Summit Commences",4.3,6254,19.833333333333332,5.737366054070023,-14.09596727926331,4.348868338237529,13.25,-6.583333333333332,521.0,521,
Goodreads,Manga,Naruto,52,NARUTO -ナルト- 52 巻ノ五十二,4.3,5475,19.833333333333332,5.737366054070023,-14.09596727926331,4.3522415547974544,14.416666666666666,-5.416666666666666,514.0,514,
Goodreads,Manga,Naruto,57,NARUTO -ナルト- 巻ノ五十七,4.3,4839,19.833333333333332,5.737366054070023,-14.09596727926331,4.3553614786296695,15.416666666666666,-4.416666666666666,508.0,508,
Goodreads,Manga,Naruto,68,NARUTO -ナルト- 68,4.3,4095,19.833333333333332,5.737366054070023,-14.09596727926331,4.359519667524776,16.916666666666668,-2.9166666666666643,499.0,499,
Goodreads,Manga,Black Clover,13,ブラッククローバー 13,4.29,1681,17.416666666666668,5.6174075583917,-11.799259108274967,4.376454924469955,23.916666666666668,6.5,457.0,457,
Goodreads,Manga,Bleach,10,"Bleach, Volume 10",4.29,9885,17.416666666666668,5.6174075583917,-11.799259108274967,4.331265143937221,10.583333333333334,-6.833333333333334,537.0,537,
Goodreads,Manga,Bleach,26,"Bleach, Volume 26",4.29,6849,17.416666666666668,5.6174075583917,-11.799259108274967,4.341161346551338,11.916666666666666,-5.500000000000002,529.0,529,
Goodreads,Manga,Bleach,30,"Bleach, Tome 30: There is No Heart Without You",4.29,5033,17.416666666666668,5.6174075583917,-11.799259108274967,4.349729521525953,13.416666666666666,-4.000000000000002,520.0,520,
Goodreads,Manga,Bleach,58,Bleach―ブリーチ― 58 [Burīchi 58],4.29,3261,17.416666666666668,5.6174075583917,-11.799259108274967,4.361396909735619,17.75,0.33333333333333215,494.0,494,
Goodreads,Manga,Bleach,59,Bleach―ブリーチ― 59 [Burīchi 59],4.29,3165,17.416666666666668,5.6174075583917,-11.799259108274967,4.362160555586504,18.25,0.8333333333333321,491.0,491,
Goodreads,Manga,Fairy Tail,61,フェアリーテイル 61 [Fearī Teiru 61],4.29,1483,17.416666666666668,5.6174075583917,-11.799259108274967,4.378801956079615,25.416666666666668,8.0,448.0,448,
Goodreads,Manga,Naruto,32,"Naruto, Vol. 32: The Search for Sasuke",4.29,7599,17.416666666666668,5.6174075583917,-11.799259108274967,4.338299867009707,11.083333333333334,-6.333333333333334,534.0,534,
Goodreads,Manga,Naruto,50,NARUTO -ナルト- 50 巻ノ五十,4.29,5966,17.416666666666668,5.6174075583917,-11.799259108274967,4.34499741575737,12.75,-4.666666666666668,524.0,524,
Goodreads,Manga,Black Clover,3,ブラッククローバー 3 [Black Clover 3],4.28,3313,15.833333333333334,5.411771275852407,-10.421562057480926,4.357358696406715,16.416666666666668,0.5833333333333339,502.0,502,
Goodreads,Manga,Black Clover,7,ブラッククローバー 7 [Black Clover 7],4.28,2224,15.833333333333334,5.411771275852407,-10.421562057480926,4.3678439313792605,21.25,5.416666666666666,473.0,473,
Goodreads,Manga,Bleach,27,Bleach―ブリーチ― 27 [Burīchi 27],4.28,5689,15.833333333333334,5.411771275852407,-10.421562057480926,4.34137502210241,12.083333333333334,-3.75,528.0,528,
Goodreads,Manga,Bleach,41,Bleach―ブリーチ― 41 [Burīchi 41],4.28,4142,15.833333333333334,5.411771275852407,-10.421562057480926,4.350915053169221,13.75,-2.083333333333334,518.0,518,
Goodreads,Manga,Bleach,42,Bleach―ブリーチ― 42 [Burīchi 42],4.28,4445,15.833333333333334,5.411771275852407,-10.421562057480926,4.348819859262511,13.083333333333334,-2.75,522.0,522,
Goodreads,Manga,Fairy Tail,60,フェアリーテイル 60 [Fearī Teiru 60],4.28,1490,15.833333333333334,5.411771275852407,-10.421562057480926,4.376675853252061,24.083333333333332,8.249999999999998,456.0,456,
Goodreads,Manga,Magi,12,マギ 12,4.28,897,15.833333333333334,5.411771275852407,-10.421562057480926,4.385222820226115,30.75,14.916666666666666,416.0,416,
Goodreads,Manga,Magi,13,マギ 13,4.28,996,15.833333333333334,5.411771275852407,-10.421562057480926,4.383692362692525,28.583333333333332,12.749999999999998,429.0,429,
Goodreads,Manga,Magi,24,マギ 24,4.28,614,15.833333333333334,5.411771275852407,-10.421562057480926,4.38985789815031,35.583333333333336,19.75,387.0,387,
Goodreads,Manga,My Hero Academia,1,"My Hero Academia, Vol. 1",4.28,158465,15.833333333333334,5.411771275852407,-10.421562057480926,4.284296331873388,4.916666666666667,-10.916666666666668,571.0,571,
Goodreads,Manga,Bleach,1,"Bleach, Vol. 1",4.27,202888,14.25,4.814335681045225,-9.435664318954775,4.273660242247389,4.583333333333333,-9.666666666666668,573.0,573,
Goodreads,Manga,Bleach,4,"Bleach, Volume 04",4.27,15673,14.25,4.814335681045225,-9.435664318954775,4.305556918875726,6.916666666666667,-7.333333333333333,559.0,559,
Goodreads,Manga,Bleach,9,"Bleach, Volume 09",4.27,9770,14.25,4.814335681045225,-9.435664318954775,4.319028405164575,8.416666666666666,-5.833333333333334,550.0,550,
Goodreads,Manga,Hunter × Hunter,35,"Hunter × Hunter, tome 35",4.27,2266,14.25,4.814335681045225,-9.435664318954775,4.36458144823459,19.083333333333332,4.833333333333332,486.0,486,
Goodreads,Manga,Hunter × Hunter,36,"Hunter × Hunter, tome 36",4.27,2034,14.25,4.814335681045225,-9.435664318954775,4.367378681454098,20.916666666666668,6.666666666666668,475.0,475,
Goodreads,Manga,Hunter × Hunter,39,"Hunter × Hunter, tome 39",4.27,153,14.25,4.814335681045225,-9.435664318954775,4.3980937480785895,45.25,31.0,329.0,329,
Goodreads,Manga,Jujutsu Kaisen,28,呪術廻戦 28 [Jujutsu Kaisen 28],4.27,5496,14.25,4.814335681045225,-9.435664318954775,4.337561762408054,10.916666666666666,-3.333333333333334,535.0,535,
Goodreads,Manga,Naruto,54,NARUTO -ナルト- 54 巻ノ五十四,4.27,5216,14.25,4.814335681045225,-9.435664318954775,4.339277383273628,11.583333333333334,-2.666666666666666,531.0,531,
Goodreads,Fantasy — cycle principal,The Witcher,0.2,Sword of Destiny,4.27,234305,14.25,4.814335681045225,-9.435664318954775,4.273181331761867,4.416666666666667,-9.833333333333332,574.0,574,https://www.goodreads.com/series/306126-the-witcher
Goodreads,Manga,Bleach,35,Bleach―ブリーチ― 35 [Burīchi 35],4.26,4441,13.0,4.229401344328744,-8.770598655671256,4.340182613926418,11.75,-1.25,530.0,530,
Goodreads,Manga,Magi,11,マギ 11,4.26,930,13.0,4.229401344328744,-8.770598655671256,4.381948233316026,27.416666666666668,14.416666666666668,436.0,436,
Goodreads,Manga,Magi,23,マギ 23,4.26,632,13.0,4.229401344328744,-8.770598655671256,4.3875889897814,32.75,19.75,404.0,404,
Goodreads,Manga,Magi,27,マギ 27,4.26,525,13.0,4.229401344328744,-8.770598655671256,4.389743835003815,35.083333333333336,22.083333333333336,390.0,390,
Goodreads,Manga,My Hero Academia,19,僕のヒーローアカデミア 19 [Boku No Hero Academia 19],4.26,8584,13.0,4.229401344328744,-8.770598655671256,4.317104593189528,8.083333333333334,-4.916666666666666,552.0,552,
Goodreads,Fantasy — cycle principal,The Witcher,3,Baptism of Fire,4.26,153351,13.0,4.229401344328744,-8.770598655671256,4.265164515706793,4.083333333333333,-8.916666666666668,576.0,576,https://www.goodreads.com/series/306126-the-witcher
Goodreads,Manga,Black Clover,5,ブラッククローバー 5 [Black Clover 5],4.25,2590,12.25,4.073620752450471,-8.17637924754953,4.354767224173164,14.916666666666666,2.666666666666666,511.0,511,
Goodreads,Manga,Magi,26,マギ 26,4.25,554,12.25,4.073620752450471,-8.17637924754953,4.388282200748947,33.25,21.0,401.0,401,
Goodreads,Manga,Magi,28,マギ 28,4.25,507,12.25,4.073620752450471,-8.17637924754953,4.3893109721672605,34.75,22.5,392.0,392,
Goodreads,Manga,Black Clover,2,ブラッククローバー 2 [Black Clover 2],4.24,4120,11.583333333333334,4.060882357839371,-7.522450975493963,4.334476820569626,10.75,-0.8333333333333339,536.0,536,
Goodreads,Manga,Black Clover,37,ブラッククローバー 37 [Black Clover 37],4.24,295,11.583333333333334,4.060882357839371,-7.522450975493963,4.393665067016078,38.916666666666664,27.33333333333333,367.0,367,
Goodreads,Manga,Bleach,33,Bleach―ブリーチ― 33 [Burīchi 33],4.24,4470,11.583333333333334,4.060882357839371,-7.522450975493963,4.331260353744144,10.416666666666666,-1.1666666666666679,538.0,538,
Goodreads,Manga,Magi,14,マギ 14,4.24,825,11.583333333333334,4.060882357839371,-7.522450975493963,4.381391314394796,27.083333333333332,15.499999999999998,438.0,438,
Goodreads,Manga,Magi,21,マギ 21,4.24,713,11.583333333333334,4.060882357839371,-7.522450975493963,4.383818819141054,28.75,17.166666666666664,428.0,428,
Goodreads,Manga,Bleach,28,"Bleach, Volume 28",4.23,5627,11.0,4.045792510251176,-6.954207489748824,4.31710881457195,8.25,-2.75,551.0,551,
Goodreads,Manga,Hunter × Hunter,38,"Hunter × Hunter, tome 38",4.23,622,11.0,4.045792510251176,-6.954207489748824,4.384886446430885,30.25,19.25,419.0,419,
Goodreads,Manga,Bleach,31,Bleach 31: Bring mich nicht um mein Vergnügen,4.22,4710,10.416666666666666,3.910516081476488,-6.506150585190178,4.320224520380844,8.75,-1.666666666666666,548.0,548,
Goodreads,Manga,Bleach,37,Bleach―ブリーチ― 37 [Burīchi 37],4.22,4174,10.416666666666666,3.910516081476488,-6.506150585190178,4.325604894252758,10.083333333333334,-0.33333333333333215,540.0,540,
Goodreads,Manga,Bleach,44,Bleach―ブリーチ― 44 [Burīchi 44],4.22,3880,10.416666666666666,3.910516081476488,-6.506150585190178,4.32880884027312,10.25,-0.16666666666666607,539.0,539,
Goodreads,Manga,Magi,25,マギ 25,4.22,576,10.416666666666666,3.910516081476488,-6.506150585190178,4.38510014353193,30.416666666666668,20.0,418.0,418,
Goodreads,Fantasy — cycle principal,The Witcher,4,The Tower of the Swallow,4.22,129871,10.416666666666666,3.910516081476488,-6.506150585190178,4.227771229435603,2.75,-7.666666666666666,584.0,584,https://www.goodreads.com/series/306126-the-witcher
Goodreads,Manga,Jujutsu Kaisen,29,呪術廻戦 29 [Jujutsu Kaisen 29],4.21,4829,9.833333333333334,3.7761185059892357,-6.057214827344098,4.314564788445572,7.916666666666667,-1.916666666666667,553.0,553,
Goodreads,Manga,Magi,31,マギ 31,4.21,449,9.833333333333334,3.7761185059892357,-6.057214827344098,4.3877325771494,32.916666666666664,23.08333333333333,403.0,403,
Goodreads,Manga,Bleach,39,Bleach―ブリーチ― 39 [Burīchi 39],4.2,3961,9.416666666666666,3.7587414676107715,-5.657925199055894,4.319799628170359,8.583333333333334,-0.8333333333333321,549.0,549,
Goodreads,Manga,Bleach,55,Bleach―ブリーチ― 55 [Burīchi 55],4.2,3556,9.416666666666666,3.7587414676107715,-5.657925199055894,4.324979668677378,9.75,0.3333333333333339,542.0,542,
Goodreads,Manga,Magi,1,マギ 1,4.2,6404,9.416666666666666,3.7587414676107715,-5.657925199055894,4.295838721737826,5.916666666666667,-3.499999999999999,565.0,565,
Goodreads,Manga,Bleach,29,"Bleach, Volume 29",4.19,5232,8.916666666666666,3.739635685896568,-5.177030980770098,4.301272543958947,6.583333333333333,-2.333333333333333,561.0,561,
Goodreads,Manga,Hunter × Hunter,37,"Hunter × Hunter, tome 37",4.19,1470,8.916666666666666,3.739635685896568,-5.177030980770098,4.358769599157568,16.583333333333332,7.666666666666666,501.0,501,
Goodreads,Manga,Magi,29,マギ 29,4.19,486,8.916666666666666,3.739635685896568,-5.177030980770098,4.385144455914662,30.583333333333332,21.666666666666664,417.0,417,
Goodreads,Fantasy — cycle principal,A Song of Ice and Fire,4,A Feast for Crows,4.18,813469,8.333333333333334,2.990023612280703,-5.343309721052631,4.18157068749635,2.0833333333333335,-6.25,588.0,588,https://www.goodreads.com/series/43790-a-song-of-ice-and-fire
Goodreads,Manga,Bleach,38,Bleach―ブリーチ― 38 [Burīchi 38],4.18,3836,8.333333333333334,2.990023612280703,-5.343309721052631,4.313398856234558,7.75,-0.5833333333333339,554.0,554,
Goodreads,Manga,Bleach,56,Bleach―ブリーチ― 56 [Burīchi 56],4.18,3275,8.333333333333334,2.990023612280703,-5.343309721052631,4.321635800634711,8.916666666666666,0.5833333333333321,547.0,547,
Goodreads,Manga,Magi,32,マギ 32,4.18,440,8.333333333333334,2.990023612280703,-5.343309721052631,4.385876660533825,31.25,22.916666666666664,413.0,413,
Goodreads,Manga,Jujutsu Kaisen,21,呪術廻戦 21 [Jujutsu Kaisen 21],4.17,11670,7.833333333333333,2.2359240468016983,-5.597409286531635,4.24693927900613,3.0833333333333335,-4.75,582.0,582,
Goodreads,Manga,Magi,30,マギ 30,4.17,476,7.833333333333333,2.2359240468016983,-5.597409286531635,4.383940518041306,29.25,21.416666666666668,425.0,425,
Goodreads,Manga,Bleach,61,Bleach―ブリーチ― 61 [Burīchi 61],4.16,2794,7.5,2.057012688070983,-5.442987311929016,4.32305910473202,9.416666666666666,1.916666666666666,544.0,544,
Goodreads,Fantasy — cycle principal,The Witcher,2,The Time of Contempt,4.16,182730,7.5,2.057012688070983,-5.442987311929016,4.167441595130313,1.9166666666666667,-5.583333333333333,589.0,589,https://www.goodreads.com/series/306126-the-witcher
Goodreads,Manga,Black Clover,1,ブラッククローバー 1 [Black Clover 1],4.15,7979,7.083333333333333,1.8757046213020279,-5.207628712031305,4.255960844603987,3.4166666666666665,-3.6666666666666665,580.0,580,
Goodreads,Manga,Bleach,49,Bleach―ブリーチ― 49 [Burīchi 49],4.15,4132,7.083333333333333,1.8757046213020279,-5.207628712031305,4.2969597250859115,6.083333333333333,-1.0,564.0,564,
Goodreads,Manga,Bleach,63,Bleach―ブリーチ― 63 [Burīchi 63],4.15,2683,7.083333333333333,1.8757046213020279,-5.207628712031305,4.322031208178803,9.083333333333334,2.000000000000001,546.0,546,
Goodreads,Fantasy — cycle principal,The Witcher,0.1,The Last Wish,4.14,436557,6.75,1.4671862792447257,-5.282813720755274,4.143434366373358,1.75,-5.0,590.0,590,https://www.goodreads.com/series/306126-the-witcher
Goodreads,Manga,Bleach,73,Bleach―ブリーチ― 73 [Burīchi 73],4.13,2276,6.5,1.06251461738475,-5.43748538261525,4.32506054123127,9.916666666666666,3.416666666666666,541.0,541,
Goodreads,Manga,One Piece,33,"One Piece, Volume 33: Davy Back Fight",4.13,8268,6.5,1.06251461738475,-5.43748538261525,4.242040136851701,2.9166666666666665,-3.5833333333333335,583.0,583,
Goodreads,Manga,Bleach,52,Bleach―ブリーチ― 52 [Burīchi 52],4.12,3294,6.25,1.0499898266622547,-5.200010173337745,4.2996322770791,6.416666666666667,0.16666666666666696,562.0,562,
Goodreads,Manga,Bleach,54,Bleach―ブリーチ― 54 [Burīchi 54],4.11,3159,6.0,1.0417045300678247,-4.9582954699321755,4.298813988145011,6.25,0.25,563.0,563,
Goodreads,Manga,Bleach,62,Bleach―ブリーチ― 62 [Burīchi 62],4.11,2701,6.0,1.0417045300678247,-4.9582954699321755,4.308973984217432,7.25,1.25,557.0,557,
Goodreads,Manga,Bleach,64,Bleach―ブリーチ― 64 [Burīchi 64],4.1,2605,5.666666666666667,0.7992442042748292,-4.867422462391838,4.308148305705742,7.083333333333333,1.416666666666666,558.0,558,
Goodreads,Fantasy — cycle principal,The Witcher,1,Blood of Elves,4.1,259417,5.666666666666667,0.7992442042748292,-4.867422462391838,4.1066044134438044,1.25,-4.416666666666667,593.0,593,https://www.goodreads.com/series/306126-the-witcher
Goodreads,Manga,Bleach,53,Bleach―ブリーチ― 53 [Burīchi 53],4.09,3323,5.416666666666667,0.5590801202843321,-4.8575865463823344,4.288147157898579,5.083333333333333,-0.3333333333333339,570.0,570,
Goodreads,Manga,Bleach,71,Bleach―ブリーチ― 71 [Burīchi 71],4.08,2284,5.166666666666667,0.4579821238888072,-4.70868454277786,4.310759412769988,7.416666666666667,2.25,556.0,556,
Goodreads,Fantasy — cycle principal,The Witcher,5,The Lady of the Lake,4.08,106091,5.166666666666667,0.4579821238888072,-4.70868454277786,4.09669219864494,1.0833333333333333,-4.083333333333334,594.0,594,https://www.goodreads.com/series/306126-the-witcher
Goodreads,Manga,Magi,33,マギ 33,4.06,427,4.916666666666667,0.3595053006348018,-4.557161366031865,4.3780909124916505,24.916666666666668,20.0,451.0,451,
Goodreads,Manga,Black Clover,38,ブラッククローバー 38,4.05,44,4.666666666666667,0.3570280385877235,-4.309638628078943,4.398825188601362,46.083333333333336,41.41666666666667,324.0,324,
Goodreads,Manga,Bleach,72,Bleach―ブリーチ― 72 [Burīchi 72],4.05,2266,4.666666666666667,0.3570280385877235,-4.309638628078943,4.302856691223509,6.75,2.083333333333333,560.0,560,
Goodreads,Manga,Bleach,50,Bleach―ブリーチ― 50 [Burīchi 50],4.04,3551,4.333333333333333,0.34955099738534356,-3.9837823359479896,4.2643552920650185,3.9166666666666665,-0.4166666666666665,577.0,577,
Goodreads,Manga,Bleach,67,Bleach―ブリーチ― 67 [Burīchi 67],4.04,2400,4.333333333333333,0.34955099738534356,-3.9837823359479896,4.295806840833892,5.75,1.416666666666667,566.0,566,
Goodreads,Manga,Bleach,68,Bleach―ブリーチ― 68 [Burīchi 68],4.02,2366,3.8333333333333335,0.3374344073143764,-3.495898926018957,4.291083234472778,5.25,1.4166666666666665,569.0,569,
Goodreads,Manga,Bleach,69,Bleach―ブリーチ― 69 [Burīchi 69],4.02,2345,3.8333333333333335,0.3374344073143764,-3.495898926018957,4.291781260090328,5.416666666666667,1.5833333333333335,568.0,568,
Goodreads,Manga,Bleach,70,Bleach―ブリーチ― 70 [Burīchi 70],4.02,2322,3.8333333333333335,0.3374344073143764,-3.495898926018957,4.292549900604571,5.583333333333333,1.7499999999999996,567.0,567,
Goodreads,Manga,Magi,34,マギ 34,4.02,403,3.8333333333333335,0.3374344073143764,-3.495898926018957,4.376725205868942,24.25,20.416666666666668,455.0,455,
Goodreads,Manga,Bleach,65,Bleach―ブリーチ― 65 [Burīchi 65],4.01,2553,3.25,0.32158789510383684,-2.928412104896163,4.281969518343597,4.75,1.5,572.0,572,
Goodreads,Manga,Jujutsu Kaisen,27,呪術廻戦 27 [Jujutsu Kaisen 27],4.01,5793,3.25,0.32158789510383684,-2.928412104896163,4.2060285316212065,2.25,-1.0,587.0,587,
Goodreads,Arthur — texte fondateur,Légende arthurienne — textes fondateurs,v. 1250,La Mort du roi Arthur (Mort Artu),4.01,1726,3.25,0.32158789510383684,-2.928412104896163,4.31181345009841,7.583333333333333,4.333333333333333,555.0,555,https://www.goodreads.com/book/show/6044635
Goodreads,Manga,Bleach,51,Bleach―ブリーチ― 51 [Burīchi 51],4.0,3321,2.8333333333333335,0.30507794369691127,-2.5282553896364224,4.255458803774481,3.25,0.4166666666666665,581.0,581,
Goodreads,Manga,Jujutsu Kaisen,30,呪術廻戦 30 [Jujutsu Kaisen 30],4.0,4848,2.8333333333333335,0.30507794369691127,-2.5282553896364224,4.218860258635518,2.4166666666666665,-0.41666666666666696,586.0,586,
Goodreads,Manga,Bleach,66,Bleach―ブリーチ― 66 [Burīchi 66],3.97,2488,2.5833333333333335,0.2954322799644621,-2.2879010533688713,4.2721072563314655,4.25,1.6666666666666665,575.0,575,
Goodreads,Manga,Bleach,74,Bleach―ブリーチ― 74 [Burīchi 74],3.95,2580,2.4166666666666665,0.29084522696680304,-2.1258214396998634,4.262644903958843,3.75,1.3333333333333335,578.0,578,
Goodreads,Arthur — texte fondateur,Légende arthurienne — textes fondateurs,XIIIe s.,Les quatre branches du Mabinogi et autres contes gallois,3.92,8902,2.25,0.28045285472546105,-1.969547145274539,4.110148653639196,1.4166666666666667,-0.8333333333333333,592.0,592,https://www.goodreads.com/book/show/455219.The_Mabinogion
Goodreads,Arthur — texte fondateur,Légende arthurienne — textes fondateurs,1485,Le Morte d'Arthur,3.91,40103,2.0,0.23397590692952738,-1.7660240930704727,3.9721966756328024,0.25,-1.75,599.0,599,https://www.goodreads.com/book/show/672875.Le_Morte_d_Arthur
Goodreads,Arthur — texte fondateur,Légende arthurienne — textes fondateurs,v. 1230,La Quête du Saint-Graal,3.91,2345,2.0,0.23397590692952738,-1.7660240930704727,4.260152298040177,3.5833333333333335,1.5833333333333335,579.0,579,https://www.goodreads.com/book/show/229724.The_Quest_of_the_Holy_Grail
Goodreads,Manga,Magi,35,マギ 35,3.9,403,1.75,0.19519141442702387,-1.554808585572976,4.3689421528392485,21.583333333333332,19.833333333333332,471.0,471,
Goodreads,Manga,Magi,37,マギ 37,3.88,426,1.5833333333333333,0.19444108551323946,-1.3888922478200938,4.365846559234614,19.583333333333332,18.0,483.0,483,
Goodreads,Manga,Magi,36,マギ 36,3.84,393,1.4166666666666667,0.19369980761168407,-1.2229668590549827,4.365897004379248,19.75,18.333333333333332,482.0,482,
Goodreads,Arthur — texte fondateur,Légende arthurienne — textes fondateurs,fin XIVe s.,Sire Gauvain et le Chevalier vert,3.76,81476,1.25,0.11960007559405414,-1.130399924405946,3.802701243223943,0.08333333333333333,-1.1666666666666667,600.0,600,https://www.goodreads.com/book/show/3049.Sir_Gawain_and_the_Green_Knight
Goodreads,Arthur — texte fondateur,Légende arthurienne — textes fondateurs,v. 1200–1210,Parzival,3.73,4037,1.0833333333333333,0.042202154720175286,-1.041131178613158,4.126197721926039,1.5833333333333333,0.5,591.0,591,https://www.goodreads.com/book/show/560089.Parzival
Goodreads,Arthur — texte fondateur,Légende arthurienne — textes fondateurs,v. 1136,Historia Regum Britanniae — History of the Kings of Britain,3.71,6978,0.9166666666666666,0.032232464749927775,-0.8844342019167388,4.024170314475246,0.4166666666666667,-0.49999999999999994,598.0,598,https://www.goodreads.com/book/show/129521.The_History_of_the_Kings_of_Britain
Goodreads,Arthur — texte fondateur,Légende arthurienne — textes fondateurs,v. 1176,Cligès,3.62,505,0.75,0.025459592298964346,-0.7245404077010357,4.338979030427784,11.25,10.5,533.0,533,https://www.goodreads.com/book/show/2575136
Goodreads,Arthur — texte fondateur,Légende arthurienne — textes fondateurs,v. 1170,Erec et Enide,3.59,1652,0.5833333333333334,0.02350728896116826,-0.5598260443721651,4.2218294226689,2.5833333333333335,2.0,585.0,585,https://www.goodreads.com/book/show/544867.Erec_and_Enide
Goodreads,Arthur — texte fondateur,Légende arthurienne — textes fondateurs,v. 1180–1190,Perceval ou le Conte du Graal,3.58,3713,0.4166666666666667,0.018651420900307806,-0.3980152457663589,4.081195155842566,0.9166666666666666,0.49999999999999994,595.0,595,https://www.goodreads.com/book/show/1770392.Perceval
Goodreads,Arthur — texte fondateur,Légende arthurienne — textes fondateurs,v. 1181,Lancelot ou le Chevalier de la Charrette,3.56,3970,0.25,0.011697528204764308,-0.2383024717952357,4.059907169026805,0.75,0.5,596.0,596,https://www.goodreads.com/book/show/129898.Lancelot_The_Knight_of_the_Cart
Goodreads,Arthur — texte fondateur,Légende arthurienne — textes fondateurs,v. 1176,Yvain ou le Chevalier au lion,3.54,4477,0.08333333333333333,0.004052138174924931,-0.0792811951584084,4.026566422033212,0.5833333333333334,0.5,597.0,597,https://www.goodreads.com/book/show/366629
SensCritique,Web-serial,Parahumans,1,Worm,9.7,11,99.91610738255034,99.99909097069455,0.08298358814421647,7.240770620626892,58.64093959731544,-41.2751677852349,247.0,247,https://www.senscritique.com/livre/Worm/38052934
SensCritique,Manga,One Piece,59,"La Mort de Portgas D. Ace - One Piece, tome 59",8.7,629,99.74832214765101,99.9462019929228,0.19787984527178537,8.30125128307044,99.74832214765101,0.0,2.0,2,https://www.senscritique.com/bd/la_mort_de_portgas_d_ace_one_piece_tome_59/17476688
SensCritique,Manga,One Piece,58,"L'Ère de Barbe Blanche - One Piece, tome 58",8.6,602,99.58053691275168,99.84447334973993,0.26393643698824576,8.21396196528803,99.41275167785236,-0.16778523489932695,4.0,4,https://www.senscritique.com/bd/l_ere_de_barbe_blanche_one_piece_tome_58/17476682
SensCritique,Fantasy — cycle principal,A Song of Ice and Fire,3,Le Trône de fer — Intégrale 3,8.5,3965,99.32885906040268,99.41995666409383,0.0910976036911535,8.429897288740221,99.91610738255034,0.5872483221476585,1.0,1,https://www.senscritique.com/groupe/Le_Trone_de_fer/2845
SensCritique,Manga,One Piece,57,"Guerre au sommet - One Piece, tome 57",8.5,570,99.32885906040268,99.41995666409383,0.0910976036911535,8.125161431215327,99.24496644295301,-0.08389261744966348,5.0,5,https://www.senscritique.com/bd/guerre_au_sommet_one_piece_tome_57/17476678
SensCritique,Fantasy — cycle principal,Stormlight Archive,2,Le Livre des Radieux,8.445670628183361,589,99.07718120805369,98.99651428580873,-0.08066692224495853,8.094063847223962,99.07718120805369,0.0,6.0,6,https://www.senscritique.com/groupe/les_archives_de_roshar/46557
SensCritique,Manga,Fullmetal Alchemist,27,"Fullmetal Alchemist, tome 27",8.4,299,98.74161073825503,98.82512094221714,0.08351020396210629,7.867355054468961,97.3993288590604,-1.3422818791946298,16.0,16,https://www.senscritique.com/bd/fullmetal_alchemist_tome_27/12986443
SensCritique,Manga,One Piece,41,"Déclaration de guerre - One Piece, tome 41",8.4,593,98.74161073825503,98.82512094221714,0.08351020396210629,8.062128206192996,98.48993288590604,-0.2516778523489904,9.5,9–10,https://www.senscritique.com/bd/declaration_de_guerre_one_piece_tome_41/220658
SensCritique,Manga,One Piece,44,"""Rentrons"" - One Piece, tome 44",8.4,593,98.74161073825503,98.82512094221714,0.08351020396210629,8.062128206192996,98.48993288590604,-0.2516778523489904,9.5,9–10,https://www.senscritique.com/bd/rentrons_one_piece_tome_44/17476610
SensCritique,Fantasy — cycle principal,A Song of Ice and Fire,2,Le Trône de fer — Intégrale 2,8.3,3907,97.98657718120805,98.28722351047284,0.3006463292647936,8.239157619664685,99.58053691275168,1.5939597315436345,3.0,3,https://www.senscritique.com/groupe/Le_Trone_de_fer/2845
SensCritique,Manga,Fullmetal Alchemist,25,"Fullmetal Alchemist, tome 25",8.3,260,97.98657718120805,98.28722351047284,0.3006463292647936,7.7680489974080045,96.05704697986577,-1.9295302013422742,24.0,24,https://www.senscritique.com/bd/fullmetal_alchemist_tome_25/12986441
SensCritique,Manga,Jujutsu Kaisen,14,"Le Drame de Shibuya : Le Bien et le Mal - Jujutsu Kaisen, tome 14",8.3,189,97.98657718120805,98.28722351047284,0.3006463292647936,7.673627694447926,93.20469798657719,-4.781879194630861,41.0,41,https://www.senscritique.com/bd/le_drame_de_shibuya_le_bien_et_le_mal_jujutsu_kaisen_tome_14/43749365
SensCritique,Manga,Jujutsu Kaisen,15,"Le Drame de Shibuya : Transformation - Jujutsu Kaisen, tome 15",8.3,182,97.98657718120805,98.28722351047284,0.3006463292647936,7.662470935824859,92.70134228187919,-5.285234899328856,44.0,44,https://www.senscritique.com/bd/le_drame_de_shibuya_transformation_jujutsu_kaisen_tome_15/44290421
SensCritique,Manga,My Hero Academia,11,"La Fin du commencement et le commencement de la fin - My Hero Academia, tome 11",8.3,310,97.98657718120805,98.28722351047284,0.3006463292647936,7.819099957349654,96.89597315436242,-1.0906040268456252,19.0,19,https://www.senscritique.com/bd/la_fin_du_commencement_et_le_commencement_de_la_fin_my_hero_academia_tome_11/25831078
SensCritique,Manga,My Hero Academia,29,"Katsuki Bakugo : L'Envol - My Hero Academia, tome 29",8.3,176,97.98657718120805,98.28722351047284,0.3006463292647936,7.652586764287261,91.35906040268456,-6.627516778523486,52.0,52,https://www.senscritique.com/bd/Katsuki_Bakugo_L_Envol_My_Hero_Academia_tome_29/43732783
SensCritique,Manga,Fullmetal Alchemist,23,"Fullmetal Alchemist, tome 23",8.2,260,96.81208053691275,97.56074381736114,0.7486632804483975,7.712847298894204,94.71476510067114,-2.097315436241601,32.0,32,https://www.senscritique.com/bd/fullmetal_alchemist_tome_23/12986439
SensCritique,Fantasy — cycle principal,Kingkiller Chronicle,2,La Peur du sage,8.2,1755,96.81208053691275,97.56074381736114,0.7486632804483975,8.083291494292558,98.90939597315436,2.0973154362416153,7.0,7,https://www.senscritique.com/groupe/Chronique_du_tueur_de_roi/3120
SensCritique,Arthur — texte fondateur,Légende arthurienne — textes fondateurs,fin XIVe s.,Sire Gauvain et le Chevalier vert,8.2,40,96.81208053691275,97.56074381736114,0.7486632804483975,7.285860867646095,63.506711409395976,-33.30536912751677,218.0,218,https://www.senscritique.com/livre/sire_gauvain_et_le_chevalier_vert/394266
SensCritique,Manga,My Hero Academia,17,"Lemillion - My Hero Academia, tome 17",8.2,223,96.81208053691275,97.56074381736114,0.7486632804483975,7.671315847417442,93.03691275167785,-3.775167785234899,42.0,42,https://www.senscritique.com/bd/lemillion_my_hero_academia_tome_17/29968413
SensCritique,Manga,One Piece,114,"L'Incident de God Valley - One Piece, tome 114",8.2,48,96.81208053691275,97.56074381736114,0.7486632804483975,7.3140968254022,65.68791946308725,-31.12416107382549,205.0,205,https://www.senscritique.com/bd/l_incident_de_god_valley_one_piece_tome_114/135021501
SensCritique,Manga,One Piece,40,"Gear - One Piece, tome 40",8.2,568,96.81208053691275,97.56074381736114,0.7486632804483975,7.905457095993798,97.73489932885906,0.9228187919463124,14.0,14,https://www.senscritique.com/bd/gear_one_piece_tome_40/129958
SensCritique,Manga,One Piece,52,"Roger & Rayleigh - One Piece, tome 52",8.2,514,96.81208053691275,97.56074381736114,0.7486632804483975,7.883518727971269,97.56711409395973,0.7550335570469855,15.0,15,https://www.senscritique.com/bd/roger_rayleigh_one_piece_tome_52/17476643
SensCritique,Manga,One Piece,96,"Bouillir, tel est le propre du Oden - One Piece, tome 96",8.2,359,96.81208053691275,97.56074381736114,0.7486632804483975,7.797458031191526,96.56040268456375,-0.2516778523489904,21.0,21,https://www.senscritique.com/bd/bouillir_tel_est_le_propre_du_oden_one_piece_tome_96/41655692
SensCritique,Fantasy — cycle principal,A Song of Ice and Fire,1,Le Trône de fer — Intégrale 1,8.1,8619,94.79865771812081,96.02969054989661,1.2310328317758064,8.076404425569555,98.74161073825503,3.942953020134226,8.0,8,https://www.senscritique.com/groupe/Le_Trone_de_fer/2845
SensCritique,Manga,Fullmetal Alchemist,13,"Fullmetal Alchemist, tome 13",8.1,285,94.79865771812081,96.02969054989661,1.2310328317758064,7.679941689070907,93.54026845637584,-1.2583892617449663,39.0,39,https://www.senscritique.com/bd/fullmetal_alchemist_tome_13/12986429
SensCritique,Manga,Fullmetal Alchemist,15,"Fullmetal Alchemist, tome 15",8.1,284,94.79865771812081,96.02969054989661,1.2310328317758064,7.679093086422566,93.37248322147651,-1.4261744966442933,40.0,40,https://www.senscritique.com/bd/fullmetal_alchemist_tome_15/12986431
SensCritique,Manga,Fullmetal Alchemist,19,"Fullmetal Alchemist, tome 19",8.1,265,94.79865771812081,96.02969054989661,1.2310328317758064,7.662292180208341,92.4496644295302,-2.3489932885906057,45.5,45–46,https://www.senscritique.com/bd/fullmetal_alchemist_tome_19/12986435
SensCritique,Manga,Fullmetal Alchemist,22,"Fullmetal Alchemist, tome 22",8.1,259,94.79865771812081,96.02969054989661,1.2310328317758064,7.6567044208067445,91.86241610738254,-2.9362416107382643,49.0,49,https://www.senscritique.com/bd/fullmetal_alchemist_tome_22/12986438
SensCritique,Manga,Fullmetal Alchemist,24,"Fullmetal Alchemist, tome 24",8.1,264,94.79865771812081,96.02969054989661,1.2310328317758064,7.6613706900614105,92.03020134228188,-2.768456375838923,48.0,48,https://www.senscritique.com/bd/fullmetal_alchemist_tome_24/12986440
SensCritique,Manga,Fullmetal Alchemist,26,"Fullmetal Alchemist, tome 26",8.1,265,94.79865771812081,96.02969054989661,1.2310328317758064,7.662292180208341,92.4496644295302,-2.3489932885906057,45.5,45–46,https://www.senscritique.com/bd/fullmetal_alchemist_tome_26/12986442
SensCritique,Manga,Hunter × Hunter,11,"4 septembre - Hunter X Hunter, tome 11",8.1,243,94.79865771812081,96.02969054989661,1.2310328317758064,7.6410816691171135,91.02348993288591,-3.775167785234899,54.0,54,https://www.senscritique.com/bd/4_septembre_hunter_x_hunter_tome_11/17264831
SensCritique,Manga,Jujutsu Kaisen,10,"La Veille de la fête - Jujutsu Kaisen, tome 10",8.1,199,94.79865771812081,96.02969054989661,1.2310328317758064,7.591831897022366,88.17114093959732,-6.627516778523486,71.0,71,https://www.senscritique.com/bd/la_veille_de_la_fete_jujutsu_kaisen_tome_10/42311760
SensCritique,Fantasy — cycle principal,Kingkiller Chronicle,1,Le Nom du vent,8.1,2303,94.79865771812081,96.02969054989661,1.2310328317758064,8.01712453372282,98.23825503355705,3.439597315436245,11.0,11,https://www.senscritique.com/groupe/Chronique_du_tueur_de_roi/3120
SensCritique,Manga,My Hero Academia,28,"Destruction massive - My Hero Academia, tome 28",8.1,179,94.79865771812081,96.02969054989661,1.2310328317758064,7.565771994305564,86.82885906040268,-7.96979865771813,79.0,79,https://www.senscritique.com/bd/Destruction_massive_My_Hero_Academia_tome_28/42830863
SensCritique,Manga,My Hero Academia,30,"Danse macabre - My Hero Academia, tome 30",8.1,155,94.79865771812081,96.02969054989661,1.2310328317758064,7.5307406496698635,83.64093959731544,-11.15771812080537,98.0,98,https://www.senscritique.com/bd/Danse_macabre_My_Hero_Academia_tome_30/44507280
SensCritique,Manga,One Piece,107,"Le Héros de la légende - One Piece, tome 107",8.1,195,94.79865771812081,96.02969054989661,1.2310328317758064,7.58682531472702,87.66778523489933,-7.130872483221481,74.0,74,https://www.senscritique.com/bd/le_heros_de_la_legende_one_piece_tome_107/62819830
SensCritique,Manga,One Piece,109,"Toujours de ton côté - One Piece, tome 109",8.1,156,94.79865771812081,96.02969054989661,1.2310328317758064,7.532291765065858,83.80872483221476,-10.989932885906043,97.0,97,https://www.senscritique.com/bd/toujours_de_ton_cote_one_piece_tome_109/94412288
SensCritique,Manga,One Piece,36,"Justice N°9 - One Piece, tome 36",8.1,553,94.79865771812081,96.02969054989661,1.2310328317758064,7.82729198662195,97.23154362416108,2.432885906040269,17.0,17,https://www.senscritique.com/bd/justice_ndeg9_one_piece_tome_36/42197
SensCritique,Manga,One Piece,43,"La Légende du héros - One Piece, tome 43",8.1,536,94.79865771812081,96.02969054989661,1.2310328317758064,7.82108578015953,97.06375838926175,2.2651006711409423,18.0,18,https://www.senscritique.com/bd/la_legende_du_heros_one_piece_tome_43/17476609
SensCritique,Fantasy — cycle principal,Stormlight Archive,1,La Voie des rois,8.098015122873347,1058,93.37248322147651,94.7225064086566,1.350023187180085,7.93416160581495,98.07046979865771,4.697986577181197,12.0,12,https://www.senscritique.com/groupe/les_archives_de_roshar/46557
SensCritique,Fantasy — cycle principal,Stormlight Archive,5,Vent et vérité,8.086206896551724,58,93.20469798657719,94.6302812536671,1.4255832670899196,7.322494712933717,66.52684563758389,-26.677852348993298,200.0,200,https://www.senscritique.com/groupe/les_archives_de_roshar/46557
SensCritique,Fantasy — cycle principal,Stormlight Archive,4,Rythme de guerre,8.0275,200,93.03691275167785,94.60896038450286,1.5720476328250186,7.557788510411606,86.49328859060402,-6.543624161073822,81.0,81,https://www.senscritique.com/groupe/les_archives_de_roshar/46557
SensCritique,Fantasy — cycle principal,A Song of Ice and Fire,5,Le Trône de fer — Intégrale 5,8.0,2073,91.2751677852349,93.91380088291537,2.6386330976804686,7.918017109360407,97.90268456375838,6.627516778523486,13.0,13,https://www.senscritique.com/groupe/Le_Trone_de_fer/2845
SensCritique,Manga,Fullmetal Alchemist,10,"Fullmetal Alchemist, tome 10",8.0,307,91.2751677852349,93.91380088291537,2.6386330976804686,7.638515594168282,90.68791946308725,-0.5872483221476443,56.0,56,https://www.senscritique.com/bd/fullmetal_alchemist_tome_10/12986426
SensCritique,Manga,Fullmetal Alchemist,11,"Fullmetal Alchemist, tome 11",8.0,294,91.2751677852349,93.91380088291537,2.6386330976804686,7.629210055008257,90.18456375838926,-1.0906040268456394,59.0,59,https://www.senscritique.com/bd/fullmetal_alchemist_tome_11/12986427
SensCritique,Manga,Fullmetal Alchemist,12,"Fullmetal Alchemist, tome 12",8.0,293,91.2751677852349,93.91380088291537,2.6386330976804686,7.628474360672956,90.01677852348993,-1.2583892617449663,60.0,60,https://www.senscritique.com/bd/fullmetal_alchemist_tome_12/12986428
SensCritique,Manga,Fullmetal Alchemist,17,"Fullmetal Alchemist, tome 17",8.0,271,91.2751677852349,93.91380088291537,2.6386330976804686,7.611516758877946,89.34563758389261,-1.9295302013422884,64.0,64,https://www.senscritique.com/bd/fullmetal_alchemist_tome_17/12986433
SensCritique,Manga,Fullmetal Alchemist,21,"Fullmetal Alchemist, tome 21",8.0,256,91.2751677852349,93.91380088291537,2.6386330976804686,7.599038710447902,88.6744966442953,-2.600671140939596,68.0,68,https://www.senscritique.com/bd/fullmetal_alchemist_tome_21/12986437
SensCritique,Manga,Jujutsu Kaisen,11,"Le Drame de Shibuya : Ouverture - Jujutsu Kaisen, tome 11",8.0,196,91.2751677852349,93.91380088291537,2.6386330976804686,7.539928938032358,84.64765100671141,-6.627516778523486,92.0,92,https://www.senscritique.com/bd/le_drame_de_shibuya_ouverture_jujutsu_kaisen_tome_11/42311761
SensCritique,Manga,Jujutsu Kaisen,13,"Le Drame de Shibuya : Tonnerre - Jujutsu Kaisen, tome 13",8.0,191,91.2751677852349,93.91380088291537,2.6386330976804686,7.534206661142214,83.97651006711409,-7.298657718120808,96.0,96,https://www.senscritique.com/bd/le_drame_de_shibuya_tonnerre_jujutsu_kaisen_tome_13/43116623
SensCritique,Manga,Jujutsu Kaisen,16,"Le Drame de Shibuya : Fermeture - Jujutsu Kaisen, tome 16",8.0,169,91.2751677852349,93.91380088291537,2.6386330976804686,7.507239678366236,81.62751677852349,-9.647651006711413,110.0,110,https://www.senscritique.com/bd/le_drame_de_shibuya_fermeture_jujutsu_kaisen_tome_16/44883308
SensCritique,Manga,Jujutsu Kaisen,9,"Mort prématurée - Jujutsu Kaisen, tome 9",8.0,209,91.2751677852349,93.91380088291537,2.6386330976804686,7.554169232807547,86.15771812080537,-5.117449664429529,83.0,83,https://www.senscritique.com/bd/mort_prematuree_jujutsu_kaisen_tome_9/41191248
SensCritique,Arthur — texte fondateur,Légende arthurienne — textes fondateurs,1485,Le Roman du Roi Arthur... (Le Morte d'Arthur),8.0,34,91.2751677852349,93.91380088291537,2.6386330976804686,7.235718684812938,57.63422818791946,-33.64093959731544,253.0,253,https://www.senscritique.com/livre/le_roman_du_roi_arthur_et_de_ses_chevaliers_de_la_table_ronde/19355884
SensCritique,Arthur — texte fondateur,Légende arthurienne — textes fondateurs,v. 1200–1210,Parzival,8.0,11,91.2751677852349,93.91380088291537,2.6386330976804686,7.156536386392657,50.58724832214765,-40.68791946308725,295.0,295,https://www.senscritique.com/livre/parzival/470906
SensCritique,Manga,My Hero Academia,27,"One's Justice - My Hero Academia, tome 27",8.0,175,91.2751677852349,93.91380088291537,2.6386330976804686,7.51489916523101,82.13087248322148,-9.144295302013418,107.0,107,https://www.senscritique.com/bd/One_s_Justice_My_Hero_Academia_tome_27/42475323
SensCritique,Manga,One Piece,35,"Capitaine - One Piece, tome 35",8.0,563,91.2751677852349,93.91380088291537,2.6386330976804686,7.758076327880065,95.88926174496645,4.614093959731548,25.0,25,https://www.senscritique.com/bd/capitaine_one_piece_tome_35/83810
SensCritique,Manga,One Piece,37,"Tom - One Piece, tome 37",8.0,551,91.2751677852349,93.91380088291537,2.6386330976804686,7.754266506271877,95.72147651006712,4.446308724832221,26.0,26,https://www.senscritique.com/bd/tom_one_piece_tome_37/48075
SensCritique,Manga,One Piece,42,"Les Pirates contre le CP9 - One Piece, tome 42",8.0,539,91.2751677852349,93.91380088291537,2.6386330976804686,7.750334770372227,95.55369127516778,4.27852348993288,27.0,27,https://www.senscritique.com/bd/les_pirates_contre_le_cp9_one_piece_tome_42/17476605
SensCritique,Manga,One Piece,45,"Je comprends ce que vous ressentez - One Piece, tome 45",8.0,531,91.2751677852349,93.91380088291537,2.6386330976804686,7.747642961966537,95.38590604026845,4.110738255033553,28.0,28,https://www.senscritique.com/bd/je_comprends_ce_que_vous_ressentez_one_piece_tome_45/17476611
SensCritique,Manga,One Piece,51,"Les Onze Supernovae - One Piece, tome 51",8.0,515,91.2751677852349,93.91380088291537,2.6386330976804686,7.742081374351474,95.0503355704698,3.775167785234899,30.0,30,https://www.senscritique.com/bd/les_onze_supernovae_one_piece_tome_51/17476641
SensCritique,Manga,One Piece,56,"Merci pour tout - One Piece, tome 56",8.0,504,91.2751677852349,93.91380088291537,2.6386330976804686,7.738113395495343,94.88255033557047,3.607382550335572,31.0,31,https://www.senscritique.com/bd/merci_pour_tout_one_piece_tome_56/17476669
SensCritique,Manga,One Piece,60,"Petit frère - One Piece, tome 60",8.0,530,91.2751677852349,93.91380088291537,2.6386330976804686,7.747302399162173,95.21812080536913,3.942953020134226,29.0,29,https://www.senscritique.com/bd/petit_frere_one_piece_tome_60/17476692
SensCritique,Manga,Fullmetal Alchemist,14,"Fullmetal Alchemist, tome 14",7.9,279,87.75167785234899,92.54728191973767,4.79560406738868,7.560920566896265,86.66107382550335,-1.0906040268456394,80.0,80,https://www.senscritique.com/bd/fullmetal_alchemist_tome_14/12986430
SensCritique,Manga,Fullmetal Alchemist,18,"Fullmetal Alchemist, tome 18",7.9,268,87.75167785234899,92.54728191973767,4.79560406738868,7.553133774069249,85.98993288590604,-1.7617449664429472,84.0,84,https://www.senscritique.com/bd/fullmetal_alchemist_tome_18/12986434
SensCritique,Manga,Fullmetal Alchemist,20,"Fullmetal Alchemist, tome 20",7.9,265,87.75167785234899,92.54728191973767,4.79560406738868,7.550947642393214,85.82214765100672,-1.9295302013422742,85.0,85,https://www.senscritique.com/bd/fullmetal_alchemist_tome_20/12986436
SensCritique,Manga,Fullmetal Alchemist,4,"Fullmetal Alchemist, tome 4",7.9,388,87.75167785234899,92.54728191973767,4.79560406738868,7.622622834355877,89.68120805369128,1.9295302013422884,62.0,62,https://www.senscritique.com/bd/fullmetal_alchemist_tome_4/12986420
SensCritique,Manga,Fullmetal Alchemist,7,"Fullmetal Alchemist, tome 7",7.9,349,87.75167785234899,92.54728191973767,4.79560406738868,7.603305496034232,89.17785234899328,1.4261744966442933,65.0,65,https://www.senscritique.com/bd/fullmetal_alchemist_tome_7/12986423
SensCritique,Manga,Fullmetal Alchemist,9,"Fullmetal Alchemist, tome 9",7.9,323,87.75167785234899,92.54728191973767,4.79560406738868,7.588859696215675,88.00335570469798,0.2516778523489904,72.0,72,https://www.senscritique.com/bd/fullmetal_alchemist_tome_9/12986425
SensCritique,Manga,Hunter × Hunter,10,"3 septembre - Hunter X Hunter, tome 10",7.9,248,87.75167785234899,92.54728191973767,4.79560406738868,7.538019777296667,84.47986577181209,-3.271812080536904,93.0,93,https://www.senscritique.com/bd/3_septembre_hunter_x_hunter_tome_10/17257487
SensCritique,Manga,Hunter × Hunter,29,"Hunter X Hunter, tome 29",7.9,207,87.75167785234899,92.54728191973767,4.79560406738868,7.502514540141555,81.29194630872483,-6.459731543624159,112.0,112,https://www.senscritique.com/bd/hunter_x_hunter_tome_29/17265939
SensCritique,Manga,Hunter × Hunter,9,"1er septembre - Hunter X Hunter, tome 9",7.9,252,87.75167785234899,92.54728191973767,4.79560406738868,7.541147036240108,84.81543624161074,-2.93624161073825,91.0,91,https://www.senscritique.com/bd/1er_septembre_hunter_x_hunter_tome_9/17257486
SensCritique,Arthur — texte fondateur,Légende arthurienne — textes fondateurs,XIIIe s.,Les quatre branches du Mabinogi et autres contes gallois,7.9,14,87.75167785234899,92.54728191973767,4.79560406738868,7.161560345685199,50.922818791946305,-36.828859060402685,293.0,293,https://www.senscritique.com/livre/les_quatre_branches_du_mabinogi_et_autres_contes_gallois/107405
SensCritique,Manga,My Hero Academia,10,"All For One - My Hero Academia, tome 10",7.9,322,87.75167785234899,92.54728191973767,4.79560406738868,7.5882759433005065,87.83557046979865,0.08389261744966348,73.0,73,https://www.senscritique.com/bd/all_for_one_my_hero_academia_tome_10/25240871
SensCritique,Manga,One Piece,103,"Le Guerrier libérateur - One Piece, tome 103",7.9,256,87.75167785234899,92.54728191973767,4.79560406738868,7.544220723295867,85.31879194630872,-2.432885906040269,88.0,88,https://www.senscritique.com/bd/le_guerrier_liberateur_one_piece_tome_103/49288332
SensCritique,Manga,One Piece,22,"Hope ! - One Piece, tome 22",7.9,628,87.75167785234899,92.54728191973767,4.79560406738868,7.7019679115365545,94.54697986577182,6.795302013422827,33.0,33,https://www.senscritique.com/bd/hope_one_piece_tome_22/17475463
SensCritique,Manga,One Piece,23,"L'Aventure de Vivi - One Piece, tome 23",7.9,617,87.75167785234899,92.54728191973767,4.79560406738868,7.699337050457935,94.37919463087249,6.6275167785235,34.0,34,https://www.senscritique.com/bd/l_aventure_de_vivi_one_piece_tome_23/17475501
SensCritique,Manga,One Piece,38,"Rocketman ! - One Piece, tome 38",7.9,547,87.75167785234899,92.54728191973767,4.79560406738868,7.680806171212625,93.70805369127517,5.956375838926178,38.0,38,https://www.senscritique.com/bd/rocketman_one_piece_tome_38/101355
SensCritique,Manga,One Piece,39,"Compétition - One Piece, tome 39",7.9,551,87.75167785234899,92.54728191973767,4.79560406738868,7.681956794985787,93.95973154362416,6.208053691275168,36.5,36–37,https://www.senscritique.com/bd/competition_one_piece_tome_39/135865
SensCritique,Manga,One Piece,54,"Plus personne ne m'arrêtera - One Piece, tome 54",7.9,493,87.75167785234899,92.54728191973767,4.79560406738868,7.663993008209048,92.86912751677852,5.117449664429529,43.0,43,https://www.senscritique.com/bd/plus_personne_ne_m_arretera_one_piece_tome_54/17476650
SensCritique,Manga,One Piece,61,"À l'aube d'une grande aventure dans le Nouveau Monde - One Piece, tome 61",7.9,551,87.75167785234899,92.54728191973767,4.79560406738868,7.681956794985787,93.95973154362416,6.208053691275168,36.5,36–37,https://www.senscritique.com/bd/a_l_aube_d_une_grande_aventure_dans_le_nouveau_monde_one_piece_tome_61/10455896
SensCritique,Manga,One Piece,78,"L'Icône du mal - One Piece, tome 78",7.9,462,87.75167785234899,92.54728191973767,4.79560406738868,7.653121958067117,91.61073825503355,3.8590604026845625,50.5,50–51,https://www.senscritique.com/bd/l_icone_du_mal_one_piece_tome_78/19736385
SensCritique,Manga,One Piece,79,"Lucy - One Piece, tome 79",7.9,462,87.75167785234899,92.54728191973767,4.79560406738868,7.653121958067117,91.61073825503355,3.8590604026845625,50.5,50–51,https://www.senscritique.com/bd/lucy_one_piece_tome_79/21871068
SensCritique,Manga,One Piece,89,"Bad End Musical - One Piece, tome 89",7.9,425,87.75167785234899,92.54728191973767,4.79560406738868,7.638759556256558,90.85570469798658,3.1040268456375912,55.0,55,https://www.senscritique.com/bd/bad_end_musical_one_piece_tome_89/33980402
SensCritique,Manga,One Piece,90,"La Terre Sainte de Marie Joie - One Piece, tome 90",7.9,417,87.75167785234899,92.54728191973767,4.79560406738868,7.635431652514601,90.35234899328859,2.600671140939596,58.0,58,https://www.senscritique.com/bd/la_terre_sainte_de_marie_joie_one_piece_tome_90/36233256
SensCritique,Fantasy — cycle principal,Stormlight Archive,3,Justicière,7.830959752321982,323,85.82214765100672,91.8327022466246,6.01055459561789,7.547099396590206,85.65436241610739,-0.16778523489932695,86.0,86,https://www.senscritique.com/groupe/les_archives_de_roshar/46557
SensCritique,Manga,Bleach,13,"The Undead - Bleach, tome 13",7.8,170,83.05369127516778,78.4969117795323,-4.556779495635482,7.419294167399396,74.24496644295301,-8.808724832214764,154.0,154,https://www.senscritique.com/bd/the_undead_bleach_tome_13/17772296
SensCritique,Manga,Bleach,19,"The Black Moon Rising - Bleach, tome 19",7.8,163,83.05369127516778,78.4969117795323,-4.556779495635482,7.412168657163556,73.40604026845638,-9.6476510067114,159.0,159,https://www.senscritique.com/bd/the_black_moon_rising_bleach_tome_19/17955029
SensCritique,Manga,Bleach,20,"End of Hypnosis - Bleach, tome 20",7.8,162,83.05369127516778,78.4969117795323,-4.556779495635482,7.411128894850322,73.23825503355705,-9.815436241610726,160.0,160,https://www.senscritique.com/bd/end_of_hypnosis_bleach_tome_20/17955055
SensCritique,Manga,Fullmetal Alchemist,16,"Fullmetal Alchemist, tome 16",7.8,271,83.05369127516778,78.4969117795323,-4.556779495635482,7.499068626097863,80.95637583892618,-2.097315436241601,114.0,114,https://www.senscritique.com/bd/fullmetal_alchemist_tome_16/12986432
SensCritique,Manga,Fullmetal Alchemist,3,"Fullmetal Alchemist, tome 3",7.8,423,83.05369127516778,78.4969117795323,-4.556779495635482,7.571216211008155,86.99664429530202,3.94295302013424,78.0,78,https://www.senscritique.com/bd/fullmetal_alchemist_tome_3/12986419
SensCritique,Manga,Fullmetal Alchemist,6,"Fullmetal Alchemist, tome 6",7.8,351,83.05369127516778,78.4969117795323,-4.556779495635482,7.541905832347277,84.98322147651007,1.9295302013422884,90.0,90,https://www.senscritique.com/bd/fullmetal_alchemist_tome_6/12986422
SensCritique,Manga,Fullmetal Alchemist,8,"Fullmetal Alchemist, tome 8",7.8,335,83.05369127516778,78.4969117795323,-4.556779495635482,7.534342633295184,84.14429530201342,1.0906040268456394,95.0,95,https://www.senscritique.com/bd/fullmetal_alchemist_tome_8/12986424
SensCritique,Fantasy — cycle principal,Harry Potter,3,Harry Potter et le Prisonnier d'Azkaban,7.8,59880,83.05369127516778,78.4969117795323,-4.556779495635482,7.797586178924949,96.72818791946308,13.674496644295303,20.0,20,https://www.senscritique.com/groupe/harry_potter/600
SensCritique,Fantasy — cycle principal,Harry Potter,4,Harry Potter et la coupe de feu,7.8,56575,83.05369127516778,78.4969117795323,-4.556779495635482,7.7974456922089805,96.39261744966443,13.338926174496649,22.0,22,https://www.senscritique.com/groupe/harry_potter/600
SensCritique,Fantasy — cycle principal,Harry Potter,7,Harry Potter et les Reliques de la Mort,7.8,35184,83.05369127516778,78.4969117795323,-4.556779495635482,7.795901994004215,96.2248322147651,13.171140939597322,23.0,23,https://www.senscritique.com/groupe/harry_potter/600
SensCritique,Manga,Hunter × Hunter,12,"4 septembre - Hunter X Hunter, tome 12",7.8,236,83.05369127516778,78.4969117795323,-4.556779495635482,7.47550576684378,78.94295302013423,-4.110738255033553,126.0,126,https://www.senscritique.com/bd/4_septembre_hunter_x_hunter_tome_12/17264865
SensCritique,Manga,Hunter × Hunter,13,"10 septembre - Hunter X Hunter, tome 13",7.8,233,83.05369127516778,78.4969117795323,-4.556779495635482,7.473313238241374,78.7751677852349,-4.27852348993288,127.0,127,https://www.senscritique.com/bd/10_septembre_hunter_x_hunter_tome_13/17264915
SensCritique,Manga,Hunter × Hunter,16,"Duels - Hunter X Hunter, tome 16",7.8,224,83.05369127516778,78.4969117795323,-4.556779495635482,7.466554201791196,78.27181208053692,-4.781879194630861,130.0,130,https://www.senscritique.com/bd/duels_hunter_x_hunter_tome_16/17265059
SensCritique,Manga,Hunter × Hunter,27,"Hunter X Hunter, tome 27",7.8,209,83.05369127516778,78.4969117795323,-4.556779495635482,7.454645423283739,77.43288590604027,-5.62080536912751,135.0,135,https://www.senscritique.com/bd/hunter_x_hunter_tome_27/17265767
SensCritique,Manga,Hunter × Hunter,28,"Hunter X Hunter, tome 28",7.8,204,83.05369127516778,78.4969117795323,-4.556779495635482,7.4504845247690845,77.26510067114094,-5.788590604026837,136.0,136,https://www.senscritique.com/bd/hunter_x_hunter_tome_28/17265866
SensCritique,Manga,Hunter × Hunter,34,"Hunter X Hunter, tome 34",7.8,256,83.05369127516778,78.4969117795323,-4.556779495635482,7.489402736143832,80.45302013422818,-2.600671140939596,117.0,117,https://www.senscritique.com/bd/hunter_x_hunter_tome_34/27513418
SensCritique,Manga,Jujutsu Kaisen,12,"Le Drame de Shibuya : Nécromancie - Jujutsu Kaisen, tome 12",7.8,193,83.05369127516778,78.4969117795323,-4.556779495635482,7.440968014304876,76.09060402684564,-6.9630872483221395,143.0,143,https://www.senscritique.com/bd/le_drame_de_shibuya_necromancie_jujutsu_kaisen_tome_12/42698035
SensCritique,Arthur — texte fondateur,Légende arthurienne — textes fondateurs,v. 1250,La Mort du roi Arthur,7.8,125,83.05369127516778,78.4969117795323,-4.556779495635482,7.368306779104673,70.55369127516778,-12.5,176.0,176,https://www.senscritique.com/livre/La_mort_du_roi_Arthur/265306
SensCritique,Manga,My Hero Academia,16,"Red Riot - My Hero Academia, tome 16",7.8,237,83.05369127516778,78.4969117795323,-4.556779495635482,7.476230084328504,79.11073825503355,-3.942953020134226,125.0,125,https://www.senscritique.com/bd/red_riot_my_hero_academia_tome_16/28463756
SensCritique,Manga,My Hero Academia,25,"Tomura Shigaraki : Les Origines - My Hero Academia, tome 25",7.8,186,83.05369127516778,78.4969117795323,-4.556779495635482,7.434637475514281,75.58724832214764,-7.466442953020135,146.0,146,https://www.senscritique.com/bd/tomura_shigaraki_les_origines_my_hero_academia_tome_25/40708398
SensCritique,Manga,My Hero Academia,36,"Deux poings incandescents - My Hero Academia, tome 36",7.8,100,83.05369127516778,78.4969117795323,-4.556779495635482,7.333604751701511,67.53355704697987,-15.520134228187914,194.0,194,https://www.senscritique.com/bd/deux_poings_incandescents_my_hero_academia_tome_36/51287667
SensCritique,Manga,Naruto,10,"Un ninja formidable…!! - Naruto, tome 10",7.8,512,83.05369127516778,78.4969117795323,-4.556779495635482,7.599379084065242,89.01006711409396,5.956375838926178,66.0,66,https://www.senscritique.com/bd/un_ninja_formidable_naruto_tome_10/15110278
SensCritique,Manga,Naruto,15,"Le Répertoire ninpô de Naruto !! - Naruto, tome 15",7.8,468,83.05369127516778,78.4969117795323,-4.556779495635482,7.586378612340456,87.5,4.446308724832221,75.0,75,https://www.senscritique.com/bd/le_repertoire_ninpo_de_naruto_naruto_tome_15/15113768
SensCritique,Manga,Naruto,26,"Séparation…!! - Naruto, tome 26",7.8,425,83.05369127516778,78.4969117795323,-4.556779495635482,7.571935656885488,87.16442953020135,4.110738255033567,77.0,77,https://www.senscritique.com/bd/separation_naruto_tome_26/15121688
SensCritique,Manga,One Piece,100,"Le Fluide royal - One Piece, tome 100",7.8,325,83.05369127516778,78.4969117795323,-4.556779495635482,7.529386339140243,83.47315436241611,0.4194630872483316,99.0,99,https://www.senscritique.com/bd/le_fluide_royal_one_piece_tome_100/44882612
SensCritique,Manga,One Piece,104,"Momonosuké Kozuki, shogun du pays des Wa - One Piece, tome 104",7.8,241,83.05369127516778,78.4969117795323,-4.556779495635482,7.479095304821172,79.61409395973155,-3.439597315436231,122.0,122,https://www.senscritique.com/bd/momonosuke_kozuki_shogun_du_pays_des_wa_one_piece_tome_104/52281472
SensCritique,Manga,One Piece,105,"Le Rêve de Luffy - One Piece, tome 105",7.8,231,83.05369127516778,78.4969117795323,-4.556779495635482,7.471835017599932,78.60738255033557,-4.446308724832207,128.0,128,https://www.senscritique.com/bd/le_reve_de_luffy_one_piece_tome_105/55050723
SensCritique,Manga,One Piece,21,"Utopie - One Piece, tome 21",7.8,673,83.05369127516778,78.4969117795323,-4.556779495635482,7.635917508799966,90.52013422818791,7.466442953020135,57.0,57,https://www.senscritique.com/bd/utopie_one_piece_tome_21/17393529
SensCritique,Manga,One Piece,25,"L'Homme qui valait 100 millions - One Piece, tome 25",7.8,634,83.05369127516778,78.4969117795323,-4.556779495635482,7.628344470744579,89.8489932885906,6.795302013422827,61.0,61,https://www.senscritique.com/bd/l_homme_qui_valait_100_millions_one_piece_tome_25/17393533
SensCritique,Manga,One Piece,34,"Water Seven, la cité sur l'eau - One Piece, tome 34",7.8,562,83.05369127516778,78.4969117795323,-4.556779495635482,7.612355857411603,89.51342281879195,6.459731543624173,63.0,63,https://www.senscritique.com/bd/water_seven_la_cite_sur_l_eau_one_piece_tome_34/226258
SensCritique,Manga,One Piece,55,"Des travs en enfer - One Piece, tome 55",7.8,495,83.05369127516778,78.4969117795323,-4.556779495635482,7.594548268809024,88.33892617449665,5.28523489932887,70.0,70,https://www.senscritique.com/bd/des_travs_en_enfer_one_piece_tome_55/17476652
SensCritique,Manga,One Piece,9,"Larmes - One Piece, tome 9",7.8,768,83.05369127516778,78.4969117795323,-4.556779495635482,7.651839711725404,91.19127516778524,8.137583892617457,53.0,53,https://www.senscritique.com/bd/larmes_one_piece_tome_9/17475253
SensCritique,Fantasy — cycle principal,A Song of Ice and Fire,4,Le Trône de fer — Intégrale 4,7.7,3071,77.3489932885906,60.468381481585546,-16.88061180700506,7.662233722662757,92.19798657718121,14.848993288590606,47.0,47,https://www.senscritique.com/groupe/Le_Trone_de_fer/2845
SensCritique,Manga,Bleach,40,"The Lust - Bleach, tome 40",7.7,119,77.3489932885906,60.468381481585546,-16.88061180700506,7.324397205391424,66.86241610738254,-10.486577181208062,198.0,198,https://www.senscritique.com/bd/the_lust_bleach_tome_40/19601376
SensCritique,Manga,Fullmetal Alchemist,1,"Fullmetal Alchemist, tome 1",7.7,496,77.3489932885906,60.468381481585546,-16.88061180700506,7.524683278329802,82.96979865771812,5.62080536912751,102.0,102,https://www.senscritique.com/bd/fullmetal_alchemist_tome_1/14955031
SensCritique,Manga,Fullmetal Alchemist,2,"Fullmetal Alchemist, tome 2",7.7,459,77.3489932885906,60.468381481585546,-16.88061180700506,7.515001608625626,82.29865771812081,4.949664429530202,106.0,106,https://www.senscritique.com/bd/fullmetal_alchemist_tome_2/12986418
SensCritique,Manga,Fullmetal Alchemist,5,"Fullmetal Alchemist, tome 5",7.7,374,77.3489932885906,60.468381481585546,-16.88061180700506,7.488121500477213,80.28523489932886,2.93624161073825,118.0,118,https://www.senscritique.com/bd/fullmetal_alchemist_tome_5/12986421
SensCritique,Fantasy — cycle principal,Harry Potter,6,Harry Potter et le Prince de Sang-Mêlé,7.7,41835,77.3489932885906,60.468381481585546,-16.88061180700506,7.6970520638771625,94.21140939597315,16.862416107382543,35.0,35,https://www.senscritique.com/groupe/harry_potter/600
SensCritique,Manga,Hunter × Hunter,17,"Trois clans en lutte - Hunter X Hunter, tome 17",7.7,223,77.3489932885906,60.468381481585546,-16.88061180700506,7.414403405021129,73.74161073825503,-3.607382550335572,157.0,157,https://www.senscritique.com/bd/trois_clans_en_lutte_hunter_x_hunter_tome_17/17265192
SensCritique,Manga,Hunter × Hunter,18,"Rencontre fortuite - Hunter X Hunter, tome 18",7.7,220,77.3489932885906,60.468381481585546,-16.88061180700506,7.41241549368717,73.5738255033557,-3.775167785234899,158.0,158,https://www.senscritique.com/bd/rencontre_fortuite_hunter_x_hunter_tome_18/17265266
SensCritique,Manga,Hunter × Hunter,19,"NGL - Hunter X Hunter, tome 19",7.7,209,77.3489932885906,60.468381481585546,-16.88061180700506,7.4048835185218325,72.73489932885906,-4.614093959731548,163.0,163,https://www.senscritique.com/bd/ngl_hunter_x_hunter_tome_19/17265409
SensCritique,Manga,Hunter × Hunter,2,"Bataille dans le brouillard - Hunter x Hunter, tome 2",7.7,343,77.3489932885906,60.468381481585546,-16.88061180700506,7.476265483355903,79.27852348993288,1.9295302013422742,124.0,124,https://www.senscritique.com/bd/bataille_dans_le_brouillard_hunter_x_hunter_tome_2/17255100
SensCritique,Manga,Hunter × Hunter,3,"L'Arrivée - Hunter x Hunter, tome 3",7.7,324,77.3489932885906,60.468381481585546,-16.88061180700506,7.468319771549851,78.43959731543625,1.0906040268456394,129.0,129,https://www.senscritique.com/bd/l_arrivee_hunter_x_hunter_tome_3/17255103
SensCritique,Manga,Hunter × Hunter,4,"Le Dernier Tour ! - Hunter x Hunter, tome 4",7.7,297,77.3489932885906,60.468381481585546,-16.88061180700506,7.456006058620414,77.6006711409396,0.2516778523489904,134.0,134,https://www.senscritique.com/bd/le_dernier_tour_hunter_x_hunter_tome_4/17255104
SensCritique,Manga,Hunter × Hunter,8,"Ouverture des enchères ! - Hunter x Hunter, tome 8",7.7,259,77.3489932885906,60.468381481585546,-16.88061180700506,7.4362788888918505,75.92281879194631,-1.4261744966442933,144.0,144,https://www.senscritique.com/bd/ouverture_des_encheres_hunter_x_hunter_tome_8/17257485
SensCritique,Manga,Jujutsu Kaisen,17,"Parer à toute éventualité - Jujutsu Kaisen, tome 17",7.7,140,77.3489932885906,60.468381481585546,-16.88061180700506,7.346869167462023,68.54026845637584,-8.808724832214764,188.0,188,https://www.senscritique.com/bd/parer_a_toute_eventualite_jujutsu_kaisen_tome_17/45427291
SensCritique,Manga,My Hero Academia,14,"Overhaul - My Hero Academia, tome 14",7.7,246,77.3489932885906,60.468381481585546,-16.88061180700506,7.428776975446762,74.91610738255034,-2.432885906040269,150.0,150,https://www.senscritique.com/bd/overhaul_my_hero_academia_tome_14/27214279
SensCritique,Manga,My Hero Academia,18,"Un avenir radieux - My Hero Academia, tome 18",7.7,213,77.3489932885906,60.468381481585546,-16.88061180700506,7.407667636271627,73.07046979865771,-4.278523489932894,161.0,161,https://www.senscritique.com/bd/un_avenir_radieux_my_hero_academia_tome_18/32060425
SensCritique,Manga,My Hero Academia,32,"The Next - My Hero Academia, tome 32",7.7,136,77.3489932885906,60.468381481585546,-16.88061180700506,7.342798495040836,68.20469798657719,-9.144295302013418,190.0,190,https://www.senscritique.com/bd/the_next_my_hero_academia_tome_32/45429921
SensCritique,Manga,My Hero Academia,33,"De la seconde A au OFA - My Hero Academia, tome 33",7.7,127,77.3489932885906,60.468381481585546,-16.88061180700506,7.333287212364408,67.19798657718121,-10.151006711409394,196.0,196,https://www.senscritique.com/bd/de_la_seconde_a_au_ofa_my_hero_academia_tome_33/46154155
SensCritique,Manga,My Hero Academia,40,"The End of an Era, and... - My Hero Academia, tome 40",7.7,68,77.3489932885906,60.468381481585546,-16.88061180700506,7.255738630032867,61.3255033557047,-16.02348993288591,231.0,231,https://www.senscritique.com/bd/the_end_of_an_era_and_my_hero_academia_tome_40/82379268
SensCritique,Manga,Naruto,43,"Celui qui sait - Naruto, tome 43",7.7,399,77.3489932885906,60.468381481585546,-16.88061180700506,7.496805045539622,80.78859060402685,3.439597315436245,115.0,115,https://www.senscritique.com/bd/celui_qui_sait_naruto_tome_43/15491267
SensCritique,Manga,One Piece,10,"Ok, let's stand up ! - One Piece, tome 10",7.7,769,77.3489932885906,60.468381481585546,-16.88061180700506,7.5735215079379286,87.33221476510067,9.983221476510067,76.0,76,https://www.senscritique.com/bd/ok_let_s_stand_up_one_piece_tome_10/16780873
SensCritique,Manga,One Piece,110,"Les Remous d'une époque - One Piece, tome 110",7.7,152,77.3489932885906,60.468381481585546,-16.88061180700506,7.358542913992204,69.71476510067114,-7.634228187919462,181.0,181,https://www.senscritique.com/bd/les_remous_d_une_epoque_one_piece_tome_110/101714540
SensCritique,Manga,One Piece,20,"Bataille décisive à Alubarna - One Piece, tome 20",7.7,658,77.3489932885906,60.468381481585546,-16.88061180700506,7.557366027363833,86.3255033557047,8.976510067114091,82.0,82,https://www.senscritique.com/bd/bataille_decisive_a_alubarna_one_piece_tome_20/17392766
SensCritique,Manga,One Piece,30,"Capriccio - One Piece, tome 30",7.7,574,77.3489932885906,60.468381481585546,-16.88061180700506,7.542103283795121,85.1510067114094,7.8020134228187885,89.0,89,https://www.senscritique.com/bd/capriccio_one_piece_tome_30/17475526
SensCritique,Manga,One Piece,31,"Nous sommes là - One Piece, tome 31",7.7,597,77.3489932885906,60.468381481585546,-16.88061180700506,7.546597868538576,85.48657718120805,8.137583892617442,87.0,87,https://www.senscritique.com/bd/nous_sommes_la_one_piece_tome_31/357231
SensCritique,Manga,One Piece,53,"Le Tempérament d'un roi - One Piece, tome 53",7.7,500,77.3489932885906,60.468381481585546,-16.88061180700506,7.525669589000239,83.13758389261746,5.788590604026851,101.0,101,https://www.senscritique.com/bd/le_temperament_d_un_roi_one_piece_tome_53/17476646
SensCritique,Manga,One Piece,71,"Le Colisée de tous les dangers - One Piece, tome 71",7.7,452,77.3489932885906,60.468381481585546,-16.88061180700506,7.513048382774012,81.96308724832215,4.614093959731548,108.0,108,https://www.senscritique.com/bd/le_colisee_de_tous_les_dangers_one_piece_tome_71/15796155
SensCritique,Manga,One Piece,73,"L'Opération Dressrosa S.O.P. - One Piece, tome 73",7.7,465,77.3489932885906,60.468381481585546,-16.88061180700506,7.516643606182205,82.63422818791946,5.285234899328856,104.0,104,https://www.senscritique.com/bd/l_operation_dressrosa_s_o_p_one_piece_tome_73/15796182
SensCritique,Manga,One Piece,75,"Ma gratitude - One Piece, tome 75",7.7,460,77.3489932885906,60.468381481585546,-16.88061180700506,7.515277314126931,82.46644295302013,5.117449664429529,105.0,105,https://www.senscritique.com/bd/ma_gratitude_one_piece_tome_75/15796217
SensCritique,Manga,One Piece,76,"Poursuis ta route ! - One Piece, tome 76",7.7,473,77.3489932885906,60.468381481585546,-16.88061180700506,7.518788125408143,82.80201342281879,5.453020134228183,103.0,103,https://www.senscritique.com/bd/poursuis_ta_route_one_piece_tome_76/17311836
SensCritique,Manga,One Piece,77,"Smile - One Piece, tome 77",7.7,504,77.3489932885906,60.468381481585546,-16.88061180700506,7.526644864026811,83.30536912751678,5.956375838926178,100.0,100,https://www.senscritique.com/bd/smile_one_piece_tome_77/17468815
SensCritique,Manga,One Piece,80,"Vers une bataille sans précédent - One Piece, tome 80",7.7,442,77.3489932885906,60.468381481585546,-16.88061180700506,7.5101854177322664,81.79530201342281,4.446308724832207,109.0,109,https://www.senscritique.com/bd/vers_une_bataille_sans_precedent_one_piece_tome_80/23050179
SensCritique,Manga,One Piece,84,"Luffy versus Sanji - One Piece, tome 84",7.7,420,77.3489932885906,60.468381481585546,-16.88061180700506,7.503567476670635,81.45973154362416,4.110738255033553,111.0,111,https://www.senscritique.com/bd/luffy_versus_sanji_one_piece_tome_84/24259293
SensCritique,Manga,One Piece,86,"Opération Régicide - One Piece, tome 86",7.7,414,77.3489932885906,60.468381481585546,-16.88061180700506,7.501681724446671,81.1241610738255,3.775167785234899,113.0,113,https://www.senscritique.com/bd/operation_regicide_one_piece_tome_86/26324557
SensCritique,Manga,One Piece,95,"L'Aventure d'Oden - One Piece, tome 95",7.7,364,77.3489932885906,60.468381481585546,-16.88061180700506,7.484436657007252,80.11744966442953,2.768456375838923,119.0,119,https://www.senscritique.com/bd/l_aventure_d_oden_one_piece_tome_95/40976621
SensCritique,Manga,One Piece,99,"Luffy au chapeau de paille - One Piece, tome 99",7.7,307,77.3489932885906,60.468381481585546,-16.88061180700506,7.460716366369054,77.93624161073825,0.5872483221476443,132.0,132,https://www.senscritique.com/bd/luffy_au_chapeau_de_paille_one_piece_tome_99/44863391
SensCritique,Fantasy — cycle principal,Harry Potter,1,Harry Potter à l'école des sorciers,7.6,120443,71.64429530201342,41.269847828494264,-30.374447473519155,7.599147571384116,88.84228187919463,17.19798657718121,67.0,67,https://www.senscritique.com/groupe/harry_potter/600
SensCritique,Fantasy — cycle principal,Harry Potter,5,Harry Potter et l'ordre du phénix,7.6,43582,71.64429530201342,41.269847828494264,-30.374447473519155,7.5976514757559235,88.50671140939598,16.862416107382558,69.0,69,https://www.senscritique.com/groupe/harry_potter/600
SensCritique,Manga,Hunter × Hunter,1,"Le Jour du départ - Hunter X Hunter, tome 1",7.6,401,71.64429530201342,41.269847828494264,-30.374447473519155,7.43194620552152,75.41946308724832,3.775167785234899,147.0,147,https://www.senscritique.com/bd/le_jour_du_depart_hunter_x_hunter_tome_1/17255099
SensCritique,Manga,Hunter × Hunter,15,"Progrès rapides - Hunter X Hunter, tome 15",7.6,225,71.64429530201342,41.269847828494264,-30.374447473519155,7.3641079765577295,70.0503355704698,-1.5939597315436203,179.0,179,https://www.senscritique.com/bd/progres_rapides_hunter_x_hunter_tome_15/17265034
SensCritique,Manga,Hunter × Hunter,24,"Hunter X Hunter, tome 24",7.6,211,71.64429530201342,41.269847828494264,-30.374447473519155,7.356282174832156,69.54697986577182,-2.097315436241601,182.0,182,https://www.senscritique.com/bd/hunter_x_hunter_tome_24/17265643
SensCritique,Manga,Hunter × Hunter,25,"Hunter X Hunter, tome 25",7.6,207,71.64429530201342,41.269847828494264,-30.374447473519155,7.353949946840119,69.21140939597315,-2.432885906040269,184.0,184,https://www.senscritique.com/bd/hunter_x_hunter_tome_25/17265671
SensCritique,Manga,Hunter × Hunter,26,"Hunter X Hunter, tome 26",7.6,209,71.64429530201342,41.269847828494264,-30.374447473519155,7.355121613759929,69.37919463087249,-2.265100671140928,183.0,183,https://www.senscritique.com/bd/hunter_x_hunter_tome_26/17265684
SensCritique,Manga,Hunter × Hunter,30,"Hunter X Hunter, tome 30",7.6,203,71.64429530201342,41.269847828494264,-30.374447473519155,7.351572651640506,69.04362416107382,-2.600671140939596,185.0,185,https://www.senscritique.com/bd/hunter_x_hunter_tome_30/17265956
SensCritique,Manga,Hunter × Hunter,7,"Ça ne fait que commencer - Hunter x Hunter, tome 7",7.6,264,71.64429530201342,41.269847828494264,-30.374447473519155,7.383475953219305,71.89597315436242,0.25167785234900464,168.0,168,https://www.senscritique.com/bd/ca_ne_fait_que_commencer_hunter_x_hunter_tome_7/17257484
SensCritique,Arthur — texte fondateur,Légende arthurienne — textes fondateurs,v. 1230,La Quête du Saint-Graal,7.6,32,71.64429530201342,41.269847828494264,-30.374447473519155,7.176753406498642,53.439597315436245,-18.204697986577173,278.0,278,https://www.senscritique.com/livre/la_quete_du_saint_graal/425611
SensCritique,Manga,My Hero Academia,24,"All It Takes Is One Bad Day - My Hero Academia, tome 24",7.6,185,71.64429530201342,41.269847828494264,-30.374447473519155,7.340280499442348,68.03691275167785,-3.607382550335572,191.0,191,https://www.senscritique.com/bd/all_it_takes_is_one_bad_day_my_hero_academia_tome_24/39758925
SensCritique,Manga,My Hero Academia,31,"Izuku Midoriya et Toshinori Yagi - My Hero Academia, tome 31",7.6,133,71.64429530201342,41.269847828494264,-30.374447473519155,7.301020574939447,64.51342281879195,-7.1308724832214665,212.0,212,https://www.senscritique.com/bd/izuku_midoriya_et_toshinori_yagi_my_hero_academia_tome_31/45244515
SensCritique,Manga,My Hero Academia,34,"America - My Hero Academia, tome 34",7.6,117,71.64429530201342,41.269847828494264,-30.374447473519155,7.286436212741371,63.6744966442953,-7.9697986577181155,217.0,217,https://www.senscritique.com/bd/america_my_hero_academia_tome_34/47497514
SensCritique,Manga,My Hero Academia,37,"Défenseurs et attaquants - My Hero Academia, tome 37",7.6,93,71.64429530201342,41.269847828494264,-30.374447473519155,7.261681176905164,62.5,-9.144295302013418,224.0,224,https://www.senscritique.com/bd/defenseurs_et_attaquants_my_hero_academia_tome_37/54703332
SensCritique,Manga,My Hero Academia,41,"Overlay - My Hero Academia, tome 41",7.6,65,71.64429530201342,41.269847828494264,-30.374447473519155,7.227358977460761,56.79530201342282,-14.848993288590599,258.0,258,https://www.senscritique.com/bd/overlay_my_hero_academia_tome_41/96350690
SensCritique,Manga,My Hero Academia,9,"My Hero - My Hero Academia, tome 9",7.6,361,71.64429530201342,41.269847828494264,-30.374447473519155,7.420194191921626,74.58053691275168,2.9362416107382643,152.0,152,https://www.senscritique.com/bd/my_hero_my_hero_academia_tome_9/22195665
SensCritique,Manga,Naruto,27,"Le Jour du départ !! - Naruto, tome 27",7.6,436,71.64429530201342,41.269847828494264,-30.374447473519155,7.441037214496398,76.25838926174497,4.614093959731548,142.0,142,https://www.senscritique.com/bd/le_jour_du_depart_naruto_tome_27/15121709
SensCritique,Manga,Naruto,4,"Le Pont des héros ? - Naruto, tome 4",7.6,622,71.64429530201342,41.269847828494264,-30.374447473519155,7.476531906097442,79.44630872483222,7.802013422818803,123.0,123,https://www.senscritique.com/bd/le_pont_des_heros_naruto_tome_4/13019808
SensCritique,Manga,Naruto,42,"Le Secret du Kaléidoscope Hypnotique… !! - Naruto, tome 42",7.6,387,71.64429530201342,41.269847828494264,-30.374447473519155,7.42801183575112,74.74832214765101,3.1040268456375912,151.0,151,https://www.senscritique.com/bd/le_secret_du_kaleidoscope_hypnotique_naruto_tome_42/15491266
SensCritique,Manga,Naruto,47,"Le Sceau brisé !! - Naruto, tome 47",7.6,360,71.64429530201342,41.269847828494264,-30.374447473519155,7.419879295585237,74.41275167785236,2.7684563758389373,153.0,153,https://www.senscritique.com/bd/le_sceau_brise_naruto_tome_47/16066598
SensCritique,Manga,One Piece,108,"Un monde dans lequel mieux vaut mourir - One Piece, tome 108",7.6,178,71.64429530201342,41.269847828494264,-30.374447473519155,7.335606883751079,67.70134228187919,-3.942953020134226,193.0,193,https://www.senscritique.com/bd/un_monde_dans_lequel_mieux_vaut_mourir_one_piece_tome_108/78299658
SensCritique,Manga,One Piece,11,"Le Plus Grand Bandit d'East Blue - One Piece, tome 11",7.6,727,71.64429530201342,41.269847828494264,-30.374447473519155,7.4903529613850415,80.62080536912751,8.976510067114091,116.0,116,https://www.senscritique.com/bd/le_plus_grand_bandit_d_east_blue_one_piece_tome_11/17475301
SensCritique,Manga,One Piece,16,"Successeurs - One Piece, tome 16",7.6,672,71.64429530201342,41.269847828494264,-30.374447473519155,7.48352330439317,79.78187919463087,8.137583892617457,121.0,121,https://www.senscritique.com/bd/successeurs_one_piece_tome_16/17475338
SensCritique,Manga,One Piece,18,"Ace entre en scène - One Piece, tome 18",7.6,677,71.64429530201342,41.269847828494264,-30.374447473519155,7.484179141643208,79.9496644295302,8.305369127516784,120.0,120,https://www.senscritique.com/bd/ace_entre_en_scene_one_piece_tome_18/17393530
SensCritique,Manga,One Piece,50,"De nouveau face au mur - One Piece, tome 50",7.6,505,71.64429530201342,41.269847828494264,-30.374447473519155,7.4563562538815225,77.76845637583892,6.124161073825505,133.0,133,https://www.senscritique.com/bd/de_nouveau_face_au_mur_one_piece_tome_50/17476633
SensCritique,Manga,One Piece,72,"Les Oubliés de Dressrosa - One Piece, tome 72",7.6,456,71.64429530201342,41.269847828494264,-30.374447473519155,7.445803714811349,76.76174496644295,5.117449664429529,139.0,139,https://www.senscritique.com/bd/les_oublies_de_dressrosa_one_piece_tome_72/15796170
SensCritique,Manga,One Piece,74,"Je serai toujours à tes côtés - One Piece, tome 74",7.6,463,71.64429530201342,41.269847828494264,-30.374447473519155,7.4474051599097475,77.09731543624162,5.453020134228197,137.0,137,https://www.senscritique.com/bd/je_serai_toujours_a_tes_cotes_one_piece_tome_74/15796201
SensCritique,Manga,One Piece,82,"Un monde en pleine agitation - One Piece, tome 82",7.6,444,71.64429530201342,41.269847828494264,-30.374447473519155,7.442978744701023,76.59395973154362,4.949664429530202,140.0,140,https://www.senscritique.com/bd/un_monde_en_pleine_agitation_one_piece_tome_82/21710517
SensCritique,Manga,One Piece,85,"Menteur - One Piece, tome 85",7.6,396,71.64429530201342,41.269847828494264,-30.374447473519155,7.430561907379192,75.08389261744966,3.439597315436245,149.0,149,https://www.senscritique.com/bd/menteur_one_piece_tome_85/25189017
SensCritique,Manga,One Piece,91,"Aventure au pays des samouraïs - One Piece, tome 91",7.6,397,71.64429530201342,41.269847828494264,-30.374447473519155,7.430840588452581,75.25167785234899,3.607382550335572,148.0,148,https://www.senscritique.com/bd/aventure_au_pays_des_samourais_one_piece_tome_91/38386619
SensCritique,Manga,One Piece,97,"Ma bible - One Piece, tome 97",7.6,344,71.64429530201342,41.269847828494264,-30.374447473519155,7.414686626629135,74.07718120805369,2.432885906040269,155.0,155,https://www.senscritique.com/bd/ma_bible_one_piece_tome_97/42861159
SensCritique,Fantasy — cycle principal,The Witcher,2,Le Temps du mépris,7.6,1414,71.64429530201342,41.269847828494264,-30.374447473519155,7.536708355556413,84.31208053691275,12.667785234899327,94.0,94,https://www.senscritique.com/groupe/Sorceleur/3026
SensCritique,Manga,Bleach,45,"The Burnout Inferno - Bleach, tome 45",7.5,116,66.35906040268456,25.559424898477953,-40.799635504206606,7.250003295960764,59.647651006711406,-6.711409395973156,241.0,241,https://www.senscritique.com/bd/the_burnout_inferno_bleach_tome_45/19601416
SensCritique,Manga,Hunter × Hunter,14,"Les Secrets de l'île - Hunter X Hunter, tome 14",7.5,229,66.35906040268456,25.559424898477953,-40.799635504206606,7.3142069949526585,65.85570469798658,-0.5033557046979809,204.0,204,https://www.senscritique.com/bd/les_secrets_de_l_ile_hunter_x_hunter_tome_14/17264963
SensCritique,Manga,Hunter × Hunter,21,"Retrouvailles - Hunter X Hunter, tome 21",7.5,208,66.35906040268456,25.559424898477953,-40.799635504206606,7.304895173697303,64.8489932885906,-1.5100671140939568,210.0,210,https://www.senscritique.com/bd/retrouvailles_hunter_x_hunter_tome_21/17265527
SensCritique,Manga,Hunter × Hunter,22,"Hunter X Hunter, tome 22",7.5,204,66.35906040268456,25.559424898477953,-40.799635504206606,7.303014645251012,64.68120805369128,-1.6778523489932837,211.0,211,https://www.senscritique.com/bd/hunter_x_hunter_tome_22/17265590
SensCritique,Manga,Jujutsu Kaisen,8,"Trésor caché - Jujutsu Kaisen, tome 8",7.5,218,66.35906040268456,25.559424898477953,-40.799635504206606,7.309443071746317,65.35234899328859,-1.006711409395976,207.0,207,https://www.senscritique.com/bd/tresor_cache_jujutsu_kaisen_tome_8/41191243
SensCritique,Manga,Magi,5,"Magi : The Labyrinth of Magic, tome 5",7.5,24,66.35906040268456,25.559424898477953,-40.799635504206606,7.152132245868808,49.580536912751676,-16.778523489932887,301.0,301,https://www.senscritique.com/bd/magi_the_labyrinth_of_magic_tome_5/17931383
SensCritique,Manga,My Hero Academia,15,"Lutte contre le destin - My Hero Academia, tome 15",7.5,235,66.35906040268456,25.559424898477953,-40.799635504206606,7.316706452419663,66.02348993288591,-0.3355704697986539,203.0,203,https://www.senscritique.com/bd/lutte_contre_le_destin_my_hero_academia_tome_15/27279646
SensCritique,Manga,My Hero Academia,35,"Battle Flame - My Hero Academia, tome 35",7.5,104,66.35906040268456,25.559424898477953,-40.799635504206606,7.2404796119973645,58.47315436241611,-7.885906040268452,248.0,248,https://www.senscritique.com/bd/battle_flame_my_hero_academia_tome_35/48208266
SensCritique,Manga,My Hero Academia,5,"Shoto Todoroki : Les Origines - My Hero Academia, tome 5",7.5,432,66.35906040268456,25.559424898477953,-40.799635504206606,7.372863262487046,70.88926174496645,4.5302013422818845,174.0,174,https://www.senscritique.com/bd/shoto_todoroki_les_origines_my_hero_academia_tome_5/21409761
SensCritique,Manga,My Hero Academia,6,"Frémissements - My Hero Academia, tome 6",7.5,409,66.35906040268456,25.559424898477953,-40.799635504206606,7.368146899643823,70.38590604026845,4.0268456375838895,177.0,177,https://www.senscritique.com/bd/fremissements_my_hero_academia_tome_6/21418000
SensCritique,Manga,Naruto,12,"L’oiseau s’est envolé !! - Naruto, tome 12",7.5,476,66.35906040268456,25.559424898477953,-40.799635504206606,7.38100593563198,71.56040268456375,5.201342281879192,170.0,170,https://www.senscritique.com/bd/loiseau_sest_envole_naruto_tome_12/15111816
SensCritique,Manga,Naruto,13,"La Fin de l’examen…!! - Naruto, tome 13",7.5,478,66.35906040268456,25.559424898477953,-40.799635504206606,7.381351346559028,71.72818791946308,5.369127516778519,169.0,169,https://www.senscritique.com/bd/la_fin_de_lexamen_naruto_tome_13/15112501
SensCritique,Manga,Naruto,19,"Le Successeur - Naruto, tome 19",7.5,459,66.35906040268456,25.559424898477953,-40.799635504206606,7.377986683252493,71.2248322147651,4.865771812080538,172.0,172,https://www.senscritique.com/bd/le_successeur_naruto_tome_19/15121105
SensCritique,Manga,Naruto,9,"Neji et Hinata - Naruto, tome 9",7.5,516,66.35906040268456,25.559424898477953,-40.799635504206606,7.3875530643454885,72.23154362416108,5.872483221476514,166.0,166,https://www.senscritique.com/bd/neji_et_hinata_naruto_tome_9/16638079
SensCritique,Manga,One Piece,1,"À l'Aube d'une grande aventure - One Piece, tome 1",7.5,1318,66.35906040268456,25.559424898477953,-40.799635504206606,7.446534387036737,76.92953020134229,10.570469798657726,138.0,138,https://www.senscritique.com/bd/a_l_aube_d_une_grande_aventure_one_piece_tome_1/11576617
SensCritique,Manga,One Piece,101,"Place aux têtes d'affiche - One Piece, tome 101",7.5,280,66.35906040268456,25.559424898477953,-40.799635504206606,7.333505250059409,67.36577181208054,1.006711409395976,195.0,195,https://www.senscritique.com/bd/place_aux_tetes_d_affiche_one_piece_tome_101/45492118
SensCritique,Manga,One Piece,102,"Un moment décisif - One Piece, tome 102",7.5,249,66.35906040268456,25.559424898477953,-40.799635504206606,7.322284951693848,66.35906040268456,0.0,201.0,201,https://www.senscritique.com/bd/un_moment_decisif_one_piece_tome_102/46655924
SensCritique,Manga,One Piece,112,"Haley - One Piece, tome 112",7.5,120,66.35906040268456,25.559424898477953,-40.799635504206606,7.253024404166677,60.486577181208055,-5.872483221476507,236.0,236,https://www.senscritique.com/bd/haley_one_piece_tome_112/116714949
SensCritique,Manga,One Piece,113,"La Naissance de Loki - One Piece, tome 113",7.5,58,66.35906040268456,25.559424898477953,-40.799635504206606,7.196100660889107,55.285234899328856,-11.073825503355707,267.0,267,https://www.senscritique.com/bd/la_naissance_de_loki_one_piece_tome_113/127695530
SensCritique,Manga,One Piece,12,"Et ainsi débuta la légende - One Piece, tome 12",7.5,745,66.35906040268456,25.559424898477953,-40.799635504206606,7.414488575082814,73.90939597315436,7.550335570469798,156.0,156,https://www.senscritique.com/bd/et_ainsi_debuta_la_legende_one_piece_tome_12/17392707
SensCritique,Manga,One Piece,19,"Rébellion - One Piece, tome 19",7.5,672,66.35906040268456,25.559424898477953,-40.799635504206606,7.407419114132696,72.90268456375838,6.543624161073822,162.0,162,https://www.senscritique.com/bd/rebellion_one_piece_tome_19/17392805
SensCritique,Manga,One Piece,32,"Love Song - One Piece, tome 32",7.5,588,66.35906040268456,25.559424898477953,-40.799635504206606,7.397685954667297,72.3993288590604,6.040268456375841,165.0,165,https://www.senscritique.com/bd/love_song_one_piece_tome_32/12742
SensCritique,Manga,One Piece,49,"Nightmare Luffy - One Piece, tome 49",7.5,503,66.35906040268456,25.559424898477953,-40.799635504206606,7.385505711175309,72.06375838926175,5.704697986577187,167.0,167,https://www.senscritique.com/bd/nightmare_luffy_one_piece_tome_49/17476631
SensCritique,Manga,One Piece,70,"Doflamingo sort de l'ombre - One piece, tome 70",7.5,450,66.35906040268456,25.559424898477953,-40.799635504206606,7.37632538241932,71.05704697986577,4.6979865771812115,173.0,173,https://www.senscritique.com/bd/doflamingo_sort_de_l_ombre_one_piece_tome_70/15796131
SensCritique,Manga,One Piece,81,"À la rencontre de Maître Chavipère - One Piece, tome 81",7.5,465,66.35906040268456,25.559424898477953,-40.799635504206606,7.379069641685163,71.39261744966443,5.033557046979865,171.0,171,https://www.senscritique.com/bd/a_la_rencontre_de_maitre_chavipere_one_piece_tome_81/23518173
SensCritique,Manga,One Piece,87,"Impitoyable - One Piece, tome 87",7.5,405,66.35906040268456,25.559424898477953,-40.799635504206606,7.3672907106804715,70.21812080536913,3.8590604026845625,178.0,178,https://www.senscritique.com/bd/impitoyable_one_piece_tome_87/28305267
SensCritique,Manga,One Piece,88,"Lionne - One Piece, tome 88",7.5,388,66.35906040268456,25.559424898477953,-40.799635504206606,7.363524336860051,69.88255033557047,3.5234899328859086,180.0,180,https://www.senscritique.com/bd/lionne_one_piece_tome_88/30535729
SensCritique,Manga,One Piece,98,"Les Neuf Rônins - One Piece, tome 98",7.5,324,66.35906040268456,25.559424898477953,-40.799635504206606,7.3471982762227475,68.70805369127517,2.3489932885906057,187.0,187,https://www.senscritique.com/bd/les_neuf_ronins_one_piece_tome_98/43812985
SensCritique,Fantasy — cycle principal,The Witcher,0.2,L'Épée de la providence,7.5,1970,66.35906040268456,25.559424898477953,-40.799635504206606,7.462517688115163,78.10402684563758,11.744966442953015,131.0,131,https://www.senscritique.com/groupe/Sorceleur/3026
SensCritique,Fantasy — cycle principal,The Witcher,3,Le Baptême du feu,7.5,1204,66.35906040268456,25.559424898477953,-40.799635504206606,7.442226910091287,76.4261744966443,10.06711409395973,141.0,141,https://www.senscritique.com/groupe/Sorceleur/3026
SensCritique,Fantasy — cycle principal,The Witcher,4,La Tour de l'hirondelle,7.5,1053,66.35906040268456,25.559424898477953,-40.799635504206606,7.435325219762002,75.75503355704699,9.395973154362423,145.0,145,https://www.senscritique.com/groupe/Sorceleur/3026
SensCritique,Manga,Bleach,12,"Flower on the Precipice - Bleach, tome 12",7.4,171,61.15771812080537,18.663611226346646,-42.494106894458724,7.241233187903586,58.808724832214764,-2.3489932885906057,246.0,246,https://www.senscritique.com/bd/flower_on_the_precipice_bleach_tome_12/17772148
SensCritique,Manga,Bleach,17,"Rosa Rubicundior, Lilio Candidior - Bleach, tome 17",7.4,161,61.15771812080537,18.663611226346646,-42.494106894458724,7.236965262847232,57.80201342281879,-3.3557046979865817,252.0,252,https://www.senscritique.com/bd/rosa_rubicundior_lilio_candidior_bleach_tome_17/17954943
SensCritique,Manga,Bleach,18,"The Deathberry Returns - Bleach, tome 18",7.4,157,61.15771812080537,18.663611226346646,-42.494106894458724,7.235193146139048,57.466442953020135,-3.6912751677852356,254.0,254,https://www.senscritique.com/bd/the_deathberry_returns_bleach_tome_18/17954973
SensCritique,Fantasy — cycle principal,Harry Potter,2,Harry Potter et la chambre des secrets,7.4,56842,61.15771812080537,18.663611226346646,-42.494106894458724,7.39893697225,72.56711409395973,11.40939597315436,164.0,164,https://www.senscritique.com/groupe/harry_potter/600
SensCritique,Manga,Hunter × Hunter,23,"Hunter X Hunter, tome 23",7.4,211,61.15771812080537,18.663611226346646,-42.494106894458724,7.256282174832156,61.493288590604024,0.3355704697986539,230.0,230,https://www.senscritique.com/bd/hunter_x_hunter_tome_23/17265627
SensCritique,Manga,Hunter × Hunter,31,"Hunter X Hunter, tome 31",7.4,195,61.15771812080537,18.663611226346646,-42.494106894458724,7.2506184181752955,60.151006711409394,-1.006711409395976,238.0,238,https://www.senscritique.com/bd/hunter_x_hunter_tome_31/17265959
SensCritique,Manga,Hunter × Hunter,32,"Hunter X Hunter, tome 32",7.4,221,61.15771812080537,18.663611226346646,-42.494106894458724,7.2596089763406715,62.16442953020134,1.0067114093959688,226.0,226,https://www.senscritique.com/bd/hunter_x_hunter_tome_32/17265986
SensCritique,Manga,Hunter × Hunter,35,"Hunter X Hunter, tome 35",7.4,182,61.15771812080537,18.663611226346646,-42.494106894458724,7.245677042695088,59.144295302013425,-2.0134228187919447,244.0,244,https://www.senscritique.com/bd/hunter_x_hunter_tome_35/30683474
SensCritique,Manga,Hunter × Hunter,5,"Jin Freecss - Hunter x Hunter, tome 5",7.4,292,61.15771812080537,18.663611226346646,-42.494106894458724,7.27942560194666,63.171140939597315,2.0134228187919447,220.0,220,https://www.senscritique.com/bd/jin_freecss_hunter_x_hunter_tome_5/17257481
SensCritique,Manga,Hunter × Hunter,6,"La Condition d'Hisoka - Hunter x Hunter, tome 6",7.4,279,61.15771812080537,18.663611226346646,-42.494106894458724,7.276226689345244,62.83557046979866,1.6778523489932908,222.0,222,https://www.senscritique.com/bd/la_condition_d_hisoka_hunter_x_hunter_tome_6/17257483
SensCritique,Manga,Jujutsu Kaisen,6,"Rayon noir - Jujutsu Kaisen, tome 6",7.4,225,61.15771812080537,18.663611226346646,-42.494106894458724,7.260896967383418,62.33221476510067,1.1744966442953029,225.0,225,https://www.senscritique.com/bd/rayon_noir_jujutsu_kaisen_tome_6/39805049
SensCritique,Arthur — texte fondateur,Légende arthurienne — textes fondateurs,v. 1136,Histoire des rois de Bretagne,7.4,21,61.15771812080537,18.663611226346646,-42.494106894458724,7.138582231806767,48.07046979865772,-13.087248322147651,310.0,310,https://www.senscritique.com/livre/histoire_des_rois_de_bretagne/114941
SensCritique,Manga,My Hero Academia,13,"On va causer de ton alter ! - My Hero Academia, tome 13",7.4,284,61.15771812080537,18.663611226346646,-42.494106894458724,7.277476924806404,63.00335570469799,1.8456375838926178,221.0,221,https://www.senscritique.com/bd/On_va_causer_de_ton_alter_My_Hero_Academia_tome_13/27214275
SensCritique,Manga,My Hero Academia,21,"L'Étoffe des héros - My Hero Academia, tome 21",7.4,208,61.15771812080537,18.663611226346646,-42.494106894458724,7.255253168924034,60.98993288590604,-0.16778523489932695,233.0,233,https://www.senscritique.com/bd/l_etoffe_des_heros_my_hero_academia_tome_21/38376615
SensCritique,Manga,My Hero Academia,39,"Un combat sans alter - My Hero Academia, tome 39",7.4,76,61.15771812080537,18.663611226346646,-42.494106894458724,7.188679713516271,54.781879194630875,-6.375838926174495,270.0,270,https://www.senscritique.com/bd/un_combat_sans_alter_my_hero_academia_tome_39/61894132
SensCritique,Manga,My Hero Academia,42,"La cavalerie est là - My Hero Academia, tome 42",7.4,60,61.15771812080537,18.663611226346646,-42.494106894458724,7.176203239037528,53.104026845637584,-8.053691275167786,280.0,280,https://www.senscritique.com/bd/la_cavalerie_est_la_my_hero_academia_tome_42/103641731
SensCritique,Manga,Naruto,14,"Hokage contre Hokage !! - Naruto, tome 14",7.4,460,61.15771812080537,18.663611226346646,-42.494106894458724,7.309614124857184,65.52013422818791,4.362416107382543,206.0,206,https://www.senscritique.com/bd/hokage_contre_hokage_naruto_tome_14/15113098
SensCritique,Manga,Naruto,16,"La Bataille de Konoha, dernier acte !! - Naruto, tome 16",7.4,451,61.15771812080537,18.663611226346646,-42.494106894458724,7.3083853138658155,65.18456375838926,4.0268456375838895,208.0,208,https://www.senscritique.com/bd/la_bataille_de_konoha_dernier_acte_naruto_tome_16/15115061
SensCritique,Manga,Naruto,46,"Le Retour de Naruto !! - Naruto, tome 46",7.4,367,61.15771812080537,18.663611226346646,-42.494106894458724,7.295071068822093,64.17785234899328,3.0201342281879135,214.0,214,https://www.senscritique.com/bd/le_retour_de_naruto_naruto_tome_46/16066596
SensCritique,Manga,Naruto,5,"Les Rivaux ! - Naruto, tome 5",7.4,581,61.15771812080537,18.663611226346646,-42.494106894458724,7.323423078004002,66.69463087248322,5.536912751677846,199.0,199,https://www.senscritique.com/bd/les_rivaux_naruto_tome_5/13019810
SensCritique,Manga,Naruto,8,"Au péril de sa vie !! - Naruto, tome 8",7.4,519,61.15771812080537,18.663611226346646,-42.494106894458724,7.316919284629001,66.19127516778524,5.033557046979865,202.0,202,https://www.senscritique.com/bd/au_peril_de_sa_vie_naruto_tome_8/15108981
SensCritique,Manga,One Piece,106,"Le Rêve d'un génie - One Piece, tome 106",7.4,214,61.15771812080537,18.663611226346646,-42.494106894458724,7.257296653598047,61.66107382550336,0.503355704697988,229.0,229,https://www.senscritique.com/bd/le_reve_d_un_genie_one_piece_tome_106/56406321
SensCritique,Manga,One Piece,111,"Aventure à Elbaph - One Piece, tome 111",7.4,136,61.15771812080537,18.663611226346646,-42.494106894458724,7.225219244320375,56.62751677852349,-4.530201342281877,259.0,259,https://www.senscritique.com/bd/aventure_a_elbaph_one_piece_tome_111/107077714
SensCritique,Manga,One Piece,24,"Croire en ses rêves - One Piece, tome 24",7.4,636,61.15771812080537,18.663611226346646,-42.494106894458724,7.32839560540634,67.03020134228188,5.872483221476514,197.0,197,https://www.senscritique.com/bd/croire_en_ses_reves_one_piece_tome_24/17392593
SensCritique,Manga,One Piece,6,"Le Serment - One Piece, tome 6",7.4,876,61.15771812080537,18.663611226346646,-42.494106894458724,7.3442052233479025,68.37248322147651,7.214765100671144,189.0,189,https://www.senscritique.com/bd/le_serment_one_piece_tome_6/15796047
SensCritique,Manga,One Piece,69,"SAD - One Piece, tome 69",7.4,447,61.15771812080537,18.663611226346646,-42.494106894458724,7.307828385682629,65.01677852348993,3.8590604026845625,209.0,209,https://www.senscritique.com/bd/sad_one_piece_tome_69/17476738
SensCritique,Manga,One Piece,8,"""Je ne mourrai pas !"" - One Piece, tome 8",7.4,773,61.15771812080537,18.663611226346646,-42.494106894458724,7.338364916442247,67.86912751677852,6.711409395973149,192.0,192,https://www.senscritique.com/bd/je_ne_mourrai_pas_one_piece_tome_8/15796095
SensCritique,Manga,One Piece,92,"La Grande Courtisane Komurasaki - One Piece, tome 92",7.4,363,61.15771812080537,18.663611226346646,-42.494106894458724,7.294339856758136,64.01006711409396,2.8523489932885866,215.0,215,https://www.senscritique.com/bd/la_grande_courtisane_komurasaki_one_piece_tome_92/38953059
SensCritique,Manga,One Piece,94,"Les Rêves des guerriers - One Piece, tome 94",7.4,371,61.15771812080537,18.663611226346646,-42.494106894458724,7.295792229861116,64.34563758389261,3.1879194630872405,213.0,213,https://www.senscritique.com/bd/les_reves_des_guerriers_one_piece_tome_94/40359519
SensCritique,Fantasy — cycle principal,The Witcher,1,Le Sang des elfes,7.4,1786,61.15771812080537,18.663611226346646,-42.494106894458724,7.369629983865384,70.72147651006712,9.56375838926175,175.0,175,https://www.senscritique.com/groupe/Sorceleur/3026
SensCritique,Fantasy — cycle principal,The Witcher,5,La Dame du lac,7.4,980,61.15771812080537,18.663611226346646,-42.494106894458724,7.349077311317523,68.8758389261745,7.718120805369125,186.0,186,https://www.senscritique.com/groupe/Sorceleur/3026
SensCritique,Manga,Bleach,11,"A Star and a Stray Dog - Bleach, tome 11",7.3,173,56.04026845637584,11.571034029098854,-44.46923442727699,7.197008015049922,55.45302013422819,-0.5872483221476514,266.0,266,https://www.senscritique.com/bd/a_star_and_a_stray_dog_bleach_tome_11/17771486
SensCritique,Manga,Bleach,16,"Night of Wijnruit - Bleach, tome 16",7.3,163,56.04026845637584,11.571034029098854,-44.46923442727699,7.194254218660882,55.11744966442953,-0.9228187919463124,268.0,268,https://www.senscritique.com/bd/night_of_wijnruit_bleach_tome_16/17954881
SensCritique,Manga,Bleach,32,"Howling - Bleach, tome 32",7.3,126,56.04026845637584,11.571034029098854,-44.46923442727699,7.1826441477126695,54.11073825503356,-1.9295302013422813,274.0,274,https://www.senscritique.com/bd/howling_bleach_tome_32/19574745
SensCritique,Manga,Demon Slayer,11,"Demon Slayer, tome 11",7.3,198,56.04026845637584,11.571034029098854,-44.46923442727699,7.203303368653227,55.62080536912752,-0.4194630872483245,265.0,265,https://www.senscritique.com/bd/demon_slayer_tome_11/38808492
SensCritique,Manga,Demon Slayer,8,"Demon Slayer, tome 8",7.3,220,56.04026845637584,11.571034029098854,-44.46923442727699,7.20823915958044,55.95637583892618,-0.08389261744966348,263.0,263,https://www.senscritique.com/bd/demon_slayer_tome_8/38783510
SensCritique,Manga,Hunter × Hunter,20,"Points faibles - Hunter X Hunter, tome 20",7.3,207,56.04026845637584,11.571034029098854,-44.46923442727699,7.205385353538683,55.788590604026844,-0.25167785234899753,264.0,264,https://www.senscritique.com/bd/points_faibles_hunter_x_hunter_tome_20/17265461
SensCritique,Manga,Hunter × Hunter,33,"Hunter X Hunter, tome 33",7.3,274,56.04026845637584,11.571034029098854,-44.46923442727699,7.218455830472516,56.29194630872483,0.2516778523489904,261.0,261,https://www.senscritique.com/bd/hunter_x_hunter_tome_33/24490019
SensCritique,Manga,Jujutsu Kaisen,4,"Je vais te tuer - Jujutsu Kaisen, tome 4",7.3,248,56.04026845637584,11.571034029098854,-44.46923442727699,7.213836770760719,56.124161073825505,0.08389261744966348,262.0,262,https://www.senscritique.com/bd/je_vais_te_tuer_jujutsu_kaisen_tome_4/39801649
SensCritique,Arthur — texte fondateur,Légende arthurienne — textes fondateurs,v. 1180–1190,Perceval ou le Conte du Graal,7.3,2196,56.04026845637584,11.571034029098854,-44.46923442727699,7.283569205558441,63.33892617449664,7.2986577181208006,219.0,219,https://www.senscritique.com/livre/perceval_ou_le_conte_du_graal/11855564
SensCritique,Manga,My Hero Academia,12,"L'Examen - My Hero Academia, tome 12",7.3,287,56.04026845637584,11.571034029098854,-44.46923442727699,7.22058449353247,56.45973154362416,0.4194630872483174,260.0,260,https://www.senscritique.com/bd/l_examen_my_hero_academia_tome_12/27214233
SensCritique,Manga,My Hero Academia,38,"Hope - My Hero Academia, tome 38",7.3,80,56.04026845637584,11.571034029098854,-44.46923442727699,7.164093050787526,51.09060402684564,-4.949664429530202,292.0,292,https://www.senscritique.com/bd/hope_my_hero_academia_tome_38/56076046
SensCritique,Manga,My Hero Academia,7,"Katsuki Bakugo : Les Origines - My Hero Academia, tome 7",7.3,365,56.04026845637584,11.571034029098854,-44.46923442727699,7.231338676699949,57.130872483221474,1.0906040268456323,256.0,256,https://www.senscritique.com/bd/katsuki_bakugo_les_origines_my_hero_academia_tome_7/21418001
SensCritique,Manga,Naruto,2,"Un client embarrassant - Naruto, tome 2",7.3,681,56.04026845637584,11.571034029098854,-44.46923442727699,7.25566264325019,61.15771812080537,5.117449664429529,232.0,232,https://www.senscritique.com/bd/un_client_embarrassant_naruto_tome_2/13019803
SensCritique,Manga,Naruto,24,"Tournant décisif !! - Naruto, tome 24",7.3,433,56.04026845637584,11.571034029098854,-44.46923442727699,7.238588630091879,57.96979865771812,1.9295302013422813,251.0,251,https://www.senscritique.com/bd/tournant_decisif_naruto_tome_24/15121641
SensCritique,Manga,Naruto,25,"Frères - Naruto, tome 25",7.3,434,56.04026845637584,11.571034029098854,-44.46923442727699,7.238683841518092,58.22147651006711,2.1812080536912717,249.5,249–250,https://www.senscritique.com/bd/freres_naruto_tome_25/15121671
SensCritique,Manga,Naruto,3,"Se battre pour ses rêves !! - Naruto, tome 3",7.3,636,56.04026845637584,11.571034029098854,-44.46923442727699,7.253307057590519,60.65436241610738,4.614093959731541,235.0,235,https://www.senscritique.com/bd/se_battre_pour_ses_reves_naruto_tome_3/13019804
SensCritique,Manga,Naruto,37,"Le Combat de Shikamaru !! - Naruto, tome 37",7.3,377,56.04026845637584,11.571034029098854,-44.46923442727699,7.232739928195867,57.29865771812081,1.2583892617449663,255.0,255,https://www.senscritique.com/bd/le_combat_de_shikamaru_naruto_tome_37/15428727
SensCritique,Manga,Naruto,7,"La Voie à suivre !! - Naruto, tome 7",7.3,535,56.04026845637584,11.571034029098854,-44.46923442727699,7.246985358953311,59.47986577181208,3.439597315436238,242.0,242,https://www.senscritique.com/bd/la_voie_a_suivre_naruto_tome_7/16638077
SensCritique,Manga,One Piece,13,"Sois forte ! - One Piece, tome 13",7.3,759,56.04026845637584,11.571034029098854,-44.46923442727699,7.259227915236257,61.99664429530201,5.956375838926171,227.0,227,https://www.senscritique.com/bd/sois_forte_one_piece_tome_13/10455901
SensCritique,Manga,One Piece,14,"L'Instinct - One Piece, tome 14",7.3,733,56.04026845637584,11.571034029098854,-44.46923442727699,7.258104955274544,61.828859060402685,5.788590604026844,228.0,228,https://www.senscritique.com/bd/l_instinct_one_piece_tome_14/10455903
SensCritique,Manga,One Piece,17,"Les Cerisiers d'Hiluluk - One Piece, tome 17",7.3,655,56.04026845637584,11.571034029098854,-44.46923442727699,7.254331498590266,60.82214765100671,4.781879194630868,234.0,234,https://www.senscritique.com/bd/les_cerisiers_d_hiluluk_one_piece_tome_17/17475357
SensCritique,Manga,One Piece,26,"Aventure sur l'île de Dieu - One Piece, tome 26",7.3,588,56.04026845637584,11.571034029098854,-44.46923442727699,7.250501974692328,59.899328859060404,3.8590604026845625,239.5,239–240,https://www.senscritique.com/bd/aventure_sur_l_ile_de_dieu_one_piece_tome_26/17475520
SensCritique,Manga,One Piece,28,"Wiper le démon furieux - One Piece, tome 28",7.3,608,56.04026845637584,11.571034029098854,-44.46923442727699,7.251710717679084,60.31879194630873,4.278523489932887,237.0,237,https://www.senscritique.com/bd/wiper_le_demon_furieux_one_piece_tome_28/17393531
SensCritique,Manga,One Piece,29,"Oratorio - One Piece, tome 29",7.3,588,56.04026845637584,11.571034029098854,-44.46923442727699,7.250501974692328,59.899328859060404,3.8590604026845625,239.5,239–240,https://www.senscritique.com/bd/oratorio_one_piece_tome_29/17393532
SensCritique,Manga,One Piece,46,"Aventure sur l'île fantôme - One Piece, tome 46",7.3,528,56.04026845637584,11.571034029098854,-44.46923442727699,7.2464831904995535,59.31208053691275,3.271812080536911,243.0,243,https://www.senscritique.com/bd/aventure_sur_l_ile_fantome_one_piece_tome_46/17476613
SensCritique,Manga,One Piece,48,"L'Aventure d'Oz - One Piece, tome 48",7.3,510,56.04026845637584,11.571034029098854,-44.46923442727699,7.24514712590731,58.97651006711409,2.93624161073825,245.0,245,https://www.senscritique.com/bd/l_aventure_d_oz_one_piece_tome_48/17476630
SensCritique,Manga,One Piece,7,"Vieux Machin - One Piece, tome 7",7.3,836,56.04026845637584,11.571034029098854,-44.46923442727699,7.262226435319168,62.66778523489933,6.627516778523486,223.0,223,https://www.senscritique.com/bd/vieux_machin_one_piece_tome_7/15796078
SensCritique,Manga,One Piece,83,"Charlotte Linlin - One Piece, tome 83",7.3,434,56.04026845637584,11.571034029098854,-44.46923442727699,7.238683841518092,58.22147651006711,2.1812080536912717,249.5,249–250,https://www.senscritique.com/bd/charlotte_linlin_one_piece_tome_83/23908643
SensCritique,Manga,One Piece,93,"La Coqueluche du village d'Ebisu - One Piece, tome 93",7.3,362,56.04026845637584,11.571034029098854,-44.46923442727699,7.230979193331884,56.96308724832215,0.9228187919463053,257.0,257,https://www.senscritique.com/bd/la_coqueluche_du_village_d_ebisu_one_piece_tome_93/39719883
SensCritique,Fantasy — cycle principal,The Witcher,0.1,Le Dernier Vœu,7.3,3047,56.04026845637584,11.571034029098854,-44.46923442727699,7.287860981516012,63.84228187919463,7.8020134228187885,216.0,216,https://www.senscritique.com/groupe/Sorceleur/3026
SensCritique,Manga,Black Clover,25,"Black Clover, tome 25",7.2,37,50.419463087248324,8.934353209121365,-41.48510987812696,7.1256091845934275,47.73489932885906,-2.6845637583892668,312.0,312,https://www.senscritique.com/bd/black_clover_tome_25/43802860
SensCritique,Manga,Black Clover,26,"Black Clover, tome 26",7.2,35,50.419463087248324,8.934353209121365,-41.48510987812696,7.125004381216137,47.56711409395973,-2.8523489932885937,313.0,313,https://www.senscritique.com/bd/black_clover_tome_26/43802884
SensCritique,Manga,Bleach,14,"White Tower Rocks - Bleach, tome 14",7.2,167,50.419463087248324,8.934353209121365,-41.48510987812696,7.151193327458122,49.24496644295302,-1.1744966442953029,303.0,303,https://www.senscritique.com/bd/white_tower_rocks_bleach_tome_14/17772402
SensCritique,Manga,Bleach,15,"Beginning of the Death of Tomorrow - Bleach, tome 15",7.2,168,50.419463087248324,8.934353209121365,-41.48510987812696,7.151322104958232,49.41275167785235,-1.006711409395976,302.0,302,https://www.senscritique.com/bd/beginning_of_the_death_of_tomorrow_bleach_tome_15/17954834
SensCritique,Manga,Bleach,24,"Immanent God Blues - Bleach, tome 24",7.2,149,50.419463087248324,8.934353209121365,-41.48510987812696,7.148752993831026,49.077181208053695,-1.3422818791946298,304.0,304,https://www.senscritique.com/bd/immanent_god_blues_bleach_tome_24/19150323
SensCritique,Manga,Bleach,34,"King of the Kill - Bleach, tome 34",7.2,121,50.419463087248324,8.934353209121365,-41.48510987812696,7.1444309571661755,48.8255033557047,-1.5939597315436274,305.5,305–306,https://www.senscritique.com/bd/king_of_the_kill_bleach_tome_34/19574756
SensCritique,Manga,Bleach,41,"Heart - Bleach, tome 41",7.2,121,50.419463087248324,8.934353209121365,-41.48510987812696,7.1444309571661755,48.8255033557047,-1.5939597315436274,305.5,305–306,https://www.senscritique.com/bd/heart_bleach_tome_41/19601377
SensCritique,Manga,Bleach,43,"Kingdom Of Hollows - Bleach, tome 43",7.2,112,50.419463087248324,8.934353209121365,-41.48510987812696,7.14288259374356,48.40604026845637,-2.013422818791952,308.0,308,https://www.senscritique.com/bd/kingdom_of_hollows_bleach_tome_43/19601413
SensCritique,Manga,Bleach,48,"God Is Dead - Bleach, tome 48",7.2,114,50.419463087248324,8.934353209121365,-41.48510987812696,7.143234085474369,48.57382550335571,-1.8456375838926178,307.0,307,https://www.senscritique.com/bd/god_is_dead_bleach_tome_48/19601422
SensCritique,Manga,Bleach,58,"The Fire - Bleach, 58",7.2,100,50.419463087248324,8.934353209121365,-41.48510987812696,7.140678706685434,48.238255033557046,-2.181208053691279,309.0,309,https://www.senscritique.com/bd/the_fire_bleach_58/18004952
SensCritique,Manga,Bleach,7,The Broken Coda - Bleach tome 7,7.2,187,50.419463087248324,8.934353209121365,-41.48510987812696,7.153645924068266,50.08389261744966,-0.335570469798661,298.0,298,https://www.senscritique.com/bd/the_broken_coda_bleach_tome_7/17771225
SensCritique,Manga,Bleach,8,"The Blade and Me - Bleach, tome 8",7.2,182,50.419463087248324,8.934353209121365,-41.48510987812696,7.15305617755514,49.83221476510067,-0.5872483221476514,299.5,299–300,https://www.senscritique.com/bd/the_blade_and_me_bleach_tome_8/17771314
SensCritique,Manga,Demon Slayer,10,"Demon Slayer, tome 10",7.2,203,50.419463087248324,8.934353209121365,-41.48510987812696,7.155437385940024,50.419463087248324,0.0,296.0,296,https://www.senscritique.com/bd/demon_slayer_tome_10/38783512
SensCritique,Manga,Demon Slayer,18,"Demon Slayer, tome 18",7.2,182,50.419463087248324,8.934353209121365,-41.48510987812696,7.15305617755514,49.83221476510067,-0.5872483221476514,299.5,299–300,https://www.senscritique.com/bd/demon_slayer_tome_18/40740294
SensCritique,Manga,Jujutsu Kaisen,24,"Naissance de la matrice : récursion - Jujutsu Kaisen, tome 24",7.2,76,50.419463087248324,8.934353209121365,-41.48510987812696,7.135718041042404,47.90268456375839,-2.5167785234899327,311.0,311,https://www.senscritique.com/bd/jujutsu_kaisen_tome_24/59972803
SensCritique,Manga,Jujutsu Kaisen,7,"Instinct grégaire - Jujutsu Kaisen, tome 7",7.2,218,50.419463087248324,8.934353209121365,-41.48510987812696,7.156995519298764,50.75503355704698,0.3355704697986539,294.0,294,https://www.senscritique.com/bd/instinct_gregaire_jujutsu_kaisen_tome_7/41191239
SensCritique,Arthur — texte fondateur,Légende arthurienne — textes fondateurs,v. 1181,Lancelot ou le Chevalier de la Charrette,7.2,1500,50.419463087248324,8.934353209121365,-41.48510987812696,7.189217462173683,54.9496644295302,4.530201342281877,269.0,269,https://www.senscritique.com/livre/lancelot_ou_le_chevalier_de_la_charrette/118663
SensCritique,Manga,Magi,12,"Magi : The Labyrinth of Magic, tome 12",7.2,18,50.419463087248324,8.934353209121365,-41.48510987812696,7.1194370208697375,47.399328859060404,-3.0201342281879207,314.0,314,https://www.senscritique.com/bd/magi_the_labyrinth_of_magic_tome_12/17931496
SensCritique,Manga,My Hero Academia,2,"Déchaîne-toi, maudit nerd ! - My Hero Academia, tome 2",7.2,594,50.419463087248324,8.934353209121365,-41.48510987812696,7.1770820841977265,53.60738255033557,3.1879194630872476,277.0,277,https://www.senscritique.com/bd/dechaine_toi_maudit_nerd_my_hero_academia_tome_2/18352864
SensCritique,Manga,My Hero Academia,23,"Mêlée générale - My Hero Academia, tome 23",7.2,193,50.419463087248324,8.934353209121365,-41.48510987812696,7.154334350938539,50.25167785234899,-0.16778523489933406,297.0,297,https://www.senscritique.com/bd/melee_generale_my_hero_academia_tome_23/39247104
SensCritique,Manga,My Hero Academia,3,"All Might - My Hero Academia, tome 3",7.2,486,50.419463087248324,8.934353209121365,-41.48510987812696,7.1735309580762845,52.600671140939596,2.1812080536912717,283.0,283,https://www.senscritique.com/bd/all_might_my_hero_academia_tome_3/19653538
SensCritique,Manga,My Hero Academia,4,"Celui qui avait tout - My Hero Academia, tome 4",7.2,475,50.419463087248324,8.934353209121365,-41.48510987812696,7.173106527374884,52.26510067114094,1.8456375838926178,285.0,285,https://www.senscritique.com/bd/celui_qui_avait_tout_my_hero_academia_tome_4/19653539
SensCritique,Manga,My Hero Academia,8,"Momo Yaoyorozu : L'Envol - My Hero Academia, tome 8",7.2,352,50.419463087248324,8.934353209121365,-41.48510987812696,7.167231044012735,51.258389261744966,0.8389261744966419,291.0,291,https://www.senscritique.com/bd/momo_yaoyorozu_l_envol_my_hero_academia_tome_8/22195137
SensCritique,Manga,Naruto,1,"Naruto Uzumaki !! - Naruto, tome 1",7.2,835,50.419463087248324,8.934353209121365,-41.48510987812696,7.182362407054656,53.942953020134226,3.5234899328859015,275.0,275,https://www.senscritique.com/bd/naruto_uzumaki_naruto_tome_1/13019798
SensCritique,Manga,Naruto,11,"Mon nouveau prof !! - Naruto, tome 11",7.2,484,50.419463087248324,8.934353209121365,-41.48510987812696,7.173454788171467,52.43288590604027,2.0134228187919447,284.0,284,https://www.senscritique.com/bd/mon_nouveau_prof_naruto_tome_11/15111009
SensCritique,Manga,Naruto,17,"La Puissance d'Itachi !! - Naruto, tome 17",7.2,448,50.419463087248324,8.934353209121365,-41.48510987812696,7.172004670378103,52.09731543624161,1.6778523489932837,286.0,286,https://www.senscritique.com/bd/la_puissance_d_itachi_naruto_tome_17/15117312
SensCritique,Manga,Naruto,18,"La Décision de Tsunade !! - Naruto, tome 18",7.2,447,50.419463087248324,8.934353209121365,-41.48510987812696,7.171962124284453,51.84563758389262,1.4261744966442933,287.5,287–288,https://www.senscritique.com/bd/la_decision_de_tsunade_naruto_tome_18/15120515
SensCritique,Manga,Naruto,21,"Sans pitié !! - Naruto, tome 21",7.2,429,50.419463087248324,8.934353209121365,-41.48510987812696,7.171173559029953,51.42617449664429,1.0067114093959688,290.0,290,https://www.senscritique.com/bd/sans_pitie_naruto_tome_21/15121587
SensCritique,Manga,Naruto,22,"Réincarnation…!! - Naruto, tome 22",7.2,439,50.419463087248324,8.934353209121365,-41.48510987812696,7.171617042737184,51.59395973154363,1.1744966442953029,289.0,289,https://www.senscritique.com/bd/reincarnation_naruto_tome_22/15121614
SensCritique,Manga,Naruto,6,"La Détermination de Sakura !! - Naruto, tome 6",7.2,558,50.419463087248324,8.934353209121365,-41.48510987812696,7.176009203874083,52.93624161073826,2.5167785234899327,281.0,281,https://www.senscritique.com/bd/la_determination_de_sakura_naruto_tome_6/16638075
SensCritique,Manga,One Piece,15,"Droit devant !! - One Piece, tome 15",7.2,707,50.419463087248324,8.934353209121365,-41.48510987812696,7.179903134835697,53.7751677852349,3.3557046979865746,276.0,276,https://www.senscritique.com/bd/droit_devant_one_piece_tome_15/15796121
SensCritique,Manga,One Piece,27,"Prélude - One Piece, tome 27",7.2,576,50.419463087248324,8.934353209121365,-41.48510987812696,7.176557913315336,53.27181208053691,2.8523489932885866,279.0,279,https://www.senscritique.com/bd/prelude_one_piece_tome_27/17475523
SensCritique,Manga,One Piece,3,"Une Vérité qui blesse - One Piece, tome 3",7.2,1057,50.419463087248324,8.934353209121365,-41.48510987812696,7.185450376797453,54.61409395973154,4.194630872483216,271.0,271,https://www.senscritique.com/bd/une_verite_qui_blesse_one_piece_tome_3/13112218
SensCritique,Manga,One Piece,4,"Attaque au clair de lune - One Piece, tome 4",7.2,985,50.419463087248324,8.934353209121365,-41.48510987812696,7.18457447974847,54.446308724832214,4.0268456375838895,272.0,272,https://www.senscritique.com/bd/attaque_au_clair_de_lune_one_piece_tome_4/10386608
SensCritique,Manga,One Piece,47,"Temps couvert avec chutes d'os par moments - One Piece, tome 47",7.2,511,50.419463087248324,8.934353209121365,-41.48510987812696,7.174447476148435,52.76845637583892,2.3489932885905986,282.0,282,https://www.senscritique.com/bd/temps_couvert_avec_chutes_d_os_par_moments_one_piece_tome_47/17476616
SensCritique,Manga,One Piece,5,"Pour qui sonne le glas - One Piece, tome 5",7.2,912,50.419463087248324,8.934353209121365,-41.48510987812696,7.183571752252155,54.27852348993289,3.8590604026845625,273.0,273,https://www.senscritique.com/bd/pour_qui_sonne_le_glas_one_piece_tome_5/15796008
SensCritique,Manga,One Piece,68,"Alliance entre pirates - One Piece, tome 68",7.2,447,50.419463087248324,8.934353209121365,-41.48510987812696,7.171962124284453,51.84563758389262,1.4261744966442933,287.5,287–288,https://www.senscritique.com/bd/alliance_entre_pirates_one_piece_tome_68/17476732
SensCritique,Manga,Black Clover,24,"Black Clover, tome 24",7.1,37,45.63758389261745,7.240914252092007,-38.396669640525445,7.110689829754717,46.895973154362416,1.2583892617449663,317.0,317,https://www.senscritique.com/bd/black_clover_tome_24/43214519
SensCritique,Manga,Black Clover,27,"Black Clover, tome 27",7.1,31,45.63758389261745,7.240914252092007,-38.396669640525445,7.110954866856074,47.06375838926174,1.4261744966442933,316.0,316,https://www.senscritique.com/bd/black_clover_tome_27/44863075
SensCritique,Manga,Bleach,22,"Conquistadores - Bleach, tome 22",7.1,149,45.63758389261745,7.240914252092007,-38.396669640525445,7.107364104942139,45.88926174496644,0.2516778523489904,323.0,323,https://www.senscritique.com/bd/conquistadores_bleach_tome_22/19150321
SensCritique,Manga,Bleach,23,"Mala Suerte ! - Bleach, tome 23",7.1,145,45.63758389261745,7.240914252092007,-38.396669640525445,7.107446847694297,46.057046979865774,0.4194630872483245,322.0,322,https://www.senscritique.com/bd/mala_suerte_bleach_tome_23/19150322
SensCritique,Manga,Bleach,35,"Higher Than the Moon - Bleach, tome 35",7.1,122,45.63758389261745,7.240914252092007,-38.396669640525445,7.107961194532042,46.2248322147651,0.5872483221476514,321.0,321,https://www.senscritique.com/bd/higher_than_the_moon_bleach_tome_35/19574758
SensCritique,Manga,Demon Slayer,20,"Demon Slayer, tome 20",7.1,174,45.63758389261745,7.240914252092007,-38.396669640525445,7.106885916309532,45.72147651006711,0.08389261744966348,324.0,324,https://www.senscritique.com/bd/demon_slayer_tome_20/41806213
SensCritique,Manga,Jujutsu Kaisen,19,"Tokyo 1 : Un homme en colère - Jujutsu Kaisen, tome 19",7.1,108,45.63758389261745,7.240914252092007,-38.396669640525445,7.108310588649434,46.560402684563755,0.9228187919463053,319.0,319,https://www.senscritique.com/bd/jujutsu_kaisen_tome_19/47245073
SensCritique,Manga,Jujutsu Kaisen,2,"Malédiction - Jujutsu Kaisen, tome 2",7.1,309,45.63758389261745,7.240914252092007,-38.396669640525445,7.105098226498404,45.38590604026846,-0.2516778523489904,326.0,326,https://www.senscritique.com/bd/malediction_jujutsu_kaisen_tome_2/39730507
SensCritique,Manga,Jujutsu Kaisen,20,"Sendai : En pleines festivités - Jujutsu Kaisen, tome 20",7.1,94,45.63758389261745,7.240914252092007,-38.396669640525445,7.108692058292361,46.72818791946309,1.0906040268456394,318.0,318,https://www.senscritique.com/bd/jujutsu_kaisen_tome_20/50657086
SensCritique,Arthur — texte fondateur,Légende arthurienne — textes fondateurs,v. 1170,Erec et Enide,7.1,388,45.63758389261745,7.240914252092007,-38.396669640525445,7.1044258393642234,44.88255033557047,-0.7550335570469784,329.0,329,https://www.senscritique.com/livre/erec_et_enide/152126
SensCritique,Arthur — texte fondateur,Légende arthurienne — textes fondateurs,v. 1176,Cligès,7.1,117,45.63758389261745,7.240914252092007,-38.396669640525445,7.108082554204786,46.39261744966443,0.7550335570469784,320.0,320,https://www.senscritique.com/livre/Cliges/121006
SensCritique,Manga,Magi,18,"Magi : The Labyrinth of Magic, tome 18",7.1,16,45.63758389261745,7.240914252092007,-38.396669640525445,7.111678756736431,47.23154362416108,1.5939597315436274,315.0,315,https://www.senscritique.com/bd/magi_the_labyrinth_of_magic_tome_18/17931623
SensCritique,Manga,My Hero Academia,1,"Izuku Midoriya : Les Origines - My Hero Academia, tome 1",7.1,834,45.63758389261745,7.240914252092007,-38.396669640525445,7.102536916535091,43.54026845637584,-2.097315436241608,337.0,337,https://www.senscritique.com/bd/izuku_midoriya_les_origines_my_hero_academia_tome_1/18352863
SensCritique,Manga,My Hero Academia,26,"Sous un ciel d'azur - My Hero Academia, tome 26",7.1,178,45.63758389261745,7.240914252092007,-38.396669640525445,7.106815109972159,45.553691275167786,-0.08389261744966348,325.0,325,https://www.senscritique.com/bd/sous_un_ciel_d_azur_my_hero_academia_tome_26/41334983
SensCritique,Manga,Naruto,20,"Naruto versus Sasuke !! - Naruto, tome 20",7.1,431,45.63758389261745,7.240914252092007,-38.396669640525445,7.104129404640451,44.37919463087248,-1.2583892617449663,332.0,332,https://www.senscritique.com/bd/naruto_versus_sasuke_naruto_tome_20/15121110
SensCritique,Manga,Naruto,31,"Testament !! - Naruto, tome 31",7.1,401,45.63758389261745,7.240914252092007,-38.396669640525445,7.104331826436552,44.714765100671144,-0.9228187919463053,330.0,330,https://www.senscritique.com/bd/testament_naruto_tome_31/15302847
SensCritique,Manga,Naruto,36,"L'Unité 10 - Naruto, tome 36",7.1,375,45.63758389261745,7.240914252092007,-38.396669640525445,7.104524023513942,45.0503355704698,-0.5872483221476514,328.0,328,https://www.senscritique.com/bd/l_unite_10_naruto_tome_36/15428726
SensCritique,Manga,Naruto,48,"Hourras au village !! - Naruto, tome 48",7.1,353,45.63758389261745,7.240914252092007,-38.396669640525445,7.104700492516258,45.218120805369125,-0.4194630872483245,327.0,327,https://www.senscritique.com/bd/hourras_au_village_naruto_tome_48/16066599
SensCritique,Manga,One Piece,2,"Luffy versus la bande à Baggy !! - One Piece, tome 2",7.1,1154,45.63758389261745,7.240914252092007,-38.396669640525445,7.101942181523201,43.37248322147651,-2.2651006711409423,338.0,338,https://www.senscritique.com/bd/luffy_versus_la_bande_a_baggy_one_piece_tome_2/13038425
SensCritique,Manga,One Piece,67,"Cool Fight - One Piece, tome 67",7.1,451,45.63758389261745,7.240914252092007,-38.396669640525445,7.104004649213247,44.211409395973156,-1.4261744966442933,333.0,333,https://www.senscritique.com/bd/cool_fight_one_piece_tome_67/17476731
SensCritique,Manga,Bleach,25,"No Shaking Throne - Bleach, tome 25",7.0,145,41.02348993288591,6.0704977018086375,-34.952992231077275,7.066716510615646,36.99664429530201,-4.026845637583897,376.0,376,https://www.senscritique.com/bd/no_shaking_throne_bleach_tome_25/19150324
SensCritique,Manga,Bleach,33,"The Bad Joke - Bleach, tome 33",7.0,125,41.02348993288591,6.0704977018086375,-34.952992231077275,7.0706877314856245,38.00335570469799,-3.0201342281879207,370.0,370,https://www.senscritique.com/bd/the_bad_joke_bleach_tome_33/19574751
SensCritique,Manga,Bleach,36,"Turn Back the Pendulum - Bleach, tome 36",7.0,120,41.02348993288591,6.0704977018086375,-34.952992231077275,7.07175552199145,38.33892617449664,-2.6845637583892668,368.0,368,https://www.senscritique.com/bd/turn_back_the_pendulum_bleach_tome_36/19601369
SensCritique,Manga,Bleach,37,"Beauty Is So Solitary - Bleach, tome 37",7.0,119,41.02348993288591,6.0704977018086375,-34.952992231077275,7.071972962967181,39.01006711409396,-2.013422818791952,364.0,363–365,https://www.senscritique.com/bd/beauty_is_so_solitary_bleach_tome_37/19601370
SensCritique,Manga,Bleach,39,"El Verdugo - Bleach, tome 39",7.0,119,41.02348993288591,6.0704977018086375,-34.952992231077275,7.071972962967181,39.01006711409396,-2.013422818791952,364.0,363–365,https://www.senscritique.com/bd/el_verdugo_bleach_tome_39/19601375
SensCritique,Manga,Bleach,42,"Shock of the Queen - Bleach, tome 42",7.0,116,41.02348993288591,6.0704977018086375,-34.952992231077275,7.072633265379724,39.34563758389262,-1.6778523489932908,362.0,362,https://www.senscritique.com/bd/shock_of_the_queen_bleach_tome_42/19601378
SensCritique,Manga,Bleach,44,"Vice It - Bleach, tome 44",7.0,112,41.02348993288591,6.0704977018086375,-34.952992231077275,7.073532748542322,39.513422818791945,-1.5100671140939639,361.0,361,https://www.senscritique.com/bd/vice_it_bleach_tome_44/19601414
SensCritique,Manga,Bleach,6,"The Death Trilogy Overture - Bleach, tome 6",7.0,199,41.02348993288591,6.0704977018086375,-34.952992231077275,7.057929457997975,35.65436241610738,-5.369127516778526,384.0,384,https://www.senscritique.com/bd/the_death_trilogy_overture_bleach_tome_6/17690244
SensCritique,Manga,Demon Slayer,16,"Demon Slayer, tome 16",7.0,188,41.02348993288591,6.0704977018086375,-34.952992231077275,7.059526510724736,35.98993288590604,-5.033557046979865,382.0,382,https://www.senscritique.com/bd/demon_slayer_tome_16/39728327
SensCritique,Manga,Demon Slayer,19,"Demon Slayer, tome 19",7.0,173,41.02348993288591,6.0704977018086375,-34.952992231077275,7.061851765049922,36.493288590604024,-4.5302013422818845,379.0,379,https://www.senscritique.com/bd/demon_slayer_tome_19/41233205
SensCritique,Manga,Demon Slayer,7,"Demon Slayer, tome 7",7.0,212,41.02348993288591,6.0704977018086375,-34.952992231077275,7.056149120045319,35.23489932885906,-5.788590604026851,386.5,386–387,https://www.senscritique.com/bd/demon_slayer_tome_7/38783509
SensCritique,Manga,Demon Slayer,9,"Demon Slayer, tome 9",7.0,212,41.02348993288591,6.0704977018086375,-34.952992231077275,7.056149120045319,35.23489932885906,-5.788590604026851,386.5,386–387,https://www.senscritique.com/bd/demon_slayer_tome_9/38783511
SensCritique,Manga,Hunter × Hunter,36,"Hunter X Hunter, tome 36",7.0,149,41.02348993288591,6.0704977018086375,-34.952992231077275,7.06597521605325,36.828859060402685,-4.1946308724832235,377.0,377,https://www.senscritique.com/bd/hunter_x_hunter_tome_36/38467507
SensCritique,Manga,Jujutsu Kaisen,18,"La Passion - Jujutsu Kaisen, tome 18",7.0,119,41.02348993288591,6.0704977018086375,-34.952992231077275,7.071972962967181,39.01006711409396,-2.013422818791952,364.0,363–365,https://www.senscritique.com/bd/jujutsu_kaisen_tome_18/45492410
SensCritique,Manga,Jujutsu Kaisen,23,"L'Étoile et l'Énergie - Jujutsu Kaisen, tome 23",7.0,80,41.02348993288591,6.0704977018086375,-34.952992231077275,7.081618823983402,40.18456375838926,-0.838926174496649,357.0,357,https://www.senscritique.com/bd/l_etoile_et_l_energie_jujutsu_kaisen_tome_23/56531390
SensCritique,Manga,Jujutsu Kaisen,25,"La Bataille du no man's land de Shinjuku - Jujutsu Kaisen, tome 25",7.0,69,41.02348993288591,6.0704977018086375,-34.952992231077275,7.08482527778275,40.52013422818792,-0.503355704697988,355.0,355,https://www.senscritique.com/bd/jujutsu_kaisen_tome_25/69385675
SensCritique,Manga,Jujutsu Kaisen,3,"Retour de bâton - Jujutsu Kaisen, tome 3",7.0,269,41.02348993288591,6.0704977018086375,-34.952992231077275,7.049481412039937,33.808724832214764,-7.214765100671144,395.0,395,https://www.senscritique.com/bd/retour_de_baton_jujutsu_kaisen_tome_3/39801230
SensCritique,Manga,Jujutsu Kaisen,5,"Le Tournoi - Jujutsu Kaisen, tome 5",7.0,238,41.02348993288591,6.0704977018086375,-34.952992231077275,7.0528977233389085,34.31208053691275,-6.711409395973156,392.0,392,https://www.senscritique.com/bd/le_tournoi_jujutsu_kaisen_tome_5/39804365
SensCritique,Arthur — texte fondateur,Légende arthurienne — textes fondateurs,v. 1176,Le Chevalier au lion,7.0,1932,41.02348993288591,6.0704977018086375,-34.952992231077275,7.011083097423785,30.11744966442953,-10.90604026845638,417.0,417,https://www.senscritique.com/livre/le_chevalier_au_lion/120877
SensCritique,Manga,Magi,17,"Magi : The Labyrinth of Magic, tome 17",7.0,18,41.02348993288591,6.0704977018086375,-34.952992231077275,7.103716496852271,44.04362416107382,3.0201342281879135,334.0,334,https://www.senscritique.com/bd/magi_the_labyrinth_of_magic_tome_17/17931622
SensCritique,Manga,Magi,19,"Magi : The Labyrinth of Magic, tome 19",7.0,17,41.02348993288591,6.0704977018086375,-34.952992231077275,7.104171393768289,44.54697986577181,3.5234899328859015,331.0,331,https://www.senscritique.com/bd/magi_the_labyrinth_of_magic_tome_19/17931624
SensCritique,Manga,Magi,2,"Magi : The Labyrinth of Magic, tome 2",7.0,32,41.02348993288591,6.0704977018086375,-34.952992231077275,7.097741060819629,42.869127516778526,1.8456375838926178,341.0,341,https://www.senscritique.com/bd/magi_the_labyrinth_of_magic_tome_2/17931380
SensCritique,Manga,Magi,3,"Magi : The Labyrinth of Magic, tome 3",7.0,28,41.02348993288591,6.0704977018086375,-34.952992231077275,7.099376894473514,43.03691275167785,2.0134228187919447,340.0,340,https://www.senscritique.com/bd/magi_the_labyrinth_of_magic_tome_3/17931381
SensCritique,Manga,Magi,4,"Magi : The Labyrinth of Magic, tome 4",7.0,25,41.02348993288591,6.0704977018086375,-34.952992231077275,7.100640160081229,43.20469798657718,2.1812080536912717,339.0,339,https://www.senscritique.com/bd/magi_the_labyrinth_of_magic_tome_4/17931382
SensCritique,Manga,Magi,7,"Magi : The Labyrinth of Magic, tome 7",7.0,20,41.02348993288591,6.0704977018086375,-34.952992231077275,7.102818518524545,43.70805369127517,2.6845637583892596,336.0,336,https://www.senscritique.com/bd/magi_the_labyrinth_of_magic_tome_7/17931455
SensCritique,Manga,Magi,8,"Magi : The Labyrinth of Magic, tome 8",7.0,19,41.02348993288591,6.0704977018086375,-34.952992231077275,7.103265555561609,43.875838926174495,2.8523489932885866,335.0,335,https://www.senscritique.com/bd/magi_the_labyrinth_of_magic_tome_8/17931456
SensCritique,Manga,My Hero Academia,20,"La fête de Yuei commence - My Hero Academia, tome 20",7.0,204,41.02348993288591,6.0704977018086375,-34.952992231077275,7.057231512720891,35.486577181208055,-5.536912751677853,385.0,385,https://www.senscritique.com/bd/la_fete_de_yuei_commence_my_hero_academia_tome_20/36276636
SensCritique,Manga,Naruto,23,"Crise…!! - Naruto, tome 23",7.0,425,41.02348993288591,6.0704977018086375,-34.952992231077275,7.037344461916935,31.963087248322147,-9.060402684563762,406.0,406,https://www.senscritique.com/bd/crise_naruto_tome_23/15121633
SensCritique,Manga,Naruto,30,"Chiyo et Sakura - Naruto, tome 30",7.0,411,41.02348993288591,6.0704977018086375,-34.952992231077275,7.0381850125067045,32.130872483221474,-8.892617449664435,405.0,405,https://www.senscritique.com/bd/chiyo_et_sakura_naruto_tome_30/15121768
SensCritique,Manga,Naruto,40,"L'Art ultime !! - Naruto, tome 40",7.0,383,41.02348993288591,6.0704977018086375,-34.952992231077275,7.039984979426213,32.466442953020135,-8.557046979865774,403.0,403,https://www.senscritique.com/bd/l_art_ultime_naruto_tome_40/15428731
SensCritique,Manga,Naruto,41,"Le Choix de Jiraya !! - Naruto, tome 41",7.0,379,41.02348993288591,6.0704977018086375,-34.952992231077275,7.0402560640324925,32.63422818791946,-8.389261744966447,402.0,402,https://www.senscritique.com/bd/le_choix_de_jiraya_naruto_tome_41/15491265
SensCritique,Manga,Naruto,45,"Konoha, théâtre de guerre !! - Naruto, tome 45",7.0,360,41.02348993288591,6.0704977018086375,-34.952992231077275,7.041595582800648,32.96979865771812,-8.053691275167786,400.0,400,https://www.senscritique.com/bd/konoha_theatre_de_guerre_naruto_tome_45/15491269
SensCritique,Manga,Naruto,53,"La Naissance de Naruto - Naruto, tome 53",7.0,339,41.02348993288591,6.0704977018086375,-34.952992231077275,7.043183777780309,33.30536912751678,-7.718120805369132,398.0,398,https://www.senscritique.com/bd/la_naissance_de_naruto_naruto_tome_53/15799655
SensCritique,Manga,One Piece,64,"100 000 vs 10 - One Piece, tome 64",7.0,479,41.02348993288591,6.0704977018086375,-34.952992231077275,7.03442185185387,31.29194630872483,-9.731543624161077,410.0,410,https://www.senscritique.com/bd/100_000_vs_10_one_piece_tome_64/17476713
SensCritique,Manga,One Piece,66,"Vers le soleil - One Piece, tome 66",7.0,461,41.02348993288591,6.0704977018086375,-34.952992231077275,7.035343865742813,31.459731543624162,-9.563758389261746,409.0,409,https://www.senscritique.com/bd/vers_le_soleil_one_piece_tome_66/17476717
SensCritique,Manga,Black Clover,29,"Black Clover, tome 29",6.9,22,36.3255033557047,5.073953665949911,-31.251549689754786,7.092493896047939,41.52684563758389,5.201342281879192,349.0,349,https://www.senscritique.com/bd/black_clover_tome_29/45493564
SensCritique,Manga,Black Clover,30,"Black Clover, tome 30",6.9,21,36.3255033557047,5.073953665949911,-31.251549689754786,7.093323611117112,41.77852348993289,5.45302013422819,347.5,347–348,https://www.senscritique.com/bd/black_clover_tome_30/46721179
SensCritique,Manga,Bleach,10,"Tattoo on the Sky - Bleach, tome 10",6.9,176,36.3255033557047,5.073953665949911,-31.251549689754786,7.015894257827313,30.453020134228186,-5.872483221476511,415.0,415,https://www.senscritique.com/bd/tattoo_on_the_sky_bleach_tome_10/17771465
SensCritique,Manga,Bleach,31,"Don't Kill My Volupture - Bleach, tome 31",6.9,124,36.3255033557047,5.073953665949911,-31.251549689754786,7.033883814266178,31.124161073825505,-5.201342281879192,411.0,411,https://www.senscritique.com/bd/don_t_kill_my_volupture_bleach_tome_31/19574744
SensCritique,Manga,Bleach,46,"Back From Blind - Bleach, tome 46",6.9,113,36.3255033557047,5.073953665949911,-31.251549689754786,7.038429252404846,32.29865771812081,-4.0268456375838895,404.0,404,https://www.senscritique.com/bd/back_from_blind_bleach_tome_46/19601420
SensCritique,Manga,Bleach,47,"End Of The Chrysalis Age - Bleach, tome 47",6.9,117,36.3255033557047,5.073953665949911,-31.251549689754786,7.036741090790152,31.79530201342282,-4.530201342281877,407.0,407,https://www.senscritique.com/bd/end_of_the_chrysalis_age_bleach_tome_47/19601421
SensCritique,Manga,Bleach,57,"Out Of Bloom - Bleach, tome 57",6.9,93,36.3255033557047,5.073953665949911,-31.251549689754786,7.04753644006306,33.47315436241611,-2.8523489932885866,397.0,397,https://www.senscritique.com/bd/out_of_bloom_bleach_tome_57/17472995
SensCritique,Manga,Demon Slayer,17,"Demon Slayer, tome 17",6.9,188,36.3255033557047,5.073953665949911,-31.251549689754786,7.012408716238522,30.28523489932886,-6.040268456375838,416.0,416,https://www.senscritique.com/bd/demon_slayer_tome_17/40364233
SensCritique,Manga,Demon Slayer,5,"Demon Slayer, tome 5",6.9,244,36.3255033557047,5.073953665949911,-31.251549689754786,6.9985737973168565,29.278523489932887,-7.04697986577181,422.0,422,https://www.senscritique.com/bd/demon_slayer_tome_5/38783505
SensCritique,Manga,Magi,13,"Magi : The Labyrinth of Magic, tome 13",6.9,17,36.3255033557047,5.073953665949911,-31.251549689754786,7.096715253417412,42.70134228187919,6.375838926174495,342.0,342,https://www.senscritique.com/bd/magi_the_labyrinth_of_magic_tome_13/17931497
SensCritique,Manga,Magi,14,"Magi : The Labyrinth of Magic, tome 14",6.9,18,36.3255033557047,5.073953665949911,-31.251549689754786,7.095856234843537,42.533557046979865,6.208053691275168,343.0,343,https://www.senscritique.com/bd/magi_the_labyrinth_of_magic_tome_14/17931618
SensCritique,Manga,Magi,15,"Magi : The Labyrinth of Magic, tome 15",6.9,19,36.3255033557047,5.073953665949911,-31.251549689754786,7.095004685996391,42.19798657718121,5.872483221476514,345.0,344–346,https://www.senscritique.com/bd/magi_the_labyrinth_of_magic_tome_15/17931626
SensCritique,Manga,Magi,20,"Magi : The Labyrinth of Magic, tome 20",6.9,19,36.3255033557047,5.073953665949911,-31.251549689754786,7.095004685996391,42.19798657718121,5.872483221476514,345.0,344–346,https://www.senscritique.com/bd/magi_the_labyrinth_of_magic_tome_20/17931648
SensCritique,Manga,Magi,6,"Magi : The Labyrinth of Magic, tome 6",6.9,21,36.3255033557047,5.073953665949911,-31.251549689754786,7.093323611117112,41.77852348993289,5.45302013422819,347.5,347–348,https://www.senscritique.com/bd/magi_the_labyrinth_of_magic_tome_6/17931384
SensCritique,Manga,Magi,9,"Magi : The Labyrinth of Magic, tome 9",6.9,19,36.3255033557047,5.073953665949911,-31.251549689754786,7.095004685996391,42.19798657718121,5.872483221476514,345.0,344–346,https://www.senscritique.com/bd/magi_the_labyrinth_of_magic_tome_9/17931458
SensCritique,Manga,My Hero Academia,22,"L'Héritage - My Hero Academia, tome 22",6.9,199,36.3255033557047,5.073953665949911,-31.251549689754786,7.009392872632121,29.949664429530202,-6.375838926174495,418.0,418,https://www.senscritique.com/bd/l_heritage_my_hero_academia_tome_22/38916976
SensCritique,Manga,Naruto,28,"Le Retour au pays !! - Naruto, tome 28",6.9,419,36.3255033557047,5.073953665949911,-31.251549689754786,6.971192186951065,27.09731543624161,-9.228187919463085,435.0,435,https://www.senscritique.com/bd/le_retour_au_pays_naruto_tome_28/15121725
SensCritique,Manga,Naruto,29,"Kakashi versus Itachi !! - Naruto, tome 29",6.9,411,36.3255033557047,5.073953665949911,-31.251549689754786,6.972107842088698,27.26510067114094,-9.060402684563758,434.0,434,https://www.senscritique.com/bd/kakashi_versus_itachi_naruto_tome_29/15121746
SensCritique,Manga,One Piece,33,"Davy Back Fight !! - One Piece, tome 33",6.9,599,36.3255033557047,5.073953665949911,-31.251549689754786,6.95537170096194,26.426174496644297,-9.8993288590604,439.0,439,https://www.senscritique.com/bd/davy_back_fight_one_piece_tome_33/219045
SensCritique,Manga,One Piece,63,"Otohime et Tiger - One Piece, tome 63",6.9,464,36.3255033557047,5.073953665949911,-31.251549689754786,6.966446041154327,26.761744966442954,-9.563758389261743,437.0,437,https://www.senscritique.com/bd/otohime_et_tiger_one_piece_tome_63/17476712
SensCritique,Manga,One Piece,65,"Table rase - One Piece, tome 65",6.9,460,36.3255033557047,5.073953665949911,-31.251549689754786,6.96684214274094,26.92953020134228,-9.395973154362416,436.0,436,https://www.senscritique.com/bd/table_rase_one_piece_tome_65/17476714
SensCritique,Manga,Black Clover,14,"Black Clover, tome 14",6.8,54,32.88590604026846,4.433253283661768,-28.45265275660669,7.048871991619509,33.64093959731544,0.7550335570469784,396.0,396,https://www.senscritique.com/bd/black_clover_tome_14/36165934
SensCritique,Manga,Black Clover,16,"Black Clover, tome 16",6.8,49,32.88590604026846,4.433253283661768,-28.45265275660669,7.053657991458346,34.47986577181208,1.5939597315436203,391.0,391,https://www.senscritique.com/bd/black_clover_tome_16/38837618
SensCritique,Manga,Black Clover,4,"Black Clover, tome 4",6.8,115,32.88590604026846,4.433253283661768,-28.45265275660669,7.002303919568006,29.78187919463087,-3.1040268456375877,419.0,419,https://www.senscritique.com/bd/black_clover_tome_4/24067924
SensCritique,Manga,Bleach,1,"The Death and the Strawberry - Bleach, tome 1",6.8,277,32.88590604026846,4.433253283661768,-28.45265275660669,6.935145651186823,24.24496644295302,-8.640939597315437,452.0,452,https://www.senscritique.com/bd/the_death_and_the_strawberry_bleach_tome_1/15331210
SensCritique,Manga,Bleach,21,"Be My Family Or Not - Bleach, tome 21",6.8,151,32.88590604026846,4.433253283661768,-28.45265275660669,6.982185297732513,28.27181208053691,-4.614093959731548,428.0,428,https://www.senscritique.com/bd/be_my_family_or_not_bleach_tome_21/19150320
SensCritique,Manga,Bleach,30,"There Is No Heart Without You - Bleach, tome 30",6.8,126,32.88590604026846,4.433253283661768,-28.45265275660669,6.995700527534628,29.110738255033556,-3.7751677852349026,423.0,423,https://www.senscritique.com/bd/there_is_no_heart_without_you_bleach_tome_30/19574743
SensCritique,Manga,Bleach,38,"Fear For Fight - Bleach, tome 38",6.8,116,32.88590604026846,4.433253283661768,-28.45265275660669,7.001685253147308,29.446308724832214,-3.439597315436245,421.0,421,https://www.senscritique.com/bd/fear_for_fight_bleach_tome_38/19601371
SensCritique,Manga,Demon Slayer,14,"Demon Slayer, tome 14",6.8,189,32.88590604026846,4.433253283661768,-28.45265275660669,6.964877694447925,26.593959731543624,-6.291946308724835,438.0,438,https://www.senscritique.com/bd/demon_slayer_tome_14/38843570
SensCritique,Manga,Demon Slayer,2,"Demon Slayer, tome 2",6.8,335,32.88590604026846,4.433253283661768,-28.45265275660669,6.920789519742069,23.238255033557046,-9.647651006711413,458.0,458,https://www.senscritique.com/bd/demon_slayer_tome_2/27747295
SensCritique,Manga,Demon Slayer,21,"Demon Slayer, tome 21",6.8,165,32.88590604026846,4.433253283661768,-28.45265275660669,6.975401802604176,27.43288590604027,-5.45302013422819,433.0,433,https://www.senscritique.com/bd/demon_slayer_tome_21/42471434
SensCritique,Manga,Demon Slayer,4,"Demon Slayer, tome 4",6.8,262,32.88590604026846,4.433253283661768,-28.45265275660669,6.9394314540785835,24.41275167785235,-8.47315436241611,451.0,451,https://www.senscritique.com/bd/demon_slayer_tome_4/37830220
SensCritique,Manga,Jujutsu Kaisen,1,"Ryomen Sukuna - Jujutsu Kaisen, tome 1",6.8,375,32.88590604026846,4.433253283661768,-28.45265275660669,6.912544501329641,22.063758389261746,-10.822147651006713,465.0,465,https://www.senscritique.com/bd/ryomen_sukuna_jujutsu_kaisen_tome_1/39730504
SensCritique,Manga,Jujutsu Kaisen,22,"Sakurajima : Réincarnation - Jujutsu Kaisen, tome 22",6.8,86,32.88590604026846,4.433253283661768,-28.45265275660669,7.022057500939965,30.788590604026847,-2.0973154362416118,413.0,413,https://www.senscritique.com/bd/jujutsu_kaisen_tome_22/55311000
SensCritique,Manga,Magi,11,"Magi : The Labyrinth of Magic, tome 11",6.8,18,32.88590604026846,4.433253283661768,-28.45265275660669,7.087995972834803,41.02348993288591,8.13758389261745,352.0,351–353,https://www.senscritique.com/bd/magi_the_labyrinth_of_magic_tome_11/17931460
SensCritique,Manga,Magi,16,"Magi : The Labyrinth of Magic, tome 16",6.8,18,32.88590604026846,4.433253283661768,-28.45265275660669,7.087995972834803,41.02348993288591,8.13758389261745,352.0,351–353,https://www.senscritique.com/bd/magi_the_labyrinth_of_magic_tome_16/17931621
SensCritique,Manga,Magi,22,"Magi : The Labyrinth of Magic, tome 22",6.8,18,32.88590604026846,4.433253283661768,-28.45265275660669,7.087995972834803,41.02348993288591,8.13758389261745,352.0,351–353,https://www.senscritique.com/bd/magi_the_labyrinth_of_magic_tome_22/19949733
SensCritique,Manga,Naruto,33,"Mission top secret…!! - Naruto, tome 33",6.8,388,32.88590604026846,4.433253283661768,-28.45265275660669,6.910101966242354,21.895973154362416,-10.989932885906043,466.0,466,https://www.senscritique.com/bd/mission_top_secret_naruto_tome_33/15316946
SensCritique,Manga,Naruto,38,"Le Fruit de l'entraînement…!! - Naruto, tome 38",6.8,374,32.88590604026846,4.433253283661768,-28.45265275660669,6.912736885092598,22.399328859060404,-10.486577181208055,463.0,463,https://www.senscritique.com/bd/le_fruit_de_l_entrainement_naruto_tome_38/15428728
SensCritique,Manga,Naruto,44,"Traditions d'ermite… !! - Naruto, tome 44",6.8,369,32.88590604026846,4.433253283661768,-28.45265275660669,6.913708754791672,22.56711409395973,-10.318791946308728,462.0,462,https://www.senscritique.com/bd/traditions_d_ermite_naruto_tome_44/15491268
SensCritique,Manga,One Piece,62,"Périple sur l'île des hommes-poissons - One Piece, tome 62",6.8,505,32.88590604026846,4.433253283661768,-28.45265275660669,6.892110443825657,19.88255033557047,-13.003355704697988,478.0,478,https://www.senscritique.com/bd/periple_sur_l_ile_des_hommes_poissons_one_piece_tome_62/17476710
SensCritique,Manga,Black Clover,15,"Black Clover, tome 15",6.7,51,29.78187919463087,3.9265107653861473,-25.855368429244724,7.032256022057901,30.956375838926174,1.1744966442953029,412.0,412,https://www.senscritique.com/bd/black_clover_tome_15/38363234
SensCritique,Manga,Black Clover,23,"Black Clover, tome 23",6.7,37,29.78187919463087,3.9265107653861473,-25.855368429244724,7.0510124103998795,34.144295302013425,4.362416107382554,393.0,393,https://www.senscritique.com/bd/black_clover_tome_23/42714971
SensCritique,Manga,Black Clover,28,"Black Clover, tome 28",6.7,30,29.78187919463087,3.9265107653861473,-25.855368429244724,7.061207791614813,36.3255033557047,6.543624161073826,380.0,380,https://www.senscritique.com/bd/black_clover_tome_28/45417192
SensCritique,Manga,Black Clover,31,"Black Clover, tome 31",6.7,19,29.78187919463087,3.9265107653861473,-25.855368429244724,7.078482946865956,39.848993288590606,10.067114093959734,359.0,359,https://www.senscritique.com/bd/black_clover_tome_31/51514749
SensCritique,Manga,Bleach,27,"Goodbye Halcyon Days - Bleach, tome 27",6.7,137,29.78187919463087,3.9265107653861473,-25.855368429244724,6.9501467752275,25.41946308724832,-4.3624161073825505,445.0,445,https://www.senscritique.com/bd/goodbye_halcyon_days_bleach_tome_27/19150326
SensCritique,Manga,Bleach,5,"Rightarm of the Giant - Bleach, tome 5",6.7,206,29.78187919463087,3.9265107653861473,-25.855368429244724,6.908755582204245,21.56040268456376,-8.221476510067113,468.0,468,https://www.senscritique.com/bd/rightarm_of_the_giant_bleach_tome_5/17690243
SensCritique,Manga,Bleach,59,"The Battle - Bleach, tome 59",6.7,98,29.78187919463087,3.9265107653861473,-25.855368429244724,6.981718698314466,28.104026845637584,-1.6778523489932873,429.0,429,https://www.senscritique.com/bd/the_battle_bleach_tome_59/18004953
SensCritique,Manga,Bleach,60,"Everything But The Rain - Bleach, tome 60",6.7,103,29.78187919463087,3.9265107653861473,-25.855368429244724,6.977232731780796,27.600671140939596,-2.1812080536912752,432.0,432,https://www.senscritique.com/bd/everything_but_the_rain_bleach_tome_60/18004954
SensCritique,Manga,Bleach,9,"Fourteen Days for Conspiracy - Bleach, tome 9",6.7,176,29.78187919463087,3.9265107653861473,-25.855368429244724,6.924938185475892,23.741610738255034,-6.040268456375838,455.0,455,https://www.senscritique.com/bd/fourteen_days_for_conspiracy_bleach_tome_9/17771393
SensCritique,Manga,Demon Slayer,1,"Demon Slayer, tome 1",6.7,408,29.78187919463087,3.9265107653861473,-25.855368429244724,6.840631789627092,16.86241610738255,-12.919463087248321,496.0,496,https://www.senscritique.com/bd/demon_slayer_tome_1/27747294
SensCritique,Manga,Demon Slayer,13,"Demon Slayer, tome 13",6.7,187,29.78187919463087,3.9265107653861473,-25.855368429244724,6.918721300952688,23.07046979865772,-6.711409395973153,459.0,459,https://www.senscritique.com/bd/demon_slayer_tome_13/38843568
SensCritique,Manga,Demon Slayer,15,"Demon Slayer, tome 15",6.7,189,29.78187919463087,3.9265107653861473,-25.855368429244724,6.9176276944479245,22.90268456375839,-6.879194630872483,460.0,460,https://www.senscritique.com/bd/demon_slayer_tome_15/39048593
SensCritique,Manga,Demon Slayer,6,"Demon Slayer, tome 6",6.7,218,29.78187919463087,3.9265107653861473,-25.855368429244724,6.90291626521951,21.05704697986577,-8.724832214765101,471.0,471,https://www.senscritique.com/bd/demon_slayer_tome_6/38783507
SensCritique,Manga,Fairy Tail,12,"Fairy Tail, tome 12",6.7,162,29.78187919463087,3.9265107653861473,-25.855368429244724,6.933380905574182,24.07718120805369,-5.70469798657718,453.0,453,https://www.senscritique.com/bd/fairy_tail_tome_12/17805507
SensCritique,Manga,Jujutsu Kaisen,21,"Tokyo 2 : Grande chance - Jujutsu Kaisen, tome 21",6.7,87,29.78187919463087,3.9265107653861473,-25.855368429244724,6.992117710668356,28.7751677852349,-1.0067114093959724,425.0,425,https://www.senscritique.com/bd/jujutsu_kaisen_tome_21/55310377
SensCritique,Manga,Magi,10,"Magi : The Labyrinth of Magic, tome 10",6.7,18,29.78187919463087,3.9265107653861473,-25.855368429244724,7.080135710826069,40.01677852348993,10.234899328859061,358.0,358,https://www.senscritique.com/bd/magi_the_labyrinth_of_magic_tome_10/17931459
SensCritique,Manga,Magi,26,"Magi : The Labyrinth of Magic, tome 26",6.7,16,29.78187919463087,3.9265107653861473,-25.855368429244724,7.083484924137313,40.352348993288594,10.570469798657722,356.0,356,https://www.senscritique.com/bd/magi_the_labyrinth_of_magic_tome_26/25240861
SensCritique,Manga,Black Clover,13,"Black Clover, tome 13",6.6,58,26.845637583892618,3.4820780740478745,-23.363559509844745,7.002048616279442,29.614093959731544,2.7684563758389267,420.0,420,https://www.senscritique.com/bd/black_clover_tome_13/35794242
SensCritique,Manga,Black Clover,3,"Black Clover, tome 3",6.6,130,26.845637583892618,3.4820780740478745,-23.363559509844745,6.917158585862668,22.73489932885906,-4.1107382550335565,461.0,461,https://www.senscritique.com/bd/black_clover_tome_3/23512820
SensCritique,Manga,Black Clover,35,"Black Clover, tome 35",6.6,9,26.845637583892618,3.4820780740478745,-23.363559509844745,7.091595808087137,41.35906040268456,14.513422818791945,350.0,350,https://www.senscritique.com/bd/black_clover_tome_35/82303083
SensCritique,Manga,Black Clover,6,"Black Clover, tome 6",6.6,97,26.845637583892618,3.4820780740478745,-23.363559509844745,6.951139862919383,25.75503355704698,-1.0906040268456394,443.0,443,https://www.senscritique.com/bd/black_clover_tome_6/25465596
SensCritique,Manga,Bleach,2,"Goodbye Parakeet, Goodnite my Sista - Bleach, tome 2",6.6,269,26.845637583892618,3.4820780740478745,-23.363559509844745,6.825314745373271,14.848993288590604,-11.996644295302014,508.0,508,https://www.senscritique.com/bd/goodbye_parakeet_goodnite_my_sista_bleach_tome_2/15331211
SensCritique,Manga,Bleach,26,"The Mascaron Drive - Bleach, tome 26",6.6,142,26.845637583892618,3.4820780740478745,-23.363559509844745,6.906376990875835,21.392617449664428,-5.45302013422819,469.0,469,https://www.senscritique.com/bd/the_mascaron_drive_bleach_tome_26/19150325
SensCritique,Manga,Bleach,28,"Baron’s Lecture Full Course - Bleach, tome 28",6.6,135,26.845637583892618,3.4820780740478745,-23.363559509844745,6.912575369303959,22.231543624161073,-4.6140939597315445,464.0,464,https://www.senscritique.com/bd/barons_lecture_full_course_bleach_tome_28/19150327
SensCritique,Manga,Bleach,3,"Memories in the Rain - Bleach, tome 3",6.6,233,26.845637583892618,3.4820780740478745,-23.363559509844745,6.843583508511643,17.197986577181208,-9.64765100671141,494.0,494,https://www.senscritique.com/bd/memories_in_the_rain_bleach_tome_3/15411210
SensCritique,Manga,Bleach,70,"Friend - Bleach, tome 70",6.6,75,26.845637583892618,3.4820780740478745,-23.363559509844745,6.978150621605489,27.936241610738254,1.0906040268456358,430.0,430,https://www.senscritique.com/bd/friend_bleach_tome_70/23348929
SensCritique,Manga,Demon Slayer,12,"Demon Slayer, tome 12",6.6,200,26.845637583892618,3.4820780740478745,-23.363559509844745,6.863141308465134,18.70805369127517,-8.13758389261745,485.0,485,https://www.senscritique.com/bd/demon_slayer_tome_12/38808494
SensCritique,Manga,Demon Slayer,3,"Demon Slayer, tome 3",6.6,289,26.845637583892618,3.4820780740478745,-23.363559509844745,6.81630215555834,14.01006711409396,-12.835570469798657,513.0,513,https://www.senscritique.com/bd/demon_slayer_tome_3/29585660
SensCritique,Manga,Jujutsu Kaisen,26,"Vers le sud - Jujutsu Kaisen, tome 26",6.6,65,26.845637583892618,3.4820780740478745,-23.363559509844745,6.991851731083949,28.607382550335572,1.7617449664429543,426.0,426,https://www.senscritique.com/bd/jujutsu_kaisen_tome_26/83168041
SensCritique,Manga,Magi,1,"Magi : The Labyrinth of Magic, tome 1",6.6,48,26.845637583892618,3.4820780740478745,-23.363559509844745,7.017571728877104,30.620805369127517,3.775167785234899,414.0,414,https://www.senscritique.com/bd/magi_the_labyrinth_of_magic_tome_1/17931352
SensCritique,Manga,Naruto,34,"Les Retrouvailles…!! - Naruto, tome 34",6.6,379,26.845637583892618,3.4820780740478745,-23.363559509844745,6.7833069114901186,10.654362416107382,-16.191275167785236,533.0,533,https://www.senscritique.com/bd/les_retrouvailles_naruto_tome_34/15317731
SensCritique,Manga,Naruto,35,"Un nouveau duo !! - Naruto, tome 35",6.6,380,26.845637583892618,3.4820780740478745,-23.363559509844745,6.782996747511286,10.486577181208053,-16.359060402684563,534.0,534,https://www.senscritique.com/bd/un_nouveau_duo_naruto_tome_35/15428725
SensCritique,Manga,Naruto,49,"Le Conseil des cinq Kage… !! - Naruto, tome 49",6.6,355,26.845637583892618,3.4820780740478745,-23.363559509844745,6.791079642719382,10.98993288590604,-15.855704697986578,531.0,531,https://www.senscritique.com/bd/le_conseil_des_cinq_kage_naruto_tome_49/16066601
SensCritique,Manga,Naruto,51,"Sasuke vs Danzô… !! - Naruto, tome 51",6.6,345,26.845637583892618,3.4820780740478745,-23.363559509844745,6.794516326940953,11.493288590604028,-15.35234899328859,528.0,528,https://www.senscritique.com/bd/sasuke_vs_danzo_naruto_tome_51/16625346
SensCritique,Manga,One Piece,115,"Ce qu'il y a de plus fort au monde - One Piece, tome 115",6.6,27,26.845637583892618,3.4820780740478745,-23.363559509844745,7.05441629318979,34.647651006711406,7.8020134228187885,390.0,390,https://www.senscritique.com/bd/ce_qu_il_y_a_de_plus_fort_au_monde_one_piece_tome_115/138065785
SensCritique,Manga,Black Clover,10,"Black Clover, tome 10",6.5,74,23.573825503355703,2.991036971048243,-20.58278853230746,6.953512553611122,25.92281879194631,2.3489932885906057,442.0,442,https://www.senscritique.com/bd/black_clover_tome_10/29079324
SensCritique,Manga,Black Clover,32,"Black Clover, tome 32",6.5,16,23.573825503355703,2.991036971048243,-20.58278853230746,7.069388007837753,37.83557046979866,14.261744966442958,371.0,371,https://www.senscritique.com/bd/black_clover_tome_32/54702961
SensCritique,Manga,Black Clover,8,"Black Clover, tome 8",6.5,83,23.573825503355703,2.991036971048243,-20.58278853230746,6.93962951625568,24.58053691275168,1.006711409395976,450.0,450,https://www.senscritique.com/bd/black_clover_tome_8/27658500
SensCritique,Manga,Black Clover,9,"Black Clover, tome 9",6.5,76,23.573825503355703,2.991036971048243,-20.58278853230746,6.950352187383867,25.58724832214765,2.0134228187919483,444.0,444,https://www.senscritique.com/bd/black_clover_tome_9/28518886
SensCritique,Manga,Bleach,29,"The Slashing Opera - Bleach, tome 29",6.5,128,23.573825503355703,2.991036971048243,-20.58278853230746,6.881271615867758,19.546979865771814,-4.0268456375838895,480.0,480,https://www.senscritique.com/bd/the_slashing_opera_bleach_tome_29/19574742
SensCritique,Manga,Bleach,56,"March Of The Starcross - Bleach, tome 56",6.5,105,23.573825503355703,2.991036971048243,-20.58278853230746,6.909022398035348,21.72818791946309,-1.8456375838926142,467.0,467,https://www.senscritique.com/bd/march_of_the_starcross_bleach_tome_56/17525093
SensCritique,Manga,Bleach,71,"Baby, Hold Your Hand - Bleach, tome 71",6.5,78,23.573825503355703,2.991036971048243,-20.58278853230746,6.9472355632497225,25.251677852348994,1.6778523489932908,446.0,446,https://www.senscritique.com/bd/baby_hold_your_hand_bleach_tome_71/23348927
SensCritique,Manga,Demon Slayer,22,"Demon Slayer, tome 22",6.5,158,23.573825503355703,2.991036971048243,-20.58278853230746,6.850273923520786,17.533557046979865,-6.040268456375838,492.0,492,https://www.senscritique.com/bd/demon_slayer_tome_22/43116622
SensCritique,Manga,Fairy Tail,47,"Fairy Tail, tome 47",6.5,89,23.573825503355703,2.991036971048243,-20.58278853230746,6.930836925930566,23.909395973154364,0.335570469798661,454.0,454,https://www.senscritique.com/bd/fairy_tail_tome_47/17806735
SensCritique,Manga,Fairy Tail,6,"Fairy Tail, tome 6",6.5,185,23.573825503355703,2.991036971048243,-20.58278853230746,6.826391610553459,15.184563758389261,-8.389261744966442,506.0,506,https://www.senscritique.com/bd/fairy_tail_tome_6/17805441
SensCritique,Manga,Fairy Tail,7,"Fairy Tail, tome 7",6.5,179,23.573825503355703,2.991036971048243,-20.58278853230746,6.83141301994659,16.359060402684563,-7.214765100671141,499.0,499,https://www.senscritique.com/bd/fairy_tail_tome_7/17805482
SensCritique,Manga,Fairy Tail,8,"Fairy Tail, tome 8",6.5,183,23.573825503355703,2.991036971048243,-20.58278853230746,6.828048420759314,15.520134228187919,-8.053691275167784,504.0,504,https://www.senscritique.com/bd/fairy_tail_tome_8/17805502
SensCritique,Manga,Magi,23,"Magi : The Labyrinth of Magic, tome 23",6.5,17,23.573825503355703,2.991036971048243,-20.58278853230746,7.066890692013903,37.33221476510067,13.75838926174497,374.0,373–375,https://www.senscritique.com/bd/magi_the_labyrinth_of_magic_tome_23/22128312
SensCritique,Manga,Magi,24,"Magi : The Labyrinth of Magic, tome 24",6.5,17,23.573825503355703,2.991036971048243,-20.58278853230746,7.066890692013903,37.33221476510067,13.75838926174497,374.0,373–375,https://www.senscritique.com/bd/magi_the_labyrinth_of_magic_tome_24/23872721
SensCritique,Manga,Magi,27,"Magi : The Labyrinth of Magic, tome 27",6.5,17,23.573825503355703,2.991036971048243,-20.58278853230746,7.066890692013903,37.33221476510067,13.75838926174497,374.0,373–375,https://www.senscritique.com/bd/magi_the_labyrinth_of_magic_tome_27/25831099
SensCritique,Manga,Magi,28,"Magi : The Labyrinth of Magic, tome 28",6.5,15,23.573825503355703,2.991036971048243,-20.58278853230746,7.071907423801637,38.59060402684564,15.016778523489936,366.5,366–367,https://www.senscritique.com/bd/magi_the_labyrinth_of_magic_tome_28/32119665
SensCritique,Manga,Magi,30,"Magi : The Labyrinth of Magic, tome 30",6.5,15,23.573825503355703,2.991036971048243,-20.58278853230746,7.071907423801637,38.59060402684564,15.016778523489936,366.5,366–367,https://www.senscritique.com/bd/magi_the_labyrinth_of_magic_tome_30/35828245
SensCritique,Manga,My Hero Academia,19,"La Fête de Yuei - My Hero Academia, tome 19",6.5,207,23.573825503355703,2.991036971048243,-20.58278853230746,6.809213104734856,12.164429530201343,-11.40939597315436,524.0,524,https://www.senscritique.com/bd/la_fete_de_yuei_my_hero_academia_tome_19/35286457
SensCritique,Manga,Naruto,32,"Sur les traces de Sasuke !! - Naruto, tome 32",6.5,392,23.573825503355703,2.991036971048243,-20.58278853230746,6.71434672931869,6.9630872483221475,-16.610738255033556,555.0,555,https://www.senscritique.com/bd/sur_les_traces_de_sasuke_naruto_tome_32/15316653
SensCritique,Manga,Naruto,39,"Ceux qui font bouger les choses - Naruto, tome 39",6.5,372,23.573825503355703,2.991036971048243,-20.58278853230746,6.721699961885369,7.130872483221476,-16.442953020134226,554.0,554,https://www.senscritique.com/bd/ceux_qui_font_bouger_les_choses_naruto_tome_39/15428729
SensCritique,Manga,Naruto,72,"Naruto Uzumaki !! - Naruto, tome 72",6.5,300,23.573825503355703,2.991036971048243,-20.58278853230746,6.752937529900528,8.640939597315436,-14.932885906040267,545.0,545,https://www.senscritique.com/bd/naruto_uzumaki_naruto_tome_72/18158800
SensCritique,Manga,Black Clover,11,"Black Clover, tome 11",6.4,64,19.798657718120804,2.547513309015422,-17.251144409105382,6.946731191924254,25.083892617449663,5.285234899328859,447.0,447,https://www.senscritique.com/bd/black_clover_tome_11/29641704
SensCritique,Manga,Black Clover,12,"Black Clover, tome 12",6.4,60,19.798657718120804,2.547513309015422,-17.251144409105382,6.954801025015387,26.258389261744966,6.459731543624162,440.0,440,https://www.senscritique.com/bd/black_clover_tome_12/33476586
SensCritique,Manga,Black Clover,19,"Black Clover, tome 19",6.4,47,19.798657718120804,2.547513309015422,-17.251144409105382,6.982756115423139,28.43959731543624,8.640939597315437,427.0,427,https://www.senscritique.com/bd/black_clover_tome_19/39746741
SensCritique,Manga,Black Clover,2,"Black Clover, tome 2",6.4,162,19.798657718120804,2.547513309015422,-17.251144409105382,6.803085999407961,11.996644295302014,-7.80201342281879,525.0,525,https://www.senscritique.com/bd/black_clover_tome_2/22563596
SensCritique,Manga,Black Clover,21,"Black Clover, tome 21",6.4,42,19.798657718120804,2.547513309015422,-17.251144409105382,6.994273034700276,28.94295302013423,9.144295302013425,424.0,424,https://www.senscritique.com/bd/black_clover_tome_21/40913695
SensCritique,Manga,Black Clover,34,"Black Clover, tome 34",6.4,14,19.798657718120804,2.547513309015422,-17.251144409105382,7.068227012351866,37.66778523489933,17.869127516778523,372.0,372,https://www.senscritique.com/bd/black_clover_tome_34/58782624
SensCritique,Manga,Black Clover,36,"Black Clover, tome 36",6.4,8,19.798657718120804,2.547513309015422,-17.251144409105382,7.08653460173137,40.68791946308725,20.889261744966444,354.0,354,https://www.senscritique.com/bd/black_clover_tome_36/98762091
SensCritique,Manga,Black Clover,7,"Black Clover, tome 7",6.4,93,19.798657718120804,2.547513309015422,-17.251144409105382,6.89457591374727,20.050335570469798,0.251677852348994,477.0,477,https://www.senscritique.com/bd/black_clover_tome_7/25972873
SensCritique,Manga,Bleach,4,"Quincy Archer Hates You - Bleach, tome 4",6.4,216,19.798657718120804,2.547513309015422,-17.251144409105382,6.752110252410234,8.473154362416107,-11.325503355704697,546.0,546,https://www.senscritique.com/bd/quincy_archer_hates_you_bleach_tome_4/17690242
SensCritique,Manga,Bleach,67,"Black - Bleach, tome 67",6.4,87,19.798657718120804,2.547513309015422,-17.251144409105382,6.904533818050906,21.2248322147651,1.4261744966442969,470.0,470,https://www.senscritique.com/bd/black_bleach_tome_67/19138792
SensCritique,Manga,Fairy Tail,1,"Fairy Tail, tome 1",6.4,296,19.798657718120804,2.547513309015422,-17.251144409105382,6.69655044926858,6.291946308724833,-13.506711409395972,559.0,559,https://www.senscritique.com/bd/fairy_tail_tome_1/17805436
SensCritique,Manga,Fairy Tail,10,"Fairy Tail, tome 10",6.4,170,19.798657718120804,2.547513309015422,-17.251144409105382,6.794622251388898,11.661073825503356,-8.137583892617448,527.0,527,https://www.senscritique.com/bd/fairy_tail_tome_10/17805504
SensCritique,Manga,Fairy Tail,11,"Fairy Tail, tome 11",6.4,163,19.798657718120804,2.547513309015422,-17.251144409105382,6.80200822935607,11.828859060402685,-7.969798657718119,526.0,526,https://www.senscritique.com/bd/fairy_tail_tome_11/17805505
SensCritique,Manga,Fairy Tail,14,"Fairy Tail, tome 14",6.4,154,19.798657718120804,2.547513309015422,-17.251144409105382,6.811920761038821,13.171140939597315,-6.627516778523489,518.0,518,https://www.senscritique.com/bd/fairy_tail_tome_14/17805520
SensCritique,Manga,Fairy Tail,15,"Fairy Tail, tome 15",6.4,149,19.798657718120804,2.547513309015422,-17.251144409105382,6.817641882719916,14.177852348993289,-5.620805369127515,512.0,512,https://www.senscritique.com/bd/fairy_tail_tome_15/17805521
SensCritique,Manga,Fairy Tail,46,"Fairy Tail, tome 46",6.4,88,19.798657718120804,2.547513309015422,-17.251144409105382,6.902846413977158,20.889261744966444,1.0906040268456394,472.0,472,https://www.senscritique.com/bd/fairy_tail_tome_46/17806734
SensCritique,Manga,Fairy Tail,53,"Fairy Tail, tome 53",6.4,77,19.798657718120804,2.547513309015422,-17.251144409105382,6.922052353399895,23.406040268456376,3.607382550335572,457.0,457,https://www.senscritique.com/bd/fairy_tail_tome_53/22732103
SensCritique,Manga,Hunter × Hunter,38,"Hunter x Hunter, tome 38",6.4,65,19.798657718120804,2.547513309015422,-17.251144409105382,6.944750281808586,24.916107382550337,5.117449664429532,448.0,448,https://www.senscritique.com/bd/hunter_x_hunter_tome_38/98192299
SensCritique,Manga,Magi,21,"Magi : The Labyrinth of Magic, tome 21",6.4,20,19.798657718120804,2.547513309015422,-17.251144409105382,7.050870466576493,33.97651006711409,14.177852348993287,394.0,394,https://www.senscritique.com/bd/magi_the_labyrinth_of_magic_tome_21/17931649
SensCritique,Manga,Magi,29,"Magi : The Labyrinth of Magic, tome 29",6.4,15,19.798657718120804,2.547513309015422,-17.251144409105382,7.065270255660044,36.66107382550336,16.862416107382554,378.0,378,https://www.senscritique.com/bd/magi_the_labyrinth_of_magic_tome_29/33881133
SensCritique,Manga,Magi,33,"Magi : The Labyrinth of Magic, tome 33",6.4,12,19.798657718120804,2.547513309015422,-17.251144409105382,7.074220079727219,39.68120805369127,19.882550335570468,360.0,360,https://www.senscritique.com/bd/magi_the_labyrinth_of_magic_tome_33/38052002
SensCritique,Manga,Magi,35,"Magi : The Labyrinth of Magic, tome 35",6.4,13,19.798657718120804,2.547513309015422,-17.251144409105382,7.071210168657009,38.171140939597315,18.37248322147651,369.0,369,https://www.senscritique.com/bd/magi_the_labyrinth_of_magic_tome_35/38101213
SensCritique,Manga,Naruto,50,"Duel à mort dans la prison aqueuse !! - Naruto, tome 50",6.4,337,19.798657718120804,2.547513309015422,-17.251144409105382,6.674363280618923,5.620805369127517,-14.177852348993287,563.0,563,https://www.senscritique.com/bd/duel_a_mort_dans_la_prison_aqueuse_naruto_tome_50/16066602
SensCritique,Manga,Naruto,65,"Hashirama et Madara - Naruto, tome 65",6.4,309,19.798657718120804,2.547513309015422,-17.251144409105382,6.689136688036865,5.956375838926174,-13.84228187919463,561.0,561,https://www.senscritique.com/bd/hashirama_et_madara_naruto_tome_65/13019806
SensCritique,Manga,Black Clover,17,"Black Clover, tome 17",6.3,51,16.2751677852349,2.1615890493371523,-14.113578735897747,6.954393426638053,26.090604026845636,9.815436241610737,441.0,441,https://www.senscritique.com/bd/black_clover_tome_17/39566097
SensCritique,Manga,Black Clover,22,"Black Clover, tome 22",6.3,42,16.2751677852349,2.1615890493371523,-14.113578735897747,6.977672244186442,27.768456375838927,11.493288590604028,431.0,431,https://www.senscritique.com/bd/black_clover_tome_22/41365220
SensCritique,Manga,Bleach,55,"The Blood Warfare - Bleach, tome 55",6.3,104,16.2751677852349,2.1615890493371523,-14.113578735897747,6.844289135806888,17.36577181208054,1.0906040268456394,493.0,493,https://www.senscritique.com/bd/the_blood_warfare_bleach_tome_55/17525094
SensCritique,Manga,Bleach,61,"The Last 9 Days - Bleach, tome 61",6.3,96,16.2751677852349,2.1615890493371523,-14.113578735897747,6.858472566055927,18.540268456375838,2.2651006711409387,486.0,486,https://www.senscritique.com/bd/the_last_9_days_bleach_tome_61/19106877
SensCritique,Manga,Bleach,62,"Heart of Wolf - Bleach, tome 62",6.3,100,16.2751677852349,2.1615890493371523,-14.113578735897747,6.851289639161318,17.869127516778523,1.5939597315436238,490.0,490,https://www.senscritique.com/bd/heart_of_wolf_bleach_tome_62/15331212
SensCritique,Manga,Bleach,64,"Death In Vision - Bleach, tome 64",6.3,91,16.2751677852349,2.1615890493371523,-14.113578735897747,6.867718800593277,18.875838926174495,2.600671140939596,484.0,484,https://www.senscritique.com/bd/death_in_vision_bleach_tome_64/19118472
SensCritique,Manga,Bleach,68,"The Ordinary Peace - Bleach, tome 68",6.3,85,16.2751677852349,2.1615890493371523,-14.113578735897747,6.879226614118817,19.379194630872483,3.104026845637584,481.0,481,https://www.senscritique.com/bd/the_ordinary_peace_bleach_tome_68/19145735
SensCritique,Manga,Bleach,73,"Battlefield Burning - Bleach, tome 73",6.3,76,16.2751677852349,2.1615890493371523,-14.113578735897747,6.89739051491,20.385906040268456,4.1107382550335565,475.0,475,https://www.senscritique.com/bd/battlefield_burning_bleach_tome_73/25314342
SensCritique,Manga,Fairy Tail,13,"Fairy Tail, tome 13",6.3,155,16.2751677852349,2.1615890493371523,-14.113578735897747,6.76844556770265,9.815436241610739,-6.4597315436241605,538.0,538,https://www.senscritique.com/bd/fairy_tail_tome_13/17805519
SensCritique,Manga,Fairy Tail,28,"Fairy Tail, tome 28",6.3,113,16.2751677852349,2.1615890493371523,-14.113578735897747,6.8291699931455865,15.855704697986576,-0.4194630872483227,502.0,502,https://www.senscritique.com/bd/fairy_tail_tome_28/17806509
SensCritique,Manga,Fairy Tail,30,"Fairy Tail, tome 30",6.3,115,16.2751677852349,2.1615890493371523,-14.113578735897747,6.825923551469846,15.016778523489933,-1.2583892617449663,507.0,507,https://www.senscritique.com/bd/fairy_tail_tome_30/17806528
SensCritique,Manga,Fairy Tail,45,"Fairy Tail, tome 45",6.3,86,16.2751677852349,2.1615890493371523,-14.113578735897747,6.877276356158821,19.211409395973153,2.9362416107382536,482.0,482,https://www.senscritique.com/bd/fairy_tail_tome_45/17806733
SensCritique,Manga,Fairy Tail,49,"Fairy Tail, tome 49",6.3,90,16.2751677852349,2.1615890493371523,-14.113578735897747,6.869604909565348,19.043624161073826,2.7684563758389267,483.0,483,https://www.senscritique.com/bd/fairy_tail_tome_49/18437426
SensCritique,Manga,Fairy Tail,5,"Fairy Tail, tome 5",6.3,205,16.2751677852349,2.1615890493371523,-14.113578735897747,6.712142013892235,6.62751677852349,-9.64765100671141,557.0,557,https://www.senscritique.com/bd/fairy_tail_tome_5/17805440
SensCritique,Manga,Fairy Tail,54,"Fairy Tail, tome 54",6.3,74,16.2751677852349,2.1615890493371523,-14.113578735897747,6.90158272904972,20.721476510067113,4.446308724832214,473.0,473,https://www.senscritique.com/bd/fairy_tail_tome_54/23751262
SensCritique,Manga,Fairy Tail,9,"Fairy Tail, tome 9",6.3,177,16.2751677852349,2.1615890493371523,-14.113578735897747,6.741884221080334,7.969798657718121,-8.305369127516778,549.0,549,https://www.senscritique.com/bd/fairy_tail_tome_9/17805503
SensCritique,Manga,Magi,25,"Magi : The Labyrinth of Magic, tome 25",6.3,16,16.2751677852349,2.1615890493371523,-14.113578735897747,7.0552910915381934,34.81543624161074,18.54026845637584,389.0,389,https://www.senscritique.com/bd/magi_the_labyrinth_of_magic_tome_25/24906742
SensCritique,Manga,Naruto,52,"Réalités multiples - Naruto, tome 52",6.3,333,16.2751677852349,2.1615890493371523,-14.113578735897747,6.61516742238818,3.942953020134228,-12.332214765100671,573.0,573,https://www.senscritique.com/bd/realites_multiples_naruto_tome_52/15796395
SensCritique,Manga,Black Clover,1,"Le Serment - Black Clover, tome 1",6.2,285,12.919463087248323,1.6892243666131717,-11.230238720635151,6.588207818103165,3.4395973154362416,-9.479865771812081,576.0,576,https://www.senscritique.com/bd/black_clover_tome_1/21325917
SensCritique,Manga,Black Clover,18,"Black Clover, tome 18",6.2,48,12.919463087248323,1.6892243666131717,-11.230238720635151,6.943440454745829,24.748322147651006,11.828859060402683,449.0,449,https://www.senscritique.com/bd/black_clover_tome_18/39746740
SensCritique,Manga,Black Clover,5,"Black Clover, tome 5",6.2,103,12.919463087248323,1.6892243666131717,-11.230238720635151,6.8132199929272925,13.506711409395972,0.5872483221476497,516.0,516,https://www.senscritique.com/bd/black_clover_tome_5/25113916
SensCritique,Manga,Bleach,54,"Goodbye To Our Xcution - Bleach, tome 54",6.2,104,12.919463087248323,1.6892243666131717,-11.230238720635151,6.811273262791016,12.919463087248323,0.0,519.5,519–520,https://www.senscritique.com/bd/goodbye_to_our_xcution_bleach_tome_54/17525095
SensCritique,Manga,Bleach,69,"Against The Judgement - Bleach, tome 69",6.2,85,12.919463087248323,1.6892243666131717,-11.230238720635151,6.850510397902601,17.701342281879196,4.781879194630873,491.0,491,https://www.senscritique.com/bd/against_the_judgement_bleach_tome_69/19145736
SensCritique,Manga,Fairy Tail,19,"Fairy Tail, tome 19",6.2,140,12.919463087248323,1.6892243666131717,-11.230238720635151,6.748578569171424,8.13758389261745,-4.781879194630873,548.0,548,https://www.senscritique.com/bd/fairy_tail_tome_19/17805587
SensCritique,Manga,Fairy Tail,2,"Fairy Tail, tome 2",6.2,259,12.919463087248323,1.6892243666131717,-11.230238720635151,6.609683144210999,3.7751677852348995,-9.144295302013424,574.0,574,https://www.senscritique.com/bd/fairy_tail_tome_2/17805437
SensCritique,Manga,Fairy Tail,26,"Fairy Tail, tome 26",6.2,114,12.919463087248323,1.6892243666131717,-11.230238720635151,6.7924648547051385,11.325503355704697,-1.5939597315436256,529.0,529,https://www.senscritique.com/bd/fairy_tail_tome_26/17806488
SensCritique,Manga,Fairy Tail,29,"Fairy Tail, tome 29",6.2,116,12.919463087248323,1.6892243666131717,-11.230238720635151,6.788841216450062,10.822147651006711,-2.0973154362416118,532.0,532,https://www.senscritique.com/bd/fairy_tail_tome_29/17806521
SensCritique,Manga,Fairy Tail,36,"Fairy Tail, tome 36",6.2,105,12.919463087248323,1.6892243666131717,-11.230238720635151,6.809338853731551,12.332214765100671,-0.5872483221476514,523.0,523,https://www.senscritique.com/bd/fairy_tail_tome_36/17806642
SensCritique,Manga,Fairy Tail,37,"Fairy Tail, tome 37",6.2,104,12.919463087248323,1.6892243666131717,-11.230238720635151,6.811273262791016,12.919463087248323,0.0,519.5,519–520,https://www.senscritique.com/bd/fairy_tail_tome_37/17806655
SensCritique,Manga,Fairy Tail,39,"Fairy Tail, tome 39",6.2,96,12.919463087248323,1.6892243666131717,-11.230238720635151,6.82720220774974,15.35234899328859,2.4328859060402674,505.0,505,https://www.senscritique.com/bd/fairy_tail_tome_39/17806661
SensCritique,Manga,Fairy Tail,4,"Fairy Tail, tome 4",6.2,205,12.919463087248323,1.6892243666131717,-11.230238720635151,6.662863167738389,4.949664429530201,-7.969798657718122,567.0,567,https://www.senscritique.com/bd/fairy_tail_tome_4/17805439
SensCritique,Manga,Hunter × Hunter,37,"Hunter x Hunter, tome 37",6.2,84,12.919463087248323,1.6892243666131717,-11.230238720635151,6.852715517895492,18.20469798657718,5.285234899328858,488.0,488,https://www.senscritique.com/bd/hunter_x_hunter_tome_37/51283399
SensCritique,Manga,Magi,31,"Magi : The Labyrinth of Magic, tome 31",6.2,13,12.919463087248323,1.6892243666131717,-11.230238720635151,7.059603025799865,36.15771812080537,23.238255033557046,381.0,381,https://www.senscritique.com/bd/magi_the_labyrinth_of_magic_tome_31/38010298
SensCritique,Manga,Magi,32,"Magi : The Labyrinth of Magic, tome 32",6.2,14,12.919463087248323,1.6892243666131717,-11.230238720635151,7.055782567907421,34.98322147651007,22.063758389261743,388.0,388,https://www.senscritique.com/bd/magi_the_labyrinth_of_magic_tome_32/38048450
SensCritique,Manga,Naruto,54,"Un pont pour la paix - Naruto, tome 54",6.2,322,12.919463087248323,1.6892243666131717,-11.230238720635151,6.561259057747035,2.097315436241611,-10.822147651006713,584.0,584,https://www.senscritique.com/bd/un_pont_pour_la_paix_naruto_tome_54/15799732
SensCritique,Manga,Naruto,58,"Naruto vs Itachi !! - Naruto, tome 58",6.2,304,12.919463087248323,1.6892243666131717,-11.230238720635151,6.573885587920718,2.6006711409395975,-10.318791946308725,581.0,581,https://www.senscritique.com/bd/naruto_vs_itachi_naruto_tome_58/16625349
SensCritique,Manga,Naruto,61,"Frères unis dans le combat !! - Naruto, tome 61",6.2,310,12.919463087248323,1.6892243666131717,-11.230238720635151,6.56957980379879,2.4328859060402683,-10.486577181208055,582.0,582,https://www.senscritique.com/bd/freres_unis_dans_le_combat_naruto_tome_61/16626837
SensCritique,Manga,Naruto,63,"Monde onirique - Naruto, tome 63",6.2,293,12.919463087248323,1.6892243666131717,-11.230238720635151,6.582045789244384,3.1040268456375837,-9.815436241610739,578.0,578,https://www.senscritique.com/bd/monde_onirique_naruto_tome_63/16626840
SensCritique,Manga,Naruto,66,"Protection mutuelle - Naruto, tome 66",6.2,289,12.919463087248323,1.6892243666131717,-11.230238720635151,6.5851021555583396,3.271812080536913,-9.64765100671141,577.0,577,https://www.senscritique.com/bd/protection_mutuelle_naruto_tome_66/16626845
SensCritique,Manga,Naruto,69,"Un printemps écarlate - Naruto, tome 69",6.2,314,12.919463087248323,1.6892243666131717,-11.230238720635151,6.566763957674609,2.2651006711409396,-10.654362416107382,583.0,583,https://www.senscritique.com/bd/un_printemps_ecarlate_naruto_tome_69/17255096
SensCritique,Manga,Black Clover,33,"Black Clover, tome 33",6.1,16,9.395973154362416,1.1752096138939345,-8.220763540468482,7.041194175238633,32.80201342281879,23.406040268456373,401.0,401,https://www.senscritique.com/bd/black_clover_tome_33/55983196
SensCritique,Manga,Bleach,66,"Sorry I Am Strong - Bleach, tome 66",6.1,90,9.395973154362416,1.1752096138939345,-8.220763540468482,6.809804245113521,12.667785234899329,3.271812080536913,521.0,521,https://www.senscritique.com/bd/sorry_i_am_strong_bleach_tome_66/19118741
SensCritique,Manga,Fairy Tail,18,"Fairy Tail, tome 18",6.1,138,9.395973154362416,1.1752096138939345,-8.220763540468482,6.712180738622263,6.795302013422819,-2.600671140939597,556.0,556,https://www.senscritique.com/bd/fairy_tail_tome_18/17805586
SensCritique,Manga,Fairy Tail,24,"Fairy Tail, tome 24",6.1,124,9.395973154362416,1.1752096138939345,-8.220763540468482,6.737764411281105,7.634228187919463,-1.7617449664429525,551.0,551,https://www.senscritique.com/bd/fairy_tail_tome_24/17806474
SensCritique,Manga,Fairy Tail,25,"Fairy Tail, tome 25",6.1,118,9.395973154362416,1.1752096138939345,-8.220763540468482,6.749395373188966,8.305369127516778,-1.0906040268456376,547.0,547,https://www.senscritique.com/bd/fairy_tail_tome_25/17806482
SensCritique,Manga,Fairy Tail,27,"Fairy Tail, tome 27",6.1,115,9.395973154362416,1.1752096138939345,-8.220763540468482,6.755371404230583,8.808724832214764,-0.5872483221476514,544.0,544,https://www.senscritique.com/bd/fairy_tail_tome_27/17806491
SensCritique,Manga,Fairy Tail,3,"Fairy Tail, tome 3",6.1,234,9.395973154362416,1.1752096138939345,-8.220763540468482,6.580114781526225,2.936241610738255,-6.4597315436241605,579.0,579,https://www.senscritique.com/bd/fairy_tail_tome_3/17805438
SensCritique,Manga,Fairy Tail,33,"Fairy Tail, tome 33",6.1,109,9.395973154362416,1.1752096138939345,-8.220763540468482,6.7676596180599065,9.64765100671141,0.251677852348994,539.0,539,https://www.senscritique.com/bd/fairy_tail_tome_33/17806627
SensCritique,Manga,Fairy Tail,34,"Fairy Tail, tome 34",6.1,114,9.395973154362416,1.1752096138939345,-8.220763540468482,6.757387931628215,9.312080536912752,-0.08389261744966348,541.0,541,https://www.senscritique.com/bd/fairy_tail_tome_34/17806634
SensCritique,Manga,Fairy Tail,38,"Fairy Tail, tome 38",6.1,104,9.395973154362416,1.1752096138939345,-8.220763540468482,6.778257389775143,10.318791946308725,0.9228187919463089,535.0,535,https://www.senscritique.com/bd/fairy_tail_tome_38/17806659
SensCritique,Manga,Fairy Tail,44,"Fairy Tail, tome 44",6.1,86,9.395973154362416,1.1752096138939345,-8.220763540468482,6.819363898246363,14.345637583892618,4.949664429530202,511.0,511,https://www.senscritique.com/bd/fairy_tail_tome_44/17806732
SensCritique,Manga,Fairy Tail,48,"Fairy Tail, tome 48",6.1,88,9.395973154362416,1.1752096138939345,-8.220763540468482,6.814552099595886,13.842281879194632,4.446308724832216,514.0,514,https://www.senscritique.com/bd/fairy_tail_tome_48/18309374
SensCritique,Manga,Fairy Tail,52,"Fairy Tail, tome 52",6.1,79,9.395973154362416,1.1752096138939345,-8.220763540468482,6.836727854410931,16.526845637583893,7.130872483221477,498.0,498,https://www.senscritique.com/bd/fairy_tail_tome_52/22128310
SensCritique,Manga,Fairy Tail,55,"Fairy Tail, tome 55",6.1,73,9.395973154362416,1.1752096138939345,-8.220763540468482,6.852292527391443,18.036912751677853,8.640939597315437,489.0,489,https://www.senscritique.com/bd/fairy_tail_tome_55/24474008
SensCritique,Manga,Jujutsu Kaisen,27,"Stupid Survivor !! - Jujutsu Kaisen, tome 27",6.1,57,9.395973154362416,1.1752096138939345,-8.220763540468482,6.897205514101381,20.21812080536913,10.822147651006713,476.0,476,https://www.senscritique.com/bd/jujutsu_kaisen_tome_27/93750661
SensCritique,Manga,Jujutsu Kaisen,28,"La Bataille du no man's land de Shinjuku : avance - Jujutsu Kaisen, tome 28",6.1,48,9.395973154362416,1.1752096138939345,-8.220763540468482,6.924907636213011,23.573825503355703,14.177852348993287,456.0,456,https://www.senscritique.com/bd/jujutsu_kaisen_tome_28/100041901
SensCritique,Manga,Magi,34,"Magi : The Labyrinth of Magic, tome 34",6.1,12,9.395973154362416,1.1752096138939345,-8.220763540468482,7.058076581969372,35.82214765100671,26.426174496644293,383.0,383,https://www.senscritique.com/bd/magi_the_labyrinth_of_magic_tome_34/38077094
SensCritique,Manga,Naruto,59,"Côte à côte… !! - Naruto, tome 59",6.1,308,9.395973154362416,1.1752096138939345,-8.220763540468482,6.511659109401098,1.5939597315436242,-7.802013422818792,587.0,587,https://www.senscritique.com/bd/cote_a_cote_naruto_tome_59/16625350
SensCritique,Manga,Naruto,60,"Kurama - Naruto, tome 60",6.1,312,9.395973154362416,1.1752096138939345,-8.220763540468482,6.508510664969732,1.4261744966442953,-7.969798657718121,588.0,588,https://www.senscritique.com/bd/kurama_naruto_tome_60/16625351
SensCritique,Manga,Naruto,64,"Jûbi - Naruto, tome 64",6.1,288,9.395973154362416,1.1752096138939345,-8.220763540468482,6.528158472503346,1.761744966442953,-7.634228187919463,586.0,586,https://www.senscritique.com/bd/jubi_naruto_tome_64/16626842
SensCritique,Manga,Bleach,52,"End Of Bond - Bleach, tome 52",6.0,99,6.375838926174497,0.774906163383969,-5.600932762790528,6.757261541223129,9.144295302013424,2.7684563758389267,542.0,542,https://www.senscritique.com/bd/end_of_bond_bleach_tome_52/19601429
SensCritique,Manga,Bleach,63,"Hear, Fear, Here - Bleach, tome 63",6.0,97,6.375838926174497,0.774906163383969,-5.600932762790528,6.762178823958344,9.479865771812081,3.104026845637584,540.0,540,https://www.senscritique.com/bd/hear_fear_here_bleach_tome_63/19117931
SensCritique,Manga,Bleach,72,"My Last Words - Bleach, tome 72",6.0,79,6.375838926174497,0.774906163383969,-5.600932762790528,6.809486475100586,12.5,6.124161073825503,522.0,522,https://www.senscritique.com/bd/my_last_words_bleach_tome_72/23348928
SensCritique,Manga,Fairy Tail,17,"Fairy Tail, tome 17",6.0,145,6.375838926174497,0.774906163383969,-5.600932762790528,6.659413139829129,4.614093959731544,-1.7617449664429534,569.0,569,https://www.senscritique.com/bd/fairy_tail_tome_17/17805523
SensCritique,Manga,Fairy Tail,32,"Fairy Tail, tome 32",6.0,109,6.375838926174497,0.774906163383969,-5.600932762790528,6.733597118059906,7.466442953020135,1.0906040268456376,552.0,552,https://www.senscritique.com/bd/fairy_tail_tome_32/17806618
SensCritique,Manga,Fairy Tail,35,"Fairy Tail, tome 35",6.0,107,6.375838926174497,0.774906163383969,-5.600932762790528,6.738210936412484,7.802013422818792,1.426174496644295,550.0,550,https://www.senscritique.com/bd/fairy_tail_tome_35/17806644
SensCritique,Manga,Fairy Tail,43,"Fairy Tail, tome 43",6.0,93,6.375838926174497,0.774906163383969,-5.600932762790528,6.772207492694638,9.983221476510067,3.6073825503355703,537.0,537,https://www.senscritique.com/bd/fairy_tail_tome_43/17806731
SensCritique,Manga,Fairy Tail,50,"Fairy Tail, tome 50",6.0,91,6.375838926174497,0.774906163383969,-5.600932762790528,6.7773214495999,10.151006711409396,3.775167785234899,536.0,536,https://www.senscritique.com/bd/fairy_tail_tome_50/19441662
SensCritique,Manga,Fairy Tail,51,"Fairy Tail, tome 51",6.0,78,6.375838926174497,0.774906163383969,-5.600932762790528,6.81228746636391,13.338926174496644,6.963087248322147,517.0,517,https://www.senscritique.com/bd/fairy_tail_tome_51/20241698
SensCritique,Manga,Fairy Tail,56,Fairy Tail tome 56,6.0,74,6.375838926174497,0.774906163383969,-5.600932762790528,6.8236879922076135,14.681208053691275,8.305369127516778,509.0,509,https://www.senscritique.com/bd/fairy_tail_tome_56/24947033
SensCritique,Manga,Fairy Tail,58,"Fairy Tail, tome 58",6.0,68,6.375838926174497,0.774906163383969,-5.600932762790528,6.841401712470143,17.030201342281877,10.65436241610738,495.0,495,https://www.senscritique.com/bd/fairy_tail_tome_58/25314348
SensCritique,Manga,Fairy Tail,62,"Fairy Tail, tome 62",6.0,63,6.375838926174497,0.774906163383969,-5.600932762790528,6.856755758318139,18.37248322147651,11.996644295302014,487.0,487,https://www.senscritique.com/bd/fairy_tail_tome_62/29400243
SensCritique,Manga,Naruto,55,"Le Début de la Grande Guerre ! - Naruto, tome 55",6.0,324,6.375838926174497,0.774906163383969,-5.600932762790528,6.438787061269476,0.7550335570469798,-5.620805369127517,592.0,592,https://www.senscritique.com/bd/le_debut_de_la_grande_guerre_naruto_tome_55/15799777
SensCritique,Manga,Naruto,62,"Fissure - Naruto, tome 62",6.0,293,6.375838926174497,0.774906163383969,-5.600932762790528,6.465775947974543,1.174496644295302,-5.201342281879195,589.5,589–590,https://www.senscritique.com/bd/fissure_naruto_tome_62/16626838
SensCritique,Manga,Naruto,67,"La Brèche - Naruto, tome 67",6.0,293,6.375838926174497,0.774906163383969,-5.600932762790528,6.465775947974543,1.174496644295302,-5.201342281879195,589.5,589–590,https://www.senscritique.com/bd/la_breche_naruto_tome_67/16626847
SensCritique,Manga,Naruto,68,"Sillon - Naruto, tome 68",6.0,318,6.375838926174497,0.774906163383969,-5.600932762790528,6.443763852134537,0.9228187919463087,-5.453020134228188,591.0,591,https://www.senscritique.com/bd/sillon_naruto_tome_68/16748378
SensCritique,Manga,Black Clover,20,"Black Clover, tome 20",5.9,45,3.6912751677852347,0.4312104468953344,-3.2600647208899005,6.8994182725748825,20.553691275167786,16.86241610738255,474.0,474,https://www.senscritique.com/bd/black_clover_tome_20/40393613
SensCritique,Manga,Bleach,65,"Marching Out The Zombies - Bleach, tome 65",5.9,88,3.6912751677852347,0.4312104468953344,-3.2600647208899005,6.755689223341705,8.976510067114093,5.2852348993288585,543.0,543,https://www.senscritique.com/bd/marching_out_the_zombies_bleach_tome_65/19118740
SensCritique,Manga,Bleach,74,"The Death And The Strawberry - Bleach, tome 74",5.9,76,3.6912751677852347,0.4312104468953344,-3.2600647208899005,6.791467169962265,11.157718120805368,7.466442953020134,530.0,530,https://www.senscritique.com/bd/the_death_and_the_strawberry_bleach_tome_74/27157125
SensCritique,Manga,Demon Slayer,23,"Demon Slayer, tome 23",5.9,186,3.6912751677852347,0.4312104468953344,-3.2600647208899005,6.5444611530961465,1.929530201342282,-1.7617449664429528,585.0,585,https://www.senscritique.com/bd/demon_slayer_tome_23/43427239
SensCritique,Manga,Fairy Tail,16,"Fairy Tail, tome 16",5.9,144,3.6912751677852347,0.4312104468953344,-3.2600647208899005,6.620707261349774,4.110738255033557,0.4194630872483227,572.0,572,https://www.senscritique.com/bd/fairy_tail_tome_16/17805522
SensCritique,Manga,Fairy Tail,21,"Fairy Tail, tome 21",5.9,129,3.6912751677852347,0.4312104468953344,-3.2600647208899005,6.6525031699387345,4.446308724832215,0.7550335570469802,570.0,570,https://www.senscritique.com/bd/fairy_tail_tome_21/17805589
SensCritique,Manga,Fairy Tail,31,"Fairy Tail, tome 31",5.9,106,3.6912751677852347,0.4312104468953344,-3.2600647208899005,6.707101191732398,6.459731543624161,2.7684563758389267,558.0,558,https://www.senscritique.com/bd/fairy_tail_tome_31/17806609
SensCritique,Manga,Fairy Tail,42,"Fairy Tail, tome 42",5.9,98,3.6912751677852347,0.4312104468953344,-3.2600647208899005,6.7279970154665705,7.298657718120805,3.6073825503355703,553.0,553,https://www.senscritique.com/bd/fairy_tail_tome_42/17806704
SensCritique,Manga,Fairy Tail,57,"Fairy Tail, tome 57",5.9,67,3.6912751677852347,0.4312104468953344,-3.2600647208899005,6.820327617910683,14.513422818791947,10.822147651006713,510.0,510,https://www.senscritique.com/bd/fairy_tail_tome_57/25314347
SensCritique,Manga,Fairy Tail,59,"Fairy Tail, tome 59",5.9,69,3.6912751677852347,0.4312104468953344,-3.2600647208899005,6.813753849211321,13.674496644295303,9.983221476510067,515.0,515,https://www.senscritique.com/bd/fairy_tail_tome_59/27053325
SensCritique,Manga,Fairy Tail,60,"Fairy Tail, tome 60",5.9,64,3.6912751677852347,0.4312104468953344,-3.2600647208899005,6.830367555560618,16.107382550335572,12.416107382550337,500.5,500–501,https://www.senscritique.com/bd/fairy_tail_tome_60/27747305
SensCritique,Manga,Fairy Tail,61,"Fairy Tail, tome 61",5.9,64,3.6912751677852347,0.4312104468953344,-3.2600647208899005,6.830367555560618,16.107382550335572,12.416107382550337,500.5,500–501,https://www.senscritique.com/bd/fairy_tail_tome_61/28492150
SensCritique,Manga,Fairy Tail,63,"Fairy Tail, tome 63",5.9,62,3.6912751677852347,0.4312104468953344,-3.2600647208899005,6.8371834350885345,16.69463087248322,13.003355704697984,497.0,497,https://www.senscritique.com/bd/fairy_tail_tome_63/31322683
SensCritique,Manga,Magi,36,"Magi : The Labyrinth of Magic, tome 36",5.9,13,3.6912751677852347,0.4312104468953344,-3.2600647208899005,7.042192311514151,33.13758389261745,29.446308724832214,399.0,399,https://www.senscritique.com/bd/magi_the_labyrinth_of_magic_tome_36/38141249
SensCritique,Manga,Naruto,56,"L’Équipe Asuma de nouveau réunie ! - Naruto, tome 56",5.9,311,3.6912751677852347,0.4312104468953344,-3.2600647208899005,6.390136164327912,0.41946308724832215,-3.2718120805369124,594.0,594,https://www.senscritique.com/bd/lequipe_asuma_de_nouveau_reunie_naruto_tome_56/16625347
SensCritique,Manga,Naruto,57,"Naruto part en guerre… !! - Naruto, tome 57",5.9,306,3.6912751677852347,0.4312104468953344,-3.2600647208899005,6.3948763593407545,0.587248322147651,-3.1040268456375837,593.0,593,https://www.senscritique.com/bd/naruto_part_en_guerre_naruto_tome_57/16625348
SensCritique,Manga,Bleach,49,"The Lost Agent - Bleach, tome 49",5.8,105,1.5939597315436242,0.1782523828963657,-1.4157073486472584,6.676427461326487,5.7885906040268456,4.194630872483222,562.0,562,https://www.senscritique.com/bd/the_lost_agent_bleach_tome_49/19601424
SensCritique,Manga,Bleach,50,"The Six Fullbringers - Bleach, tome 50",5.8,106,1.5939597315436242,0.1782523828963657,-1.4157073486472584,6.67366270592798,5.285234899328859,3.691275167785235,565.0,565,https://www.senscritique.com/bd/the_six_fullbringers_bleach_tome_50/19601426
SensCritique,Manga,Fairy Tail,20,"Fairy Tail, tome 20",5.8,135,1.5939597315436242,0.1782523828963657,-1.4157073486472584,6.60043664098026,3.6073825503355703,2.013422818791946,575.0,575,https://www.senscritique.com/bd/fairy_tail_tome_20/17805834
SensCritique,Manga,Fairy Tail,23,"Fairy Tail, tome 23",5.8,120,1.5939597315436242,0.1782523828963657,-1.4157073486472584,6.636710204770906,4.278523489932886,2.684563758389262,571.0,571,https://www.senscritique.com/bd/fairy_tail_tome_23/17805889
SensCritique,Manga,Fairy Tail,40,"Fairy Tail, tome 40",5.8,98,1.5939597315436242,0.1782523828963657,-1.4157073486472584,6.696281805110583,6.124161073825503,4.530201342281879,560.0,560,https://www.senscritique.com/bd/fairy_tail_tome_40/17806671
SensCritique,Manga,Jujutsu Kaisen,29,"Jujutsu Kaisen, tome 29",5.8,44,1.5939597315436242,0.1782523828963657,-1.4157073486472584,6.886082657957529,19.71476510067114,18.120805369127517,479.0,479,https://www.senscritique.com/bd/jujutsu_kaisen_tome_29/103535926
SensCritique,Manga,Magi,37,"Magi : The Labyrinth of Magic, tome 37",5.8,13,1.5939597315436242,0.1782523828963657,-1.4157073486472584,7.03638874008558,31.62751677852349,30.033557046979865,408.0,408,https://www.senscritique.com/bd/magi_the_labyrinth_of_magic_tome_37/38209253
SensCritique,Manga,Naruto,70,"Naruto et l’Ermite Rikudô… ! - Naruto, tome 70",5.8,308,1.5939597315436242,0.1782523828963657,-1.4157073486472584,6.333624427320173,0.08389261744966443,-1.5100671140939599,596.0,596,https://www.senscritique.com/bd/naruto_et_lermite_rikudo_naruto_tome_70/18158798
SensCritique,Manga,Naruto,71,"Je vous adore - Naruto, tome 71",5.8,304,1.5939597315436242,0.1782523828963657,-1.4157073486472584,6.33776908306635,0.2516778523489933,-1.342281879194631,595.0,595,https://www.senscritique.com/bd/je_vous_adore_naruto_tome_71/18158799
SensCritique,Manga,Bleach,51,"Love Me Bitterly Loth Me Sweetly - Bleach, tome 51",5.7,97,0.5033557046979866,0.04165006999525652,-0.4617056347027301,6.667698304477825,5.117449664429531,4.6140939597315445,566.0,566,https://www.senscritique.com/bd/love_me_bitterly_loth_me_sweetly_bleach_tome_51/19601427
SensCritique,Manga,Bleach,53,"The Deathberry Returns 2 - Bleach, tome 53",5.7,99,0.5033557046979866,0.04165006999525652,-0.4617056347027301,6.661455089610226,4.781879194630872,4.278523489932885,568.0,568,https://www.senscritique.com/bd/the_deathberry_returns_2_bleach_tome_53/19601431
SensCritique,Manga,Fairy Tail,22,"Fairy Tail, tome 22",5.7,129,0.5033557046979866,0.04165006999525652,-0.4617056347027301,6.5766208169975595,2.7684563758389262,2.2651006711409396,580.0,580,https://www.senscritique.com/bd/fairy_tail_tome_22/17805888
SensCritique,Manga,Fairy Tail,41,"Fairy Tail, tome 41",5.7,95,0.5033557046979866,0.04165006999525652,-0.4617056347027301,6.674023129997288,5.453020134228188,4.949664429530202,564.0,564,https://www.senscritique.com/bd/fairy_tail_tome_41/17806676
SensCritique,Manga,Jujutsu Kaisen,30,"Jujutsu Kaisen, tome 30",5.4,42,0.08389261744966443,0.0034708391662713767,-0.08042177828339306,6.828265129561936,15.687919463087248,15.604026845637582,503.0,503,https://www.senscritique.com/bd/jujutsu_kaisen_tome_30/103535927
