platform,family,series,position,title,rating,ratings_count,reference_n,percentile_midrank,percentile_band,descending_rank_mid,descending_rank_range,strictly_lower,tied,strictly_higher,strictly_better_pct,source
Goodreads,Manga,One Piece,103,ONE PIECE 103 解放の戦士,4.77,3829,600,99.91666666666667,P99+,1.0,1,599,1,0,0.0,
Goodreads,Fantasy — cycle principal,Stormlight Archive,2,Words of Radiance,4.76,532605,600,99.75,P99+,2.0,2,598,1,1,0.16666666666666666,https://www.goodreads.com/series/49075-the-stormlight-archive
Goodreads,Manga,Fullmetal Alchemist,27,鋼の錬金術師 27 [Hagane no Renkinjutsushi 27],4.75,6698,600,99.5,P99+,3.5,3–4,596,2,2,0.3333333333333333,
Goodreads,Manga,One Piece,104,ONE PIECE 104 ワノ国将軍 光月モモの助,4.75,3671,600,99.5,P99+,3.5,3–4,596,2,2,0.3333333333333333,
Goodreads,Manga,One Piece,109,ONE PIECE 109 きみの味方,4.74,2436,600,99.16666666666667,P99+,5.5,5–6,594,2,4,0.6666666666666666,
Goodreads,Manga,One Piece,59,"One Piece, Volume 59: The Death of Portgaz D. Ace",4.74,6950,600,99.16666666666667,P99+,5.5,5–6,594,2,4,0.6666666666666666,
Goodreads,Manga,One Piece,58,"One Piece, Volume 58: The Name of This Era is \",4.73,7217,600,98.91666666666667,P95–99,7.0,7,593,1,6,1.0,
Goodreads,Manga,One Piece,100,ONE PIECE 100 覇王色,4.72,4267,600,98.75,P95–99,8.0,8,592,1,7,1.1666666666666667,
Goodreads,Manga,One Piece,108,ONE PIECE 108 死んだ方がいい世界,4.7,2703,600,98.25,P95–99,11.0,9–13,587,5,8,1.3333333333333333,
Goodreads,Manga,One Piece,110,ONE PIECE 110 時代のうねり,4.7,2164,600,98.25,P95–99,11.0,9–13,587,5,8,1.3333333333333333,
Goodreads,Manga,One Piece,41,"One Piece, Volume 41: Declaration of War",4.7,7767,600,98.25,P95–99,11.0,9–13,587,5,8,1.3333333333333333,
Goodreads,Manga,One Piece,44,"One Piece, Volume 44: Let's Go Back",4.7,7563,600,98.25,P95–99,11.0,9–13,587,5,8,1.3333333333333333,
Goodreads,Manga,One Piece,96,"One Piece, Volume 96: I Am Oden and I was Born to Boil!",4.7,4213,600,98.25,P95–99,11.0,9–13,587,5,8,1.3333333333333333,
Goodreads,Manga,Demon Slayer,22,鬼滅の刃 22 [Kimetsu no Yaiba 22],4.69,16722,600,97.5,P95–99,15.5,14–17,583,4,13,2.1666666666666665,
Goodreads,Manga,Demon Slayer,23,鬼滅の刃 23 [Kimetsu no Yaiba 23],4.69,18300,600,97.5,P95–99,15.5,14–17,583,4,13,2.1666666666666665,
Goodreads,Manga,One Piece,114,ONE PIECE 114,4.69,595,600,97.5,P95–99,15.5,14–17,583,4,13,2.1666666666666665,
Goodreads,Manga,One Piece,57,"One Piece, Volume 57: Paramount War",4.69,7584,600,97.5,P95–99,15.5,14–17,583,4,13,2.1666666666666665,
Goodreads,Manga,One Piece,107,ONE PIECE 107 伝説の英雄,4.68,2946,600,96.91666666666667,P95–99,19.0,18–20,580,3,17,2.8333333333333335,
Goodreads,Manga,One Piece,115,ONE PIECE 115,4.68,349,600,96.91666666666667,P95–99,19.0,18–20,580,3,17,2.8333333333333335,
Goodreads,Manga,One Piece,116,ONE PIECE 116,4.68,59,600,96.91666666666667,P95–99,19.0,18–20,580,3,17,2.8333333333333335,
Goodreads,Manga,Demon Slayer,18,鬼滅の刃 18 [Kimetsu no Yaiba 18],4.67,18121,600,96.08333333333333,P95–99,24.0,21–27,573,7,20,3.3333333333333335,
Goodreads,Manga,Demon Slayer,20,鬼滅の刃 20 [Kimetsu no Yaiba 20],4.67,17370,600,96.08333333333333,P95–99,24.0,21–27,573,7,20,3.3333333333333335,
Goodreads,Manga,Demon Slayer,21,鬼滅の刃 21 [Kimetsu no Yaiba 21],4.67,16775,600,96.08333333333333,P95–99,24.0,21–27,573,7,20,3.3333333333333335,
Goodreads,Manga,Fullmetal Alchemist,23,"Fullmetal Alchemist, Vol. 23",4.67,10583,600,96.08333333333333,P95–99,24.0,21–27,573,7,20,3.3333333333333335,
Goodreads,Manga,Fullmetal Alchemist,25,"Fullmetal Alchemist, Vol. 25",4.67,7999,600,96.08333333333333,P95–99,24.0,21–27,573,7,20,3.3333333333333335,
Goodreads,Manga,Fullmetal Alchemist,26,"Fullmetal Alchemist, Vol. 26",4.67,7682,600,96.08333333333333,P95–99,24.0,21–27,573,7,20,3.3333333333333335,
Goodreads,Manga,One Piece,99,One Piece 巻九十九 〝麦わらのルフィ〟,4.67,3906,600,96.08333333333333,P95–99,24.0,21–27,573,7,20,3.3333333333333335,
Goodreads,Manga,Demon Slayer,8,鬼滅の刃 8 [Kimetsu no Yaiba 8],4.66,21601,600,95.08333333333333,P95–99,30.0,28–32,568,5,27,4.5,
Goodreads,Manga,One Piece,101,ONE PIECE 101 花形登場,4.66,3700,600,95.08333333333333,P95–99,30.0,28–32,568,5,27,4.5,
Goodreads,Manga,One Piece,102,ONE PIECE 102 天王山,4.66,3589,600,95.08333333333333,P95–99,30.0,28–32,568,5,27,4.5,
Goodreads,Manga,One Piece,56,"One Piece, Volume 56: Thank You",4.66,7224,600,95.08333333333333,P95–99,30.0,28–32,568,5,27,4.5,
Goodreads,Fantasy — cycle principal,Stormlight Archive,1,The Way of Kings,4.66,727016,600,95.08333333333333,P95–99,30.0,28–32,568,5,27,4.5,https://www.goodreads.com/series/49075-the-stormlight-archive
Goodreads,Manga,Demon Slayer,19,鬼滅の刃 19 [Kimetsu no Yaiba 19],4.65,17648,600,94.41666666666667,P90–95,34.0,33–35,565,3,32,5.333333333333333,
Goodreads,Manga,Jujutsu Kaisen,14,呪術廻戦 14 [Jujutsu Kaisen 14],4.65,17483,600,94.41666666666667,P90–95,34.0,33–35,565,3,32,5.333333333333333,
Goodreads,Manga,My Hero Academia,29,僕のヒーローアカデミア 29 [Boku no Hero Academia 29],4.65,6997,600,94.41666666666667,P90–95,34.0,33–35,565,3,32,5.333333333333333,
Goodreads,Manga,Jujutsu Kaisen,9,呪術廻戦 9 [Jujutsu Kaisen 9],4.64,22206,600,93.91666666666667,P90–95,37.0,36–38,562,3,35,5.833333333333333,
Goodreads,Manga,One Piece,38,"One Piece, Volume 38: Rocketman!!",4.64,17369,600,93.91666666666667,P90–95,37.0,36–38,562,3,35,5.833333333333333,
Goodreads,Manga,One Piece,79,"One Piece, Volume 79: Lucy!!",4.64,4826,600,93.91666666666667,P90–95,37.0,36–38,562,3,35,5.833333333333333,
Goodreads,Manga,Demon Slayer,16,鬼滅の刃 16 [Kimetsu no Yaiba 16],4.63,17566,600,93.0,P90–95,42.5,39–46,554,8,38,6.333333333333333,
Goodreads,Manga,Demon Slayer,17,鬼滅の刃 17 [Kimetsu no Yaiba 17],4.63,17513,600,93.0,P90–95,42.5,39–46,554,8,38,6.333333333333333,
Goodreads,Manga,Fullmetal Alchemist,21,"Fullmetal Alchemist, Vol. 21",4.63,10291,600,93.0,P90–95,42.5,39–46,554,8,38,6.333333333333333,
Goodreads,Manga,Fullmetal Alchemist,22,"Fullmetal Alchemist, Vol. 22",4.63,10038,600,93.0,P90–95,42.5,39–46,554,8,38,6.333333333333333,
Goodreads,Manga,Fullmetal Alchemist,24,"Fullmetal Alchemist, Vol. 24",4.63,8993,600,93.0,P90–95,42.5,39–46,554,8,38,6.333333333333333,
Goodreads,Manga,My Hero Academia,30,僕のヒーローアカデミア 30 [Boku no Hero Academia 30],4.63,6486,600,93.0,P90–95,42.5,39–46,554,8,38,6.333333333333333,
Goodreads,Manga,One Piece,60,"One Piece, Volume 60: My Little Brother",4.63,6639,600,93.0,P90–95,42.5,39–46,554,8,38,6.333333333333333,
Goodreads,Manga,One Piece,84,"One Piece, Vol. 84: Luffy vs. Sanji",4.63,4655,600,93.0,P90–95,42.5,39–46,554,8,38,6.333333333333333,
Goodreads,Manga,Fullmetal Alchemist,13,"Fullmetal Alchemist, Vol. 13",4.62,11065,600,91.75,P90–95,50.0,47–53,547,7,46,7.666666666666667,
Goodreads,Manga,Fullmetal Alchemist,19,"Fullmetal Alchemist, Vol. 19",4.62,8580,600,91.75,P90–95,50.0,47–53,547,7,46,7.666666666666667,
Goodreads,Manga,Fullmetal Alchemist,20,"Fullmetal Alchemist, Vol. 20",4.62,14259,600,91.75,P90–95,50.0,47–53,547,7,46,7.666666666666667,
Goodreads,Fantasy — cycle principal,Harry Potter,7,Harry Potter and the Deathly Hallows,4.62,4234122,600,91.75,P90–95,50.0,47–53,547,7,46,7.666666666666667,https://www.goodreads.com/series/45175-harry-potter
Goodreads,Manga,Jujutsu Kaisen,11,呪術廻戦 11 [Jujutsu Kaisen 11],4.62,19680,600,91.75,P90–95,50.0,47–53,547,7,46,7.666666666666667,
Goodreads,Manga,One Piece,52,"One Piece, Volume 52: Roger and Rayleigh",4.62,7079,600,91.75,P90–95,50.0,47–53,547,7,46,7.666666666666667,
Goodreads,Manga,One Piece,98,One Piece 巻九十八 〝忠臣錦〟,4.62,3977,600,91.75,P90–95,50.0,47–53,547,7,46,7.666666666666667,
Goodreads,Manga,Demon Slayer,11,鬼滅の刃 11 [Kimetsu no Yaiba 11],4.61,17853,600,90.83333333333333,P90–95,55.5,54–57,543,4,53,8.833333333333334,
Goodreads,Manga,One Piece,105,ONE PIECE 105 ルフィの夢,4.61,3208,600,90.83333333333333,P90–95,55.5,54–57,543,4,53,8.833333333333334,
Goodreads,Manga,One Piece,45,"One Piece, Volume 45: You Have My Sympathies",4.61,7197,600,90.83333333333333,P90–95,55.5,54–57,543,4,53,8.833333333333334,
Goodreads,Manga,One Piece,97,ONE PIECE 巻九十七 〝僕の聖書〟,4.61,3997,600,90.83333333333333,P90–95,55.5,54–57,543,4,53,8.833333333333334,
Goodreads,Manga,Fullmetal Alchemist,10,"Fullmetal Alchemist, Vol. 10",4.6,12778,600,89.5,P75–90,63.5,58–69,531,12,57,9.5,
Goodreads,Manga,Fullmetal Alchemist,12,"Fullmetal Alchemist, Vol. 12",4.6,10819,600,89.5,P75–90,63.5,58–69,531,12,57,9.5,
Goodreads,Manga,Fullmetal Alchemist,15,"Fullmetal Alchemist, Vol. 15",4.6,10023,600,89.5,P75–90,63.5,58–69,531,12,57,9.5,
Goodreads,Manga,Fullmetal Alchemist,18,"Fullmetal Alchemist, Vol. 18",4.6,8944,600,89.5,P75–90,63.5,58–69,531,12,57,9.5,
Goodreads,Manga,One Piece,23,"One Piece, Volume 23: Vivi's Adventure",4.6,10401,600,89.5,P75–90,63.5,58–69,531,12,57,9.5,
Goodreads,Manga,One Piece,55,"One Piece, Volume 55: A Ray of Hope",4.6,6726,600,89.5,P75–90,63.5,58–69,531,12,57,9.5,
Goodreads,Manga,One Piece,78,"One Piece, Volume 78: Champion of Evil",4.6,4815,600,89.5,P75–90,63.5,58–69,531,12,57,9.5,
Goodreads,Manga,One Piece,89,"One Piece, Vol. 89: Bad End Musical",4.6,4419,600,89.5,P75–90,63.5,58–69,531,12,57,9.5,
Goodreads,Manga,One Piece,9,"One Piece, Volume 9: Tears",4.6,21016,600,89.5,P75–90,63.5,58–69,531,12,57,9.5,
Goodreads,Manga,One Piece,95,"One Piece, Volume 95: Oden's Adventure",4.6,4347,600,89.5,P75–90,63.5,58–69,531,12,57,9.5,
Goodreads,Web-serial,Parahumans,1,Worm,4.6,10769,600,89.5,P75–90,63.5,58–69,531,12,57,9.5,https://www.goodreads.com/book/show/25306236.Worm
Goodreads,Fantasy — cycle principal,Stormlight Archive,3,Oathbringer,4.6,393225,600,89.5,P75–90,63.5,58–69,531,12,57,9.5,https://www.goodreads.com/series/49075-the-stormlight-archive
Goodreads,Manga,Demon Slayer,10,鬼滅の刃 10 [Kimetsu no Yaiba 10],4.59,19401,600,87.75,P75–90,74.0,70–78,522,9,69,11.5,
Goodreads,Manga,Fullmetal Alchemist,11,"Fullmetal Alchemist, Vol. 11",4.59,11034,600,87.75,P75–90,74.0,70–78,522,9,69,11.5,
Goodreads,Manga,Jujutsu Kaisen,8,呪術廻戦 8 [Jujutsu Kaisen 8],4.59,23766,600,87.75,P75–90,74.0,70–78,522,9,69,11.5,
Goodreads,Manga,My Hero Academia,28,僕のヒーローアカデミア 28 [Boku no Hero Academia 28],4.59,7090,600,87.75,P75–90,74.0,70–78,522,9,69,11.5,
Goodreads,Manga,My Hero Academia,5,僕のヒーローアカデミア 5 [Boku No Hero Academia 5],4.59,22165,600,87.75,P75–90,74.0,70–78,522,9,69,11.5,
Goodreads,Manga,Naruto,43,NARUTO -ナルト- 巻ノ四十三,4.59,61309,600,87.75,P75–90,74.0,70–78,522,9,69,11.5,
Goodreads,Manga,One Piece,111,ONE PIECE 111,4.59,1873,600,87.75,P75–90,74.0,70–78,522,9,69,11.5,
Goodreads,Manga,One Piece,113,ONE PIECE 113,4.59,876,600,87.75,P75–90,74.0,70–78,522,9,69,11.5,
Goodreads,Manga,One Piece,40,"One Piece, Volume 40: Gear",4.59,7897,600,87.75,P75–90,74.0,70–78,522,9,69,11.5,
Goodreads,Manga,Fullmetal Alchemist,14,"Fullmetal Alchemist, Vol. 14",4.58,11753,600,85.5,P75–90,87.5,79–96,504,18,78,13.0,
Goodreads,Manga,Fullmetal Alchemist,17,"Fullmetal Alchemist, Vol. 17",4.58,9322,600,85.5,P75–90,87.5,79–96,504,18,78,13.0,
Goodreads,Manga,Fullmetal Alchemist,6,"Fullmetal Alchemist, Vol. 6",4.58,14666,600,85.5,P75–90,87.5,79–96,504,18,78,13.0,
Goodreads,Fantasy — cycle principal,Harry Potter,3,Harry Potter and the Prisoner of Azkaban,4.58,5042907,600,85.5,P75–90,87.5,79–96,504,18,78,13.0,https://www.goodreads.com/series/45175-harry-potter
Goodreads,Fantasy — cycle principal,Harry Potter,6,Harry Potter and the Half-Blood Prince,4.58,3776110,600,85.5,P75–90,87.5,79–96,504,18,78,13.0,https://www.goodreads.com/series/45175-harry-potter
Goodreads,Manga,Jujutsu Kaisen,13,呪術廻戦 13 [Jujutsu Kaisen 13],4.58,17566,600,85.5,P75–90,87.5,79–96,504,18,78,13.0,
Goodreads,Manga,Jujutsu Kaisen,15,呪術廻戦 15 [Jujutsu Kaisen 15],4.58,16469,600,85.5,P75–90,87.5,79–96,504,18,78,13.0,
Goodreads,Manga,Jujutsu Kaisen,16,呪術廻戦 16 [Jujutsu Kaisen 16],4.58,17898,600,85.5,P75–90,87.5,79–96,504,18,78,13.0,
Goodreads,Manga,Jujutsu Kaisen,17,呪術廻戦 17 [Jujutsu Kaisen 17],4.58,16704,600,85.5,P75–90,87.5,79–96,504,18,78,13.0,
Goodreads,Manga,My Hero Academia,27,僕のヒーローアカデミア 27 [Boku no Hero Academia 27],4.58,7378,600,85.5,P75–90,87.5,79–96,504,18,78,13.0,
Goodreads,Manga,One Piece,35,"One Piece, Volume 35: Captain",4.58,8182,600,85.5,P75–90,87.5,79–96,504,18,78,13.0,
Goodreads,Manga,One Piece,42,"One Piece, Volume 42: Pirates vs. CP9",4.58,9442,600,85.5,P75–90,87.5,79–96,504,18,78,13.0,
Goodreads,Manga,One Piece,43,"One Piece, Volume 43: Legend of a Hero",4.58,7181,600,85.5,P75–90,87.5,79–96,504,18,78,13.0,
Goodreads,Manga,One Piece,61,"One Piece, Volume 61: Romance Dawn for the New World",4.58,6508,600,85.5,P75–90,87.5,79–96,504,18,78,13.0,
Goodreads,Manga,One Piece,76,"One Piece, Volume 76: Just Keep Going",4.58,5229,600,85.5,P75–90,87.5,79–96,504,18,78,13.0,
Goodreads,Manga,One Piece,77,"One Piece, Volume 77: Smile",4.58,4820,600,85.5,P75–90,87.5,79–96,504,18,78,13.0,
Goodreads,Manga,One Piece,85,"One Piece, Vol. 85: Liar",4.58,4480,600,85.5,P75–90,87.5,79–96,504,18,78,13.0,
Goodreads,Manga,One Piece,90,"One Piece, Vol. 90: Sacred Marijoa",4.58,4527,600,85.5,P75–90,87.5,79–96,504,18,78,13.0,
Goodreads,Fantasy — cycle principal,Harry Potter,4,Harry Potter and the Goblet of Fire,4.57,4348877,600,83.66666666666667,P75–90,98.5,97–100,500,4,96,16.0,https://www.goodreads.com/series/45175-harry-potter
Goodreads,Manga,My Hero Academia,17,僕のヒーローアカデミア 17 [Boku No Hero Academia 17],4.57,8986,600,83.66666666666667,P75–90,98.5,97–100,500,4,96,16.0,
Goodreads,Manga,One Piece,37,"One Piece, Volume 37: Tom",4.57,7846,600,83.66666666666667,P75–90,98.5,97–100,500,4,96,16.0,
Goodreads,Manga,One Piece,54,"One Piece, Volume 54: Unstoppable",4.57,7001,600,83.66666666666667,P75–90,98.5,97–100,500,4,96,16.0,
Goodreads,Manga,Demon Slayer,15,鬼滅の刃 15 [Kimetsu no Yaiba 15],4.56,17134,600,82.41666666666667,P75–90,106.0,101–111,489,11,100,16.666666666666668,
Goodreads,Manga,Demon Slayer,5,鬼滅の刃 5 [Kimetsu no Yaiba 5],4.56,22095,600,82.41666666666667,P75–90,106.0,101–111,489,11,100,16.666666666666668,
Goodreads,Manga,Demon Slayer,7,鬼滅の刃 7 [Kimetsu no Yaiba 7],4.56,20897,600,82.41666666666667,P75–90,106.0,101–111,489,11,100,16.666666666666668,
Goodreads,Manga,Fullmetal Alchemist,7,"Fullmetal Alchemist, Vol. 7",4.56,14859,600,82.41666666666667,P75–90,106.0,101–111,489,11,100,16.666666666666668,
Goodreads,Manga,Fullmetal Alchemist,9,"Fullmetal Alchemist, Vol. 9",4.56,12782,600,82.41666666666667,P75–90,106.0,101–111,489,11,100,16.666666666666668,
Goodreads,Manga,My Hero Academia,11,僕のヒーローアカデミア 11 [Boku No Hero Academia 11],4.56,11081,600,82.41666666666667,P75–90,106.0,101–111,489,11,100,16.666666666666668,
Goodreads,Manga,One Piece,106,ONE PIECE 106 天才の夢,4.56,3085,600,82.41666666666667,P75–90,106.0,101–111,489,11,100,16.666666666666668,
Goodreads,Manga,One Piece,36,"One Piece, Volume 36: The Ninth Justice",4.56,7729,600,82.41666666666667,P75–90,106.0,101–111,489,11,100,16.666666666666668,
Goodreads,Manga,One Piece,51,"One Piece, Volume 51: The Eleven Supernovas",4.56,7110,600,82.41666666666667,P75–90,106.0,101–111,489,11,100,16.666666666666668,
Goodreads,Manga,One Piece,94,"One Piece, Vol. 94: A Soldier's Dream",4.56,4527,600,82.41666666666667,P75–90,106.0,101–111,489,11,100,16.666666666666668,
Goodreads,Fantasy — cycle principal,Stormlight Archive,4,Rhythm of War,4.56,267686,600,82.41666666666667,P75–90,106.0,101–111,489,11,100,16.666666666666668,https://www.goodreads.com/series/49075-the-stormlight-archive
Goodreads,Fantasy — cycle principal,A Song of Ice and Fire,3,A Storm of Swords,4.55,871708,600,80.83333333333333,P75–90,115.5,112–119,481,8,111,18.5,https://www.goodreads.com/series/43790-a-song-of-ice-and-fire
Goodreads,Manga,Fullmetal Alchemist,3,"Fullmetal Alchemist, Vol. 3",4.55,24774,600,80.83333333333333,P75–90,115.5,112–119,481,8,111,18.5,
Goodreads,Manga,Fullmetal Alchemist,4,"Fullmetal Alchemist, Vol. 4",4.55,16575,600,80.83333333333333,P75–90,115.5,112–119,481,8,111,18.5,
Goodreads,Manga,Fullmetal Alchemist,8,"Fullmetal Alchemist, Vol. 8",4.55,16100,600,80.83333333333333,P75–90,115.5,112–119,481,8,111,18.5,
Goodreads,Fantasy — cycle principal,Kingkiller Chronicle,2,The Wise Man's Fear,4.55,640374,600,80.83333333333333,P75–90,115.5,112–119,481,8,111,18.5,https://www.goodreads.com/series/45262-the-kingkiller-chronicle
Goodreads,Manga,Naruto,11,"Naruto, Vol. 11: Impassioned Efforts",4.55,30810,600,80.83333333333333,P75–90,115.5,112–119,481,8,111,18.5,
Goodreads,Manga,One Piece,75,"One Piece, Volume 75: Repaying the Debt",4.55,4963,600,80.83333333333333,P75–90,115.5,112–119,481,8,111,18.5,
Goodreads,Manga,One Piece,86,"One Piece, Vol. 86: Emperor Assassination Plan",4.55,4406,600,80.83333333333333,P75–90,115.5,112–119,481,8,111,18.5,
Goodreads,Manga,Demon Slayer,14,鬼滅の刃 14 [Kimetsu no Yaiba 14],4.54,17111,600,79.16666666666667,P75–90,125.5,120–131,469,12,119,19.833333333333332,
Goodreads,Manga,Demon Slayer,9,鬼滅の刃 9 [Kimetsu no Yaiba 9],4.54,19805,600,79.16666666666667,P75–90,125.5,120–131,469,12,119,19.833333333333332,
Goodreads,Manga,Fullmetal Alchemist,1,"Fullmetal Alchemist, Vol. 1",4.54,198290,600,79.16666666666667,P75–90,125.5,120–131,469,12,119,19.833333333333332,
Goodreads,Manga,Fullmetal Alchemist,16,"Fullmetal Alchemist, Vol. 16",4.54,9182,600,79.16666666666667,P75–90,125.5,120–131,469,12,119,19.833333333333332,
Goodreads,Manga,Fullmetal Alchemist,5,"Fullmetal Alchemist, Vol. 5",4.54,17892,600,79.16666666666667,P75–90,125.5,120–131,469,12,119,19.833333333333332,
Goodreads,Manga,Hunter × Hunter,34,"Hunter × Hunter, tome 34",4.54,2745,600,79.16666666666667,P75–90,125.5,120–131,469,12,119,19.833333333333332,
Goodreads,Manga,Jujutsu Kaisen,10,呪術廻戦 10 [Jujutsu Kaisen 10],4.54,19951,600,79.16666666666667,P75–90,125.5,120–131,469,12,119,19.833333333333332,
Goodreads,Manga,My Hero Academia,33,僕のヒーローアカデミア 33 [Boku no Hero Academia 33],4.54,4938,600,79.16666666666667,P75–90,125.5,120–131,469,12,119,19.833333333333332,
Goodreads,Manga,My Hero Academia,36,僕のヒーローアカデミア 36 [Boku no Hero Academia 36],4.54,4083,600,79.16666666666667,P75–90,125.5,120–131,469,12,119,19.833333333333332,
Goodreads,Manga,One Piece,16,"One Piece, Volume 16: Carrying On His Will",4.54,12991,600,79.16666666666667,P75–90,125.5,120–131,469,12,119,19.833333333333332,
Goodreads,Manga,One Piece,53,"One Piece, Volume 53: Natural Born King",4.54,7370,600,79.16666666666667,P75–90,125.5,120–131,469,12,119,19.833333333333332,
Goodreads,Manga,One Piece,73,"One Piece, Volume 73: Operation Dressrosa S.O.P.",4.54,5101,600,79.16666666666667,P75–90,125.5,120–131,469,12,119,19.833333333333332,
Goodreads,Manga,Fairy Tail,12,"Fairy Tail, Vol. 12",4.53,7029,600,77.5,P75–90,135.5,132–139,461,8,131,21.833333333333332,
Goodreads,Manga,Hunter × Hunter,1,"Hunter × Hunter, tome 1",4.53,70679,600,77.5,P75–90,135.5,132–139,461,8,131,21.833333333333332,
Goodreads,Manga,Hunter × Hunter,29,"Hunter × Hunter, tome 29",4.53,1921,600,77.5,P75–90,135.5,132–139,461,8,131,21.833333333333332,
Goodreads,Manga,My Hero Academia,10,僕のヒーローアカデミア 10 [Boku No Hero Academia 10],4.53,12738,600,77.5,P75–90,135.5,132–139,461,8,131,21.833333333333332,
Goodreads,Manga,My Hero Academia,9,僕のヒーローアカデミア 9 [Boku No Hero Academia 9],4.53,13657,600,77.5,P75–90,135.5,132–139,461,8,131,21.833333333333332,
Goodreads,Manga,One Piece,112,ONE PIECE 112,4.53,1363,600,77.5,P75–90,135.5,132–139,461,8,131,21.833333333333332,
Goodreads,Manga,One Piece,22,"One Piece, Volume 22: Hope!!",4.53,10723,600,77.5,P75–90,135.5,132–139,461,8,131,21.833333333333332,
Goodreads,Manga,One Piece,91,"One Piece, Volume 91: Adventure in the Land of Samurai",4.53,4540,600,77.5,P75–90,135.5,132–139,461,8,131,21.833333333333332,
Goodreads,Manga,Demon Slayer,13,鬼滅の刃 13 [Kimetsu no Yaiba 13],4.52,17455,600,76.0,P75–90,144.5,140–149,451,10,139,23.166666666666668,
Goodreads,Manga,Demon Slayer,6,鬼滅の刃 6 [Kimetsu no Yaiba 6],4.52,20865,600,76.0,P75–90,144.5,140–149,451,10,139,23.166666666666668,
Goodreads,Manga,Fairy Tail,10,"Fairy Tail, Vol. 10",4.52,8958,600,76.0,P75–90,144.5,140–149,451,10,139,23.166666666666668,
Goodreads,Manga,Jujutsu Kaisen,4,呪術廻戦 4 [Jujutsu Kaisen 4],4.52,28779,600,76.0,P75–90,144.5,140–149,451,10,139,23.166666666666668,
Goodreads,Fantasy — cycle principal,Kingkiller Chronicle,1,The Name of the Wind,4.52,1120063,600,76.0,P75–90,144.5,140–149,451,10,139,23.166666666666668,https://www.goodreads.com/series/45262-the-kingkiller-chronicle
Goodreads,Manga,My Hero Academia,31,僕のヒーローアカデミア 31 [Boku no Hero Academia 31],4.52,5689,600,76.0,P75–90,144.5,140–149,451,10,139,23.166666666666668,
Goodreads,Manga,Naruto,53,NARUTO -ナルト- 53 巻ノ五十三,4.52,6174,600,76.0,P75–90,144.5,140–149,451,10,139,23.166666666666668,
Goodreads,Manga,One Piece,50,"One Piece, Volume 50: Arriving Again",4.52,7109,600,76.0,P75–90,144.5,140–149,451,10,139,23.166666666666668,
Goodreads,Manga,One Piece,74,"One Piece, Volume 74: Ever at Your Side",4.52,4993,600,76.0,P75–90,144.5,140–149,451,10,139,23.166666666666668,
Goodreads,Manga,One Piece,93,"One Piece, Volume 93: The Star of Ebisu",4.52,4319,600,76.0,P75–90,144.5,140–149,451,10,139,23.166666666666668,
Goodreads,Manga,Black Clover,29,ブラッククローバー 29,4.51,1332,600,74.0,P50–75,156.5,150–163,437,14,149,24.833333333333332,
Goodreads,Manga,Demon Slayer,4,鬼滅の刃 4 [Kimetsu no Yaiba 4],4.51,25227,600,74.0,P50–75,156.5,150–163,437,14,149,24.833333333333332,
Goodreads,Manga,Fullmetal Alchemist,2,"Fullmetal Alchemist, Vol. 2",4.51,23028,600,74.0,P50–75,156.5,150–163,437,14,149,24.833333333333332,
Goodreads,Manga,Hunter × Hunter,28,"Hunter × Hunter, tome 28",4.51,1962,600,74.0,P50–75,156.5,150–163,437,14,149,24.833333333333332,
Goodreads,Manga,Jujutsu Kaisen,12,呪術廻戦 12 [Jujutsu Kaisen 12],4.51,18004,600,74.0,P50–75,156.5,150–163,437,14,149,24.833333333333332,
Goodreads,Manga,Jujutsu Kaisen,7,"Jujutsu Kaisen, Vol. 7",4.51,21812,600,74.0,P50–75,156.5,150–163,437,14,149,24.833333333333332,
Goodreads,Manga,My Hero Academia,16,僕のヒーローアカデミア 16 [Boku No Hero Academia 16],4.51,9282,600,74.0,P50–75,156.5,150–163,437,14,149,24.833333333333332,
Goodreads,Manga,My Hero Academia,18,僕のヒーローアカデミア 18 [Boku No Hero Academia 18],4.51,8736,600,74.0,P50–75,156.5,150–163,437,14,149,24.833333333333332,
Goodreads,Manga,My Hero Academia,41,僕のヒーローアカデミア 41 [Boku no Hero Academia 41],4.51,2511,600,74.0,P50–75,156.5,150–163,437,14,149,24.833333333333332,
Goodreads,Manga,Naruto,42,"Naruto, Vol. 42: The Secret of the Mangekyo",4.51,7878,600,74.0,P50–75,156.5,150–163,437,14,149,24.833333333333332,
Goodreads,Manga,Naruto,46,"Naruto, Vol. 46: Naruto Returns",4.51,7689,600,74.0,P50–75,156.5,150–163,437,14,149,24.833333333333332,
Goodreads,Manga,Naruto,47,"Naruto, Vol. 47: The Seal Destroyed",4.51,7247,600,74.0,P50–75,156.5,150–163,437,14,149,24.833333333333332,
Goodreads,Manga,One Piece,39,"One Piece, Volume 39: Scramble",4.51,7541,600,74.0,P50–75,156.5,150–163,437,14,149,24.833333333333332,
Goodreads,Manga,One Piece,88,"One Piece, Vol. 88: Lion",4.51,4342,600,74.0,P50–75,156.5,150–163,437,14,149,24.833333333333332,
Goodreads,Manga,Black Clover,27,ブラッククローバー 27,4.5,1410,600,71.83333333333333,P50–75,169.5,164–175,425,12,163,27.166666666666668,
Goodreads,Manga,Black Clover,30,ブラッククローバー 30 [Black Clover 30],4.5,1254,600,71.83333333333333,P50–75,169.5,164–175,425,12,163,27.166666666666668,
Goodreads,Fantasy — cycle principal,Harry Potter,5,Harry Potter and the Order of the Phoenix,4.5,3925476,600,71.83333333333333,P50–75,169.5,164–175,425,12,163,27.166666666666668,https://www.goodreads.com/series/45175-harry-potter
Goodreads,Manga,Hunter × Hunter,30,"Hunter × Hunter, tome 30",4.5,1974,600,71.83333333333333,P50–75,169.5,164–175,425,12,163,27.166666666666668,
Goodreads,Manga,My Hero Academia,25,僕のヒーローアカデミア 25 [Boku no Hero Academia 25],4.5,7937,600,71.83333333333333,P50–75,169.5,164–175,425,12,163,27.166666666666668,
Goodreads,Manga,My Hero Academia,26,僕のヒーローアカデミア 26 [Boku no Hero Academia 26],4.5,8339,600,71.83333333333333,P50–75,169.5,164–175,425,12,163,27.166666666666668,
Goodreads,Manga,My Hero Academia,32,僕のヒーローアカデミア 32 [Boku no Hero Academia 32],4.5,5266,600,71.83333333333333,P50–75,169.5,164–175,425,12,163,27.166666666666668,
Goodreads,Manga,Naruto,26,"Naruto, Vol. 26: Awakening",4.5,9532,600,71.83333333333333,P50–75,169.5,164–175,425,12,163,27.166666666666668,
Goodreads,Manga,Naruto,9,"Naruto, Vol. 09: Neji vs. Hinata",4.5,19122,600,71.83333333333333,P50–75,169.5,164–175,425,12,163,27.166666666666668,
Goodreads,Manga,One Piece,17,"One Piece, Volume 17: Hiriluk's Cherry Blossoms",4.5,13488,600,71.83333333333333,P50–75,169.5,164–175,425,12,163,27.166666666666668,
Goodreads,Manga,One Piece,80,"One Piece, Volume 80: Opening Speech",4.5,4772,600,71.83333333333333,P50–75,169.5,164–175,425,12,163,27.166666666666668,
Goodreads,Manga,One Piece,87,"One Piece, Vol. 87: Bittersweet",4.5,4380,600,71.83333333333333,P50–75,169.5,164–175,425,12,163,27.166666666666668,
Goodreads,Manga,Black Clover,28,ブラッククローバー 28,4.49,1435,600,69.58333333333333,P50–75,183.0,176–190,410,15,175,29.166666666666668,
Goodreads,Manga,Black Clover,32,ブラッククローバー 32 [Black Clover 32],4.49,1105,600,69.58333333333333,P50–75,183.0,176–190,410,15,175,29.166666666666668,
Goodreads,Manga,Hunter × Hunter,25,"Hunter × Hunter, tome 25",4.49,2102,600,69.58333333333333,P50–75,183.0,176–190,410,15,175,29.166666666666668,
Goodreads,Manga,Jujutsu Kaisen,1,呪術廻戦 1 [Jujutsu Kaisen 1],4.49,72707,600,69.58333333333333,P50–75,183.0,176–190,410,15,175,29.166666666666668,
Goodreads,Manga,Jujutsu Kaisen,25,呪術廻戦 25 [Jujutsu Kaisen 25],4.49,8084,600,69.58333333333333,P50–75,183.0,176–190,410,15,175,29.166666666666668,
Goodreads,Manga,Jujutsu Kaisen,6,呪術廻戦 6 [Jujutsu Kaisen 6],4.49,22368,600,69.58333333333333,P50–75,183.0,176–190,410,15,175,29.166666666666668,
Goodreads,Manga,My Hero Academia,40,僕のヒーローアカデミア 40 [Boku no Hero Academia 40],4.49,2709,600,69.58333333333333,P50–75,183.0,176–190,410,15,175,29.166666666666668,
Goodreads,Manga,My Hero Academia,6,僕のヒーローアカデミア 6 [Boku No Hero Academia 6],4.49,15625,600,69.58333333333333,P50–75,183.0,176–190,410,15,175,29.166666666666668,
Goodreads,Manga,Naruto,5,"Naruto, Vol. 05: The Challengers",4.49,25732,600,69.58333333333333,P50–75,183.0,176–190,410,15,175,29.166666666666668,
Goodreads,Manga,One Piece,1,"One Piece, Volume 1: Romance Dawn",4.49,193407,600,69.58333333333333,P50–75,183.0,176–190,410,15,175,29.166666666666668,
Goodreads,Manga,One Piece,20,"One Piece, Vol. 20: Showdown at Alubarna",4.49,12173,600,69.58333333333333,P50–75,183.0,176–190,410,15,175,29.166666666666668,
Goodreads,Manga,One Piece,21,"One Piece, Vol. 21: Utopia",4.49,10835,600,69.58333333333333,P50–75,183.0,176–190,410,15,175,29.166666666666668,
Goodreads,Manga,One Piece,31,"One Piece, Volume 31: We'll Be Here",4.49,8555,600,69.58333333333333,P50–75,183.0,176–190,410,15,175,29.166666666666668,
Goodreads,Manga,One Piece,70,"One Piece, Volume 70: Enter Doflamingo",4.49,5525,600,69.58333333333333,P50–75,183.0,176–190,410,15,175,29.166666666666668,
Goodreads,Manga,One Piece,92,"One Piece, Vol. 92: Introducing Komurasaki the Oiran",4.49,4355,600,69.58333333333333,P50–75,183.0,176–190,410,15,175,29.166666666666668,
Goodreads,Manga,Black Clover,33,ブラッククローバー 33 [Black Clover 33],4.48,989,600,67.5,P50–75,195.5,191–200,400,10,190,31.666666666666668,
Goodreads,Manga,Fairy Tail,11,"Fairy Tail, Vol. 11",4.48,8066,600,67.5,P50–75,195.5,191–200,400,10,190,31.666666666666668,
Goodreads,Manga,Fairy Tail,8,"Fairy Tail, Vol. 08",4.48,7856,600,67.5,P50–75,195.5,191–200,400,10,190,31.666666666666668,
Goodreads,Manga,Hunter × Hunter,11,"Hunter × Hunter, tome 11",4.48,3230,600,67.5,P50–75,195.5,191–200,400,10,190,31.666666666666668,
Goodreads,Manga,My Hero Academia,7,僕のヒーローアカデミア 7 [Boku No Hero Academia 7],4.48,15189,600,67.5,P50–75,195.5,191–200,400,10,190,31.666666666666668,
Goodreads,Manga,Naruto,12,"Naruto, Vol. 12: The Great Flight",4.48,15826,600,67.5,P50–75,195.5,191–200,400,10,190,31.666666666666668,
Goodreads,Manga,Naruto,4,"Naruto, Vol. 04: Hero’s Bridge",4.48,20937,600,67.5,P50–75,195.5,191–200,400,10,190,31.666666666666668,
Goodreads,Manga,One Piece,11,"One Piece, Volume 11: The Meanest Man in the East",4.48,15751,600,67.5,P50–75,195.5,191–200,400,10,190,31.666666666666668,
Goodreads,Manga,One Piece,18,"One Piece, Volume 18: Ace Arrives",4.48,12031,600,67.5,P50–75,195.5,191–200,400,10,190,31.666666666666668,
Goodreads,Manga,One Piece,8,"One Piece, Volume 8: I Won't Die",4.48,25603,600,67.5,P50–75,195.5,191–200,400,10,190,31.666666666666668,
Goodreads,Manga,Demon Slayer,12,鬼滅の刃 12 [Kimetsu no Yaiba 12],4.47,18389,600,65.83333333333333,P50–75,205.5,201–210,390,10,200,33.333333333333336,
Goodreads,Fantasy — cycle principal,Harry Potter,1,Harry Potter and the Philosopher's Stone,4.47,11816633,600,65.83333333333333,P50–75,205.5,201–210,390,10,200,33.333333333333336,https://www.goodreads.com/series/45175-harry-potter
Goodreads,Manga,Hunter × Hunter,12,"Hunter × Hunter, tome 12",4.47,3007,600,65.83333333333333,P50–75,205.5,201–210,390,10,200,33.333333333333336,
Goodreads,Manga,My Hero Academia,24,僕のヒーローアカデミア 24 [Boku no Hero Academia 24],4.47,8137,600,65.83333333333333,P50–75,205.5,201–210,390,10,200,33.333333333333336,
Goodreads,Manga,My Hero Academia,39,僕のヒーローアカデミア 39 [Boku no Hero Academia 39],4.47,2866,600,65.83333333333333,P50–75,205.5,201–210,390,10,200,33.333333333333336,
Goodreads,Manga,Naruto,27,"Naruto, Vol. 27: Departure",4.47,9274,600,65.83333333333333,P50–75,205.5,201–210,390,10,200,33.333333333333336,
Goodreads,Manga,One Piece,10,"One Piece, Volume 10: OK, Let's Stand Up!",4.47,16243,600,65.83333333333333,P50–75,205.5,201–210,390,10,200,33.333333333333336,
Goodreads,Manga,One Piece,25,"One Piece, Volume 25: The 100 Million Berry Man",4.47,9589,600,65.83333333333333,P50–75,205.5,201–210,390,10,200,33.333333333333336,
Goodreads,Manga,One Piece,69,"One Piece, Volume 69: S.A.D.",4.47,5489,600,65.83333333333333,P50–75,205.5,201–210,390,10,200,33.333333333333336,
Goodreads,Manga,One Piece,72,"One Piece, Volume 72: Dressrosa's Forgotten",4.47,5140,600,65.83333333333333,P50–75,205.5,201–210,390,10,200,33.333333333333336,
Goodreads,Manga,Black Clover,31,ブラッククローバー 31 [Black Clover 31],4.46,1175,600,64.08333333333333,P50–75,216.0,211–221,379,11,210,35.0,
Goodreads,Manga,Demon Slayer,1,鬼滅の刃 1 [Kimetsu no Yaiba 1],4.46,150343,600,64.08333333333333,P50–75,216.0,211–221,379,11,210,35.0,
Goodreads,Manga,Demon Slayer,3,鬼滅の刃 3 [Kimetsu no Yaiba 3],4.46,29609,600,64.08333333333333,P50–75,216.0,211–221,379,11,210,35.0,
Goodreads,Manga,Hunter × Hunter,26,"Hunter × Hunter, tome 26",4.46,2068,600,64.08333333333333,P50–75,216.0,211–221,379,11,210,35.0,
Goodreads,Manga,Hunter × Hunter,4,"Hunter × Hunter, tome 4",4.46,5647,600,64.08333333333333,P50–75,216.0,211–221,379,11,210,35.0,
Goodreads,Manga,Hunter × Hunter,9,"Hunter × Hunter, tome 9",4.46,3442,600,64.08333333333333,P50–75,216.0,211–221,379,11,210,35.0,
Goodreads,Manga,Jujutsu Kaisen,2,呪術廻戦 2 [Jujutsu Kaisen 2],4.46,38510,600,64.08333333333333,P50–75,216.0,211–221,379,11,210,35.0,
Goodreads,Manga,Naruto,31,"Naruto, Vol. 31: Final Battle",4.46,9330,600,64.08333333333333,P50–75,216.0,211–221,379,11,210,35.0,
Goodreads,Manga,One Piece,19,"One Piece, Volume 19: Rebellion",4.46,11619,600,64.08333333333333,P50–75,216.0,211–221,379,11,210,35.0,
Goodreads,Manga,One Piece,81,"One Piece, Vol. 81: Let's Go See the Cat Viper",4.46,4641,600,64.08333333333333,P50–75,216.0,211–221,379,11,210,35.0,
Goodreads,Manga,One Piece,82,"One Piece, Vol. 82: The World Is Restless",4.46,4612,600,64.08333333333333,P50–75,216.0,211–221,379,11,210,35.0,
Goodreads,Fantasy — cycle principal,A Song of Ice and Fire,1,A Game of Thrones,4.45,2818198,600,62.083333333333336,P50–75,228.0,222–234,366,13,221,36.833333333333336,https://www.goodreads.com/series/43790-a-song-of-ice-and-fire
Goodreads,Manga,Black Clover,16,ブラッククローバー 16,4.45,1491,600,62.083333333333336,P50–75,228.0,222–234,366,13,221,36.833333333333336,
Goodreads,Manga,Demon Slayer,2,鬼滅の刃 2 [Kimetsu no Yaiba 2],4.45,34675,600,62.083333333333336,P50–75,228.0,222–234,366,13,221,36.833333333333336,
Goodreads,Manga,Hunter × Hunter,17,"Hunter × Hunter, tome 17",4.45,2695,600,62.083333333333336,P50–75,228.0,222–234,366,13,221,36.833333333333336,
Goodreads,Manga,Hunter × Hunter,27,"Hunter × Hunter, tome 27",4.45,2016,600,62.083333333333336,P50–75,228.0,222–234,366,13,221,36.833333333333336,
Goodreads,Manga,Hunter × Hunter,31,"Hunter × Hunter, tome 31",4.45,1890,600,62.083333333333336,P50–75,228.0,222–234,366,13,221,36.833333333333336,
Goodreads,Manga,My Hero Academia,37,僕のヒーローアカデミア 37 [Boku no Hero Academia 37],4.45,3741,600,62.083333333333336,P50–75,228.0,222–234,366,13,221,36.833333333333336,
Goodreads,Manga,My Hero Academia,4,僕のヒーローアカデミア 4 [Boku No Hero Academia 4],4.45,19171,600,62.083333333333336,P50–75,228.0,222–234,366,13,221,36.833333333333336,
Goodreads,Manga,Naruto,25,"Naruto, Vol. 25: Brothers",4.45,9154,600,62.083333333333336,P50–75,228.0,222–234,366,13,221,36.833333333333336,
Goodreads,Manga,Naruto,7,"Naruto, Vol. 07: The Path You Should Tread",4.45,17081,600,62.083333333333336,P50–75,228.0,222–234,366,13,221,36.833333333333336,
Goodreads,Manga,Naruto,72,NARUTO -ナルト- 72,4.45,5023,600,62.083333333333336,P50–75,228.0,222–234,366,13,221,36.833333333333336,
Goodreads,Manga,One Piece,32,"One Piece, Volume 32: Love Song",4.45,8634,600,62.083333333333336,P50–75,228.0,222–234,366,13,221,36.833333333333336,
Goodreads,Manga,One Piece,71,"One Piece, Volume 71: Coliseum of Scoundrels",4.45,5272,600,62.083333333333336,P50–75,228.0,222–234,366,13,221,36.833333333333336,
Goodreads,Manga,Black Clover,36,ブラッククローバー 36 [Black Clover 36],4.44,644,600,59.25,P50–75,245.0,235–255,345,21,234,39.0,
Goodreads,Manga,Fairy Tail,14,フェアリーテイル 14 [Fearī Teiru 14],4.44,5387,600,59.25,P50–75,245.0,235–255,345,21,234,39.0,
Goodreads,Manga,Fairy Tail,35,フェアリーテイル 35 [Fearī Teiru 35],4.44,2882,600,59.25,P50–75,245.0,235–255,345,21,234,39.0,
Goodreads,Manga,Hunter × Hunter,24,"Hunter × Hunter, tome 24",4.44,2143,600,59.25,P50–75,245.0,235–255,345,21,234,39.0,
Goodreads,Manga,Hunter × Hunter,3,"Hunter × Hunter, tome 3",4.44,6609,600,59.25,P50–75,245.0,235–255,345,21,234,39.0,
Goodreads,Manga,Jujutsu Kaisen,26,呪術廻戦 26 [Jujutsu Kaisen 26],4.44,7294,600,59.25,P50–75,245.0,235–255,345,21,234,39.0,
Goodreads,Manga,Jujutsu Kaisen,3,呪術廻戦 3 [Jujutsu Kaisen 3],4.44,32355,600,59.25,P50–75,245.0,235–255,345,21,234,39.0,
Goodreads,Manga,Jujutsu Kaisen,5,"Jujutsu Kaisen, Vol. 5",4.44,24984,600,59.25,P50–75,245.0,235–255,345,21,234,39.0,
Goodreads,Manga,My Hero Academia,13,僕のヒーローアカデミア 13 [Boku No Hero Academia 13],4.44,10253,600,59.25,P50–75,245.0,235–255,345,21,234,39.0,
Goodreads,Manga,My Hero Academia,15,僕のヒーローアカデミア 15 [Boku No Hero Academia 15],4.44,9480,600,59.25,P50–75,245.0,235–255,345,21,234,39.0,
Goodreads,Manga,My Hero Academia,3,僕のヒーローアカデミア 3 [Boku No Hero Academia 3],4.44,23480,600,59.25,P50–75,245.0,235–255,345,21,234,39.0,
Goodreads,Manga,Naruto,2,"Naruto, Vol. 02: The Worst Client",4.44,32311,600,59.25,P50–75,245.0,235–255,345,21,234,39.0,
Goodreads,Manga,Naruto,3,"Naruto, Vol. 03: Dreams",4.44,22679,600,59.25,P50–75,245.0,235–255,345,21,234,39.0,
Goodreads,Manga,Naruto,37,NARUTO -ナルト- 巻ノ三十七,4.44,6955,600,59.25,P50–75,245.0,235–255,345,21,234,39.0,
Goodreads,Manga,Naruto,45,"Naruto, Vol. 45: Battlefield, Konoha",4.44,6780,600,59.25,P50–75,245.0,235–255,345,21,234,39.0,
Goodreads,Manga,Naruto,60,"Naruto, Vol. 60: Kurama",4.44,5203,600,59.25,P50–75,245.0,235–255,345,21,234,39.0,
Goodreads,Manga,One Piece,12,"One Piece, Volume 12: The Legend Begins",4.44,15139,600,59.25,P50–75,245.0,235–255,345,21,234,39.0,
Goodreads,Manga,One Piece,30,"One Piece, Volume 30: Capriccio",4.44,8702,600,59.25,P50–75,245.0,235–255,345,21,234,39.0,
Goodreads,Manga,One Piece,34,"One Piece, Volume 34: The City of Water, Water Seven",4.44,8003,600,59.25,P50–75,245.0,235–255,345,21,234,39.0,
Goodreads,Manga,One Piece,7,"One Piece, Volume 7: The Crap-Geezer",4.44,21372,600,59.25,P50–75,245.0,235–255,345,21,234,39.0,
Goodreads,Manga,One Piece,83,"One Piece, Vol. 83: Emperor of the Sea, Charlotte Linlin",4.44,4602,600,59.25,P50–75,245.0,235–255,345,21,234,39.0,
Goodreads,Manga,Black Clover,25,ブラッククローバー 25,4.43,1157,600,56.333333333333336,P50–75,262.5,256–269,331,14,255,42.5,
Goodreads,Manga,Bleach,15,"Bleach, Volume 15",4.43,25739,600,56.333333333333336,P50–75,262.5,256–269,331,14,255,42.5,
Goodreads,Manga,Fairy Tail,18,フェアリーテイル 18 [Fearī Teiru 18],4.43,5024,600,56.333333333333336,P50–75,262.5,256–269,331,14,255,42.5,
Goodreads,Manga,Fairy Tail,45,"Fairy Tail, Vol. 45",4.43,2266,600,56.333333333333336,P50–75,262.5,256–269,331,14,255,42.5,
Goodreads,Fantasy — cycle principal,Harry Potter,2,Harry Potter and the Chamber of Secrets,4.43,4672988,600,56.333333333333336,P50–75,262.5,256–269,331,14,255,42.5,https://www.goodreads.com/series/45175-harry-potter
Goodreads,Manga,Hunter × Hunter,18,"Hunter × Hunter, tome 18",4.43,2528,600,56.333333333333336,P50–75,262.5,256–269,331,14,255,42.5,
Goodreads,Manga,Hunter × Hunter,21,"Hunter × Hunter, tome 21",4.43,2310,600,56.333333333333336,P50–75,262.5,256–269,331,14,255,42.5,
Goodreads,Manga,Jujutsu Kaisen,19,呪術廻戦 19 [Jujutsu Kaisen 19],4.43,14365,600,56.333333333333336,P50–75,262.5,256–269,331,14,255,42.5,
Goodreads,Manga,My Hero Academia,14,僕のヒーローアカデミア 14 [Boku No Hero Academia 14],4.43,9851,600,56.333333333333336,P50–75,262.5,256–269,331,14,255,42.5,
Goodreads,Manga,My Hero Academia,2,僕のヒーローアカデミア 2 [Boku No Hero Academia 2],4.43,36938,600,56.333333333333336,P50–75,262.5,256–269,331,14,255,42.5,
Goodreads,Manga,My Hero Academia,35,僕のヒーローアカデミア 35 [Boku No Hero Academia 35],4.43,4341,600,56.333333333333336,P50–75,262.5,256–269,331,14,255,42.5,
Goodreads,Manga,Naruto,15,"Naruto, Vol. 15: Naruto's Ninja Handbook!",4.43,10797,600,56.333333333333336,P50–75,262.5,256–269,331,14,255,42.5,
Goodreads,Manga,Naruto,48,"Naruto, Vol. 48: The Cheering Village",4.43,6525,600,56.333333333333336,P50–75,262.5,256–269,331,14,255,42.5,
Goodreads,Manga,One Piece,6,"One Piece, Volume 6: The Oath",4.43,22672,600,56.333333333333336,P50–75,262.5,256–269,331,14,255,42.5,
Goodreads,Fantasy — cycle principal,A Song of Ice and Fire,2,A Clash of Kings,4.42,1052073,600,53.583333333333336,P50–75,279.0,270–288,312,19,269,44.833333333333336,https://www.goodreads.com/series/43790-a-song-of-ice-and-fire
Goodreads,Manga,Black Clover,14,ブラッククローバー 14,4.42,1608,600,53.583333333333336,P50–75,279.0,270–288,312,19,269,44.833333333333336,
Goodreads,Manga,Fairy Tail,13,"Fairy Tail, Vol. 13",4.42,5779,600,53.583333333333336,P50–75,279.0,270–288,312,19,269,44.833333333333336,
Goodreads,Manga,Fairy Tail,15,フェアリーテイル 15 [Fearī Teiru 15],4.42,5107,600,53.583333333333336,P50–75,279.0,270–288,312,19,269,44.833333333333336,
Goodreads,Manga,Fairy Tail,46,"Fairy Tail, Vol. 46",4.42,2229,600,53.583333333333336,P50–75,279.0,270–288,312,19,269,44.833333333333336,
Goodreads,Manga,Fairy Tail,5,"Fairy Tail, Vol. 05",4.42,8234,600,53.583333333333336,P50–75,279.0,270–288,312,19,269,44.833333333333336,
Goodreads,Manga,Fairy Tail,9,"Fairy Tail, Vol. 09",4.42,6233,600,53.583333333333336,P50–75,279.0,270–288,312,19,269,44.833333333333336,
Goodreads,Manga,Hunter × Hunter,2,"Hunter × Hunter, tome 2",4.42,7540,600,53.583333333333336,P50–75,279.0,270–288,312,19,269,44.833333333333336,
Goodreads,Manga,Hunter × Hunter,32,"Hunter × Hunter, tome 32",4.42,2513,600,53.583333333333336,P50–75,279.0,270–288,312,19,269,44.833333333333336,
Goodreads,Manga,Hunter × Hunter,5,"Hunter × Hunter, tome 5",4.42,4986,600,53.583333333333336,P50–75,279.0,270–288,312,19,269,44.833333333333336,
Goodreads,Manga,Hunter × Hunter,7,"Hunter × Hunter, tome 7",4.42,4099,600,53.583333333333336,P50–75,279.0,270–288,312,19,269,44.833333333333336,
Goodreads,Manga,My Hero Academia,21,僕のヒーローアカデミア 21 [Boku no Hero Academia 21],4.42,9404,600,53.583333333333336,P50–75,279.0,270–288,312,19,269,44.833333333333336,
Goodreads,Manga,My Hero Academia,42,僕のヒーローアカデミア 42 [Boku no Hero Academia 42],4.42,2518,600,53.583333333333336,P50–75,279.0,270–288,312,19,269,44.833333333333336,
Goodreads,Manga,Naruto,10,"Naruto, Vol. 10: A Splendid Ninja",4.42,12861,600,53.583333333333336,P50–75,279.0,270–288,312,19,269,44.833333333333336,
Goodreads,Manga,Naruto,13,"Naruto, Vol. 13: The Chūnin Exam, Concluded...!!",4.42,11708,600,53.583333333333336,P50–75,279.0,270–288,312,19,269,44.833333333333336,
Goodreads,Manga,Naruto,19,"Naruto, Vol. 19: Successor",4.42,10700,600,53.583333333333336,P50–75,279.0,270–288,312,19,269,44.833333333333336,
Goodreads,Manga,Naruto,63,NARUTO -ナルト- 63,4.42,5554,600,53.583333333333336,P50–75,279.0,270–288,312,19,269,44.833333333333336,
Goodreads,Manga,One Piece,49,"One Piece, Volume 49: Nightmare Luffy",4.42,7150,600,53.583333333333336,P50–75,279.0,270–288,312,19,269,44.833333333333336,
Goodreads,Manga,One Piece,68,"One Piece, Volume 68: Pirate Alliance",4.42,5642,600,53.583333333333336,P50–75,279.0,270–288,312,19,269,44.833333333333336,
Goodreads,Manga,Black Clover,21,ブラッククローバー 21,4.41,1280,600,50.916666666666664,P50–75,295.0,289–301,299,13,288,48.0,
Goodreads,Manga,Black Clover,26,ブラッククローバー 26,4.41,1140,600,50.916666666666664,P50–75,295.0,289–301,299,13,288,48.0,
Goodreads,Manga,Bleach,19,"Bleach, Volume 19",4.41,8229,600,50.916666666666664,P50–75,295.0,289–301,299,13,288,48.0,
Goodreads,Manga,Bleach,20,"Bleach, Volume 20",4.41,7907,600,50.916666666666664,P50–75,295.0,289–301,299,13,288,48.0,
Goodreads,Manga,Fairy Tail,29,フェアリーテイル 29 [Fearī Teiru 29],4.41,3037,600,50.916666666666664,P50–75,295.0,289–301,299,13,288,48.0,
Goodreads,Manga,Fairy Tail,34,フェアリーテイル 34 [Fearī Teiru 34],4.41,2772,600,50.916666666666664,P50–75,295.0,289–301,299,13,288,48.0,
Goodreads,Manga,Fairy Tail,39,フェアリーテイル 39 [Fearī Teiru 39],4.41,2463,600,50.916666666666664,P50–75,295.0,289–301,299,13,288,48.0,
Goodreads,Manga,Fairy Tail,4,"Fairy Tail, Vol. 04",4.41,9448,600,50.916666666666664,P50–75,295.0,289–301,299,13,288,48.0,
Goodreads,Manga,Fairy Tail,47,"Fairy Tail, Vol. 47",4.41,2188,600,50.916666666666664,P50–75,295.0,289–301,299,13,288,48.0,
Goodreads,Manga,Hunter × Hunter,10,"Hunter × Hunter, tome 10",4.41,3261,600,50.916666666666664,P50–75,295.0,289–301,299,13,288,48.0,
Goodreads,Manga,Hunter × Hunter,13,"Hunter × Hunter, tome 13",4.41,2777,600,50.916666666666664,P50–75,295.0,289–301,299,13,288,48.0,
Goodreads,Manga,Hunter × Hunter,19,"Hunter × Hunter, tome 19",4.41,2398,600,50.916666666666664,P50–75,295.0,289–301,299,13,288,48.0,
Goodreads,Manga,Naruto,1,"Naruto, Vol. 1: Uzumaki Naruto",4.41,251014,600,50.916666666666664,P50–75,295.0,289–301,299,13,288,48.0,
Goodreads,Manga,Black Clover,17,ブラッククローバー 17,4.4,1446,600,48.166666666666664,P25–50,311.5,302–321,279,20,301,50.166666666666664,
Goodreads,Manga,Fairy Tail,19,フェアリーテイル 19 [Fearī Teiru 19],4.4,4043,600,48.166666666666664,P25–50,311.5,302–321,279,20,301,50.166666666666664,
Goodreads,Manga,Fairy Tail,24,フェアリーテイル 24 [Fearī Teiru 24],4.4,3459,600,48.166666666666664,P25–50,311.5,302–321,279,20,301,50.166666666666664,
Goodreads,Manga,Fairy Tail,25,フェアリーテイル 25 [Fearī Teiru 25],4.4,3400,600,48.166666666666664,P25–50,311.5,302–321,279,20,301,50.166666666666664,
Goodreads,Manga,Fairy Tail,30,フェアリーテイル 30 [Fearī Teiru 30],4.4,2969,600,48.166666666666664,P25–50,311.5,302–321,279,20,301,50.166666666666664,
Goodreads,Manga,Fairy Tail,36,フェアリーテイル 36 [Fearī Teiru 36],4.4,2954,600,48.166666666666664,P25–50,311.5,302–321,279,20,301,50.166666666666664,
Goodreads,Manga,Fairy Tail,37,フェアリーテイル 37 [Fearī Teiru 37],4.4,2714,600,48.166666666666664,P25–50,311.5,302–321,279,20,301,50.166666666666664,
Goodreads,Manga,Fairy Tail,7,"Fairy Tail, Vol. 07",4.4,6571,600,48.166666666666664,P25–50,311.5,302–321,279,20,301,50.166666666666664,
Goodreads,Manga,Hunter × Hunter,6,"Hunter × Hunter, tome 6",4.4,4582,600,48.166666666666664,P25–50,311.5,302–321,279,20,301,50.166666666666664,
Goodreads,Manga,Hunter × Hunter,8,"Hunter × Hunter, tome 8",4.4,3751,600,48.166666666666664,P25–50,311.5,302–321,279,20,301,50.166666666666664,
Goodreads,Manga,My Hero Academia,22,僕のヒーローアカデミア 22 [Boku no Hero Academia 22],4.4,8963,600,48.166666666666664,P25–50,311.5,302–321,279,20,301,50.166666666666664,
Goodreads,Manga,My Hero Academia,8,僕のヒーローアカデミア 8 [Boku No Hero Academia 8],4.4,13665,600,48.166666666666664,P25–50,311.5,302–321,279,20,301,50.166666666666664,
Goodreads,Manga,Naruto,20,"Naruto, Vol. 20: Naruto vs. Sasuke",4.4,9634,600,48.166666666666664,P25–50,311.5,302–321,279,20,301,50.166666666666664,
Goodreads,Manga,Naruto,28,"Naruto, Vol. 28: Homecoming",4.4,9176,600,48.166666666666664,P25–50,311.5,302–321,279,20,301,50.166666666666664,
Goodreads,Manga,Naruto,29,"Naruto, Vol. 29: Kakashi vs. Itachi",4.4,8579,600,48.166666666666664,P25–50,311.5,302–321,279,20,301,50.166666666666664,
Goodreads,Manga,Naruto,30,"Naruto, Vol. 30: Puppet Masters",4.4,8605,600,48.166666666666664,P25–50,311.5,302–321,279,20,301,50.166666666666664,
Goodreads,Manga,Naruto,41,NARUTO -ナルト- 巻ノ四十一,4.4,6557,600,48.166666666666664,P25–50,311.5,302–321,279,20,301,50.166666666666664,
Goodreads,Manga,Naruto,58,"Naruto, Vol. 58: Naruto vs. Itachi",4.4,5839,600,48.166666666666664,P25–50,311.5,302–321,279,20,301,50.166666666666664,
Goodreads,Manga,One Piece,64,"One Piece, Volume 64: 100,000 vs. 10",4.4,5946,600,48.166666666666664,P25–50,311.5,302–321,279,20,301,50.166666666666664,
Goodreads,Manga,One Piece,66,"One Piece, Volume 66: The Road Toward the Sun",4.4,5950,600,48.166666666666664,P25–50,311.5,302–321,279,20,301,50.166666666666664,
Goodreads,Manga,Black Clover,35,ブラッククローバー 35 [Black Clover 35],4.39,831,600,44.083333333333336,P25–50,336.0,322–350,250,29,321,53.5,
Goodreads,Manga,Black Clover,6,ブラッククローバー 6 [Black Clover 6],4.39,2427,600,44.083333333333336,P25–50,336.0,322–350,250,29,321,53.5,
Goodreads,Manga,Bleach,12,"Bleach, Volume 12",4.39,12347,600,44.083333333333336,P25–50,336.0,322–350,250,29,321,53.5,
Goodreads,Manga,Bleach,13,"Bleach, Volume 13",4.39,8895,600,44.083333333333336,P25–50,336.0,322–350,250,29,321,53.5,
Goodreads,Manga,Bleach,14,"Bleach, Volume 14",4.39,13194,600,44.083333333333336,P25–50,336.0,322–350,250,29,321,53.5,
Goodreads,Manga,Bleach,48,Bleach―ブリーチ― 48 [Burīchi 48],4.39,4134,600,44.083333333333336,P25–50,336.0,322–350,250,29,321,53.5,
Goodreads,Manga,Fairy Tail,20,フェアリーテイル 20 [Fearī Teiru 20],4.39,4130,600,44.083333333333336,P25–50,336.0,322–350,250,29,321,53.5,
Goodreads,Manga,Fairy Tail,27,フェアリーテイル 27 [Fearī Teiru 27],4.39,3186,600,44.083333333333336,P25–50,336.0,322–350,250,29,321,53.5,
Goodreads,Manga,Fairy Tail,3,"Fairy Tail, Vol. 03",4.39,10791,600,44.083333333333336,P25–50,336.0,322–350,250,29,321,53.5,
Goodreads,Manga,Fairy Tail,38,フェアリーテイル 38 [Fearī Teiru 38],4.39,2621,600,44.083333333333336,P25–50,336.0,322–350,250,29,321,53.5,
Goodreads,Manga,Fairy Tail,49,フェアリーテイル 49 [Fearī Teiru 49],4.39,1948,600,44.083333333333336,P25–50,336.0,322–350,250,29,321,53.5,
Goodreads,Manga,Fairy Tail,50,"Fairy Tail, Vol. 50",4.39,2387,600,44.083333333333336,P25–50,336.0,322–350,250,29,321,53.5,
Goodreads,Manga,Fairy Tail,6,"Fairy Tail, Vol. 06",4.39,7252,600,44.083333333333336,P25–50,336.0,322–350,250,29,321,53.5,
Goodreads,Manga,Hunter × Hunter,15,"Hunter × Hunter, tome 15",4.39,2650,600,44.083333333333336,P25–50,336.0,322–350,250,29,321,53.5,
Goodreads,Manga,Hunter × Hunter,16,"Hunter × Hunter, tome 16",4.39,2385,600,44.083333333333336,P25–50,336.0,322–350,250,29,321,53.5,
Goodreads,Manga,Hunter × Hunter,23,"Hunter × Hunter, tome 23",4.39,2133,600,44.083333333333336,P25–50,336.0,322–350,250,29,321,53.5,
Goodreads,Manga,Jujutsu Kaisen,22,呪術廻戦 22 [Jujutsu Kaisen 22],4.39,10472,600,44.083333333333336,P25–50,336.0,322–350,250,29,321,53.5,
Goodreads,Manga,Magi,8,マギ 8,4.39,1311,600,44.083333333333336,P25–50,336.0,322–350,250,29,321,53.5,
Goodreads,Manga,Naruto,14,"Naruto, Vol. 14: Hokage vs. Hokage!!",4.39,11128,600,44.083333333333336,P25–50,336.0,322–350,250,29,321,53.5,
Goodreads,Manga,Naruto,16,"Naruto, Vol. 16: Eulogy",4.39,10208,600,44.083333333333336,P25–50,336.0,322–350,250,29,321,53.5,
Goodreads,Manga,Naruto,17,"Naruto, Vol. 17: Itachi's Power",4.39,10298,600,44.083333333333336,P25–50,336.0,322–350,250,29,321,53.5,
Goodreads,Manga,Naruto,21,"Naruto, Vol. 21: Pursuit",4.39,10106,600,44.083333333333336,P25–50,336.0,322–350,250,29,321,53.5,
Goodreads,Manga,Naruto,22,"Naruto, Vol. 22: Comrades",4.39,10407,600,44.083333333333336,P25–50,336.0,322–350,250,29,321,53.5,
Goodreads,Manga,Naruto,24,"Naruto, Vol. 24: Unorthodox",4.39,8903,600,44.083333333333336,P25–50,336.0,322–350,250,29,321,53.5,
Goodreads,Manga,Naruto,36,NARUTO -ナルト- 巻ノ三十六,4.39,6763,600,44.083333333333336,P25–50,336.0,322–350,250,29,321,53.5,
Goodreads,Manga,Naruto,51,NARUTO -ナルト- 51 巻ノ五十一,4.39,6620,600,44.083333333333336,P25–50,336.0,322–350,250,29,321,53.5,
Goodreads,Manga,Naruto,65,NARUTO -ナルト- 65,4.39,4733,600,44.083333333333336,P25–50,336.0,322–350,250,29,321,53.5,
Goodreads,Manga,One Piece,29,"One Piece, Volume 29: Oratorio",4.39,8673,600,44.083333333333336,P25–50,336.0,322–350,250,29,321,53.5,
Goodreads,Manga,One Piece,67,"One Piece, Volume 67: Cool Fight",4.39,5814,600,44.083333333333336,P25–50,336.0,322–350,250,29,321,53.5,
Goodreads,Manga,Black Clover,11,ブラッククローバー 11,4.38,1807,600,39.916666666666664,P25–50,361.0,351–371,229,21,350,58.333333333333336,
Goodreads,Manga,Black Clover,18,ブラッククローバー 18,4.38,1414,600,39.916666666666664,P25–50,361.0,351–371,229,21,350,58.333333333333336,
Goodreads,Manga,Black Clover,22,ブラッククローバー 22,4.38,1227,600,39.916666666666664,P25–50,361.0,351–371,229,21,350,58.333333333333336,
Goodreads,Manga,Black Clover,8,ブラッククローバー 8 [Black Clover 8],4.38,2138,600,39.916666666666664,P25–50,361.0,351–371,229,21,350,58.333333333333336,
Goodreads,Manga,Bleach,40,Bleach―ブリーチ― 40 [Burīchi 40],4.38,4373,600,39.916666666666664,P25–50,361.0,351–371,229,21,350,58.333333333333336,
Goodreads,Manga,Fairy Tail,17,フェアリーテイル 17 [Fearī Teiru 17],4.38,4354,600,39.916666666666664,P25–50,361.0,351–371,229,21,350,58.333333333333336,
Goodreads,Manga,Fairy Tail,22,フェアリーテイル 22 [Fearī Teiru 22],4.38,3767,600,39.916666666666664,P25–50,361.0,351–371,229,21,350,58.333333333333336,
Goodreads,Manga,Fairy Tail,28,フェアリーテイル 28 [Fearī Teiru 28],4.38,2966,600,39.916666666666664,P25–50,361.0,351–371,229,21,350,58.333333333333336,
Goodreads,Manga,Fairy Tail,32,フェアリーテイル 32 [Fearī Teiru 32],4.38,2874,600,39.916666666666664,P25–50,361.0,351–371,229,21,350,58.333333333333336,
Goodreads,Manga,Fairy Tail,33,フェアリーテイル 33 [Fearī Teiru 33],4.38,2784,600,39.916666666666664,P25–50,361.0,351–371,229,21,350,58.333333333333336,
Goodreads,Manga,Fairy Tail,48,"Fairy Tail, Vol. 48",4.38,2140,600,39.916666666666664,P25–50,361.0,351–371,229,21,350,58.333333333333336,
Goodreads,Manga,Hunter × Hunter,14,"Hunter × Hunter, tome 14",4.38,2740,600,39.916666666666664,P25–50,361.0,351–371,229,21,350,58.333333333333336,
Goodreads,Manga,Jujutsu Kaisen,24,呪術廻戦 24 [Jujutsu Kaisen 24],4.38,8502,600,39.916666666666664,P25–50,361.0,351–371,229,21,350,58.333333333333336,
Goodreads,Manga,My Hero Academia,20,僕のヒーローアカデミア 20 [Boku No Hero Academia 20],4.38,8912,600,39.916666666666664,P25–50,361.0,351–371,229,21,350,58.333333333333336,
Goodreads,Manga,My Hero Academia,38,僕のヒーローアカデミア 38 [Boku no Hero Academia 38],4.38,3245,600,39.916666666666664,P25–50,361.0,351–371,229,21,350,58.333333333333336,
Goodreads,Manga,Naruto,6,"Naruto, Vol. 06: Predator",4.38,15298,600,39.916666666666664,P25–50,361.0,351–371,229,21,350,58.333333333333336,
Goodreads,Manga,Naruto,62,NARUTO -ナルト- 巻ノ六十二,4.38,5044,600,39.916666666666664,P25–50,361.0,351–371,229,21,350,58.333333333333336,
Goodreads,Manga,Naruto,66,NARUTO -ナルト- 66,4.38,4410,600,39.916666666666664,P25–50,361.0,351–371,229,21,350,58.333333333333336,
Goodreads,Manga,Naruto,8,"Naruto, Vol. 08: Life-and-Death Battles",4.38,14298,600,39.916666666666664,P25–50,361.0,351–371,229,21,350,58.333333333333336,
Goodreads,Manga,One Piece,24,"One Piece, Volume 24: People's Dreams",4.38,9905,600,39.916666666666664,P25–50,361.0,351–371,229,21,350,58.333333333333336,
Goodreads,Manga,One Piece,5,"One Piece, Volume 5: For Whom the Bell Tolls",4.38,23144,600,39.916666666666664,P25–50,361.0,351–371,229,21,350,58.333333333333336,
Goodreads,Manga,Black Clover,15,ブラッククローバー 15,4.37,1520,600,36.5,P25–50,381.5,372–391,209,20,371,61.833333333333336,
Goodreads,Manga,Black Clover,19,ブラッククローバー 19,4.37,1346,600,36.5,P25–50,381.5,372–391,209,20,371,61.833333333333336,
Goodreads,Manga,Bleach,11,"Bleach, Volume 11",4.37,11389,600,36.5,P25–50,381.5,372–391,209,20,371,61.833333333333336,
Goodreads,Manga,Bleach,17,"Bleach, Volume 17",4.37,8627,600,36.5,P25–50,381.5,372–391,209,20,371,61.833333333333336,
Goodreads,Manga,Bleach,36,Bleach―ブリーチ― 36 [Burīchi 36],4.37,5807,600,36.5,P25–50,381.5,372–391,209,20,371,61.833333333333336,
Goodreads,Manga,Bleach,6,"Bleach, Volume 06",4.37,12965,600,36.5,P25–50,381.5,372–391,209,20,371,61.833333333333336,
Goodreads,Manga,Bleach,7,"Bleach, Volume 07",4.37,12906,600,36.5,P25–50,381.5,372–391,209,20,371,61.833333333333336,
Goodreads,Manga,Fairy Tail,21,フェアリーテイル 21 [Fearī Teiru 21],4.37,3941,600,36.5,P25–50,381.5,372–391,209,20,371,61.833333333333336,
Goodreads,Manga,Fairy Tail,23,フェアリーテイル 23 [Fearī Teiru 23],4.37,3422,600,36.5,P25–50,381.5,372–391,209,20,371,61.833333333333336,
Goodreads,Manga,Fairy Tail,31,"Fairy Tail, Vol. 31",4.37,3049,600,36.5,P25–50,381.5,372–391,209,20,371,61.833333333333336,
Goodreads,Manga,Fairy Tail,40,"Fairy Tail, Vol. 40",4.37,2560,600,36.5,P25–50,381.5,372–391,209,20,371,61.833333333333336,
Goodreads,Manga,Fairy Tail,44,フェアリーテイル 44 [Fearī Teiru 44],4.37,2119,600,36.5,P25–50,381.5,372–391,209,20,371,61.833333333333336,
Goodreads,Manga,Hunter × Hunter,20,"Hunter × Hunter, tome 20",4.37,2348,600,36.5,P25–50,381.5,372–391,209,20,371,61.833333333333336,
Goodreads,Manga,My Hero Academia,12,僕のヒーローアカデミア 12 [Boku No Hero Academia 12],4.37,10224,600,36.5,P25–50,381.5,372–391,209,20,371,61.833333333333336,
Goodreads,Manga,My Hero Academia,23,僕のヒーローアカデミア 23 [Boku no Hero Academia 23],4.37,8359,600,36.5,P25–50,381.5,372–391,209,20,371,61.833333333333336,
Goodreads,Manga,Naruto,40,"Naruto, Vol. 40: The Ultimate Art",4.37,7147,600,36.5,P25–50,381.5,372–391,209,20,371,61.833333333333336,
Goodreads,Manga,Naruto,61,"Naruto, Vol. 61: Uchiha Brothers United Front",4.37,4997,600,36.5,P25–50,381.5,372–391,209,20,371,61.833333333333336,
Goodreads,Manga,Naruto,64,"Naruto, Vol. 64: Ten Tails",4.37,4794,600,36.5,P25–50,381.5,372–391,209,20,371,61.833333333333336,
Goodreads,Manga,One Piece,15,"One Piece, Volume 15: Straight Ahead!",4.37,13271,600,36.5,P25–50,381.5,372–391,209,20,371,61.833333333333336,
Goodreads,Manga,One Piece,46,"One Piece, Volume 46: Adventure on Ghost Island",4.37,7149,600,36.5,P25–50,381.5,372–391,209,20,371,61.833333333333336,
Goodreads,Manga,Black Clover,24,ブラッククローバー 24,4.36,1217,600,33.5,P25–50,399.5,392–407,193,16,391,65.16666666666667,
Goodreads,Manga,Bleach,16,"Bleach, Volume 16",4.36,8189,600,33.5,P25–50,399.5,392–407,193,16,391,65.16666666666667,
Goodreads,Manga,Bleach,18,"Bleach, Volume 18",4.36,10266,600,33.5,P25–50,399.5,392–407,193,16,391,65.16666666666667,
Goodreads,Manga,Bleach,8,"Bleach, Volume 08",4.36,11171,600,33.5,P25–50,399.5,392–407,193,16,391,65.16666666666667,
Goodreads,Manga,Fairy Tail,16,フェアリーテイル 16 [Fearī Teiru 16],4.36,4495,600,33.5,P25–50,399.5,392–407,193,16,391,65.16666666666667,
Goodreads,Manga,Fairy Tail,2,"Fairy Tail, Vol. 02",4.36,12976,600,33.5,P25–50,399.5,392–407,193,16,391,65.16666666666667,
Goodreads,Manga,Fairy Tail,43,"Fairy Tail, Vol. 43",4.36,2470,600,33.5,P25–50,399.5,392–407,193,16,391,65.16666666666667,
Goodreads,Manga,Fairy Tail,63,フェアリーテイル 63 [Fearī Teiru 63],4.36,1566,600,33.5,P25–50,399.5,392–407,193,16,391,65.16666666666667,
Goodreads,Manga,Hunter × Hunter,22,"Hunter × Hunter, tome 22",4.36,2212,600,33.5,P25–50,399.5,392–407,193,16,391,65.16666666666667,
Goodreads,Manga,Magi,5,マギ 5,4.36,1634,600,33.5,P25–50,399.5,392–407,193,16,391,65.16666666666667,
Goodreads,Manga,Naruto,44,"Naruto, Vol. 44: Senjutsu Heir",4.36,6532,600,33.5,P25–50,399.5,392–407,193,16,391,65.16666666666667,
Goodreads,Manga,One Piece,2,"One Piece, Volume 2: Buggy the Clown",4.36,34740,600,33.5,P25–50,399.5,392–407,193,16,391,65.16666666666667,
Goodreads,Manga,One Piece,47,"One Piece, Volume 47: Cloudy, Partly Bony",4.36,6628,600,33.5,P25–50,399.5,392–407,193,16,391,65.16666666666667,
Goodreads,Manga,One Piece,63,"One Piece, Volume 63: Otohime and Tiger",4.36,6001,600,33.5,P25–50,399.5,392–407,193,16,391,65.16666666666667,
Goodreads,Manga,One Piece,65,"One Piece, Volume 65: To Nothing",4.36,5984,600,33.5,P25–50,399.5,392–407,193,16,391,65.16666666666667,
Goodreads,Fantasy — cycle principal,Stormlight Archive,5,Wind and Truth,4.36,162662,600,33.5,P25–50,399.5,392–407,193,16,391,65.16666666666667,https://www.goodreads.com/series/49075-the-stormlight-archive
Goodreads,Fantasy — cycle principal,A Song of Ice and Fire,5,A Dance with Dragons,4.35,756350,600,31.083333333333332,P25–50,414.0,408–420,180,13,407,67.83333333333333,https://www.goodreads.com/series/43790-a-song-of-ice-and-fire
Goodreads,Manga,Black Clover,20,ブラッククローバー 20,4.35,1328,600,31.083333333333332,P25–50,414.0,408–420,180,13,407,67.83333333333333,
Goodreads,Manga,Black Clover,34,ブラッククローバー 34 [Black Clover 34],4.35,871,600,31.083333333333332,P25–50,414.0,408–420,180,13,407,67.83333333333333,
Goodreads,Manga,Black Clover,4,ブラッククローバー 4 [Black Clover 4],4.35,2910,600,31.083333333333332,P25–50,414.0,408–420,180,13,407,67.83333333333333,
Goodreads,Manga,Bleach,22,"Bleach, Volume 22",4.35,7177,600,31.083333333333332,P25–50,414.0,408–420,180,13,407,67.83333333333333,
Goodreads,Manga,Fairy Tail,26,フェアリーテイル 26 [Fearī Teiru 26],4.35,3020,600,31.083333333333332,P25–50,414.0,408–420,180,13,407,67.83333333333333,
Goodreads,Manga,Fairy Tail,53,フェアリーテイル 53 [Fearī Teiru 53],4.35,1826,600,31.083333333333332,P25–50,414.0,408–420,180,13,407,67.83333333333333,
Goodreads,Manga,Fairy Tail,57,"Fairy Tail, Vol. 57",4.35,1704,600,31.083333333333332,P25–50,414.0,408–420,180,13,407,67.83333333333333,
Goodreads,Manga,Magi,6,マギ 6,4.35,1748,600,31.083333333333332,P25–50,414.0,408–420,180,13,407,67.83333333333333,
Goodreads,Manga,Naruto,18,"Naruto, Vol. 18: Tsunade's Choice",4.35,9967,600,31.083333333333332,P25–50,414.0,408–420,180,13,407,67.83333333333333,
Goodreads,Manga,Naruto,59,NARUTO -ナルト- 巻ノ五十九,4.35,4809,600,31.083333333333332,P25–50,414.0,408–420,180,13,407,67.83333333333333,
Goodreads,Manga,One Piece,13,"One Piece, Volume 13: It's All Right!",4.35,14457,600,31.083333333333332,P25–50,414.0,408–420,180,13,407,67.83333333333333,
Goodreads,Manga,One Piece,48,"One Piece, Volume 48: Adventures of Oars",4.35,6647,600,31.083333333333332,P25–50,414.0,408–420,180,13,407,67.83333333333333,
Goodreads,Manga,Bleach,24,"Bleach, Volume 24",4.34,6640,600,29.0,P25–50,426.5,421–432,168,12,420,70.0,
Goodreads,Manga,Bleach,25,"Bleach, Volume 25",4.34,6334,600,29.0,P25–50,426.5,421–432,168,12,420,70.0,
Goodreads,Manga,Bleach,3,"Bleach, Volume 03",4.34,18189,600,29.0,P25–50,426.5,421–432,168,12,420,70.0,
Goodreads,Manga,Bleach,32,Bleach―ブリーチ― 32 [Burīchi 32],4.34,5102,600,29.0,P25–50,426.5,421–432,168,12,420,70.0,
Goodreads,Manga,Fairy Tail,41,"Fairy Tail, Vol. 41",4.34,2503,600,29.0,P25–50,426.5,421–432,168,12,420,70.0,
Goodreads,Manga,Jujutsu Kaisen,18,呪術廻戦 18 [Jujutsu Kaisen 18],4.34,14971,600,29.0,P25–50,426.5,421–432,168,12,420,70.0,
Goodreads,Manga,Jujutsu Kaisen,20,呪術廻戦 20 [Jujutsu Kaisen 20],4.34,12352,600,29.0,P25–50,426.5,421–432,168,12,420,70.0,
Goodreads,Manga,Magi,19,マギ 19,4.34,717,600,29.0,P25–50,426.5,421–432,168,12,420,70.0,
Goodreads,Manga,Magi,4,マギ 4,4.34,1915,600,29.0,P25–50,426.5,421–432,168,12,420,70.0,
Goodreads,Manga,Naruto,23,"Naruto, Vol. 23: Predicament",4.34,8769,600,29.0,P25–50,426.5,421–432,168,12,420,70.0,
Goodreads,Manga,Naruto,34,"Naruto, Vol. 34: The Reunion",4.34,7476,600,29.0,P25–50,426.5,421–432,168,12,420,70.0,
Goodreads,Manga,One Piece,26,"One Piece, Volume 26: Adventure on Kami's Island",4.34,9359,600,29.0,P25–50,426.5,421–432,168,12,420,70.0,
Goodreads,Manga,Fairy Tail,51,フェアリーテイル 51 [Fearī Teiru 51],4.33,1894,600,27.333333333333332,P25–50,436.5,433–440,160,8,432,72.0,
Goodreads,Manga,Fairy Tail,55,フェアリーテイル 55 [Fearī Teiru 55],4.33,1678,600,27.333333333333332,P25–50,436.5,433–440,160,8,432,72.0,
Goodreads,Manga,Fairy Tail,59,フェアリーテイル 59 [Fearī Teiru 59],4.33,1542,600,27.333333333333332,P25–50,436.5,433–440,160,8,432,72.0,
Goodreads,Manga,Magi,9,マギ 9,4.33,1254,600,27.333333333333332,P25–50,436.5,433–440,160,8,432,72.0,
Goodreads,Manga,Naruto,67,NARUTO -ナルト- 67,4.33,4305,600,27.333333333333332,P25–50,436.5,433–440,160,8,432,72.0,
Goodreads,Manga,One Piece,14,"One Piece, Volume 14: Instinct",4.33,13467,600,27.333333333333332,P25–50,436.5,433–440,160,8,432,72.0,
Goodreads,Manga,One Piece,3,"One Piece, Volume 3: Don't Get Fooled Again",4.33,28794,600,27.333333333333332,P25–50,436.5,433–440,160,8,432,72.0,
Goodreads,Manga,One Piece,4,"One Piece, Volume 4: The Black Cat Pirates",4.33,25591,600,27.333333333333332,P25–50,436.5,433–440,160,8,432,72.0,
Goodreads,Manga,Bleach,23,"Bleach, Volume 23",4.32,7048,600,25.083333333333332,P25–50,450.0,441–459,141,19,440,73.33333333333333,
Goodreads,Manga,Fairy Tail,1,"Fairy Tail, Vol. 01",4.32,133453,600,25.083333333333332,P25–50,450.0,441–459,141,19,440,73.33333333333333,
Goodreads,Manga,Fairy Tail,54,フェアリーテイル 54 [Fearī Teiru 54],4.32,1723,600,25.083333333333332,P25–50,450.0,441–459,141,19,440,73.33333333333333,
Goodreads,Manga,Fairy Tail,56,"Fairy Tail, Vol. 56",4.32,1802,600,25.083333333333332,P25–50,450.0,441–459,141,19,440,73.33333333333333,
Goodreads,Manga,Fairy Tail,58,フェアリーテイル 58 [Fearī Teiru 58],4.32,1570,600,25.083333333333332,P25–50,450.0,441–459,141,19,440,73.33333333333333,
Goodreads,Manga,Jujutsu Kaisen,23,呪術廻戦 23 [Jujutsu Kaisen 23],4.32,9347,600,25.083333333333332,P25–50,450.0,441–459,141,19,440,73.33333333333333,
Goodreads,Manga,Magi,10,マギ 10,4.32,1105,600,25.083333333333332,P25–50,450.0,441–459,141,19,440,73.33333333333333,
Goodreads,Manga,Magi,20,マギ 20,4.32,700,600,25.083333333333332,P25–50,450.0,441–459,141,19,440,73.33333333333333,
Goodreads,Manga,Magi,22,マギ 22,4.32,683,600,25.083333333333332,P25–50,450.0,441–459,141,19,440,73.33333333333333,
Goodreads,Manga,Magi,7,マギ 7,4.32,1284,600,25.083333333333332,P25–50,450.0,441–459,141,19,440,73.33333333333333,
Goodreads,Manga,My Hero Academia,34,僕のヒーローアカデミア 34 [Boku no Hero Academia 34],4.32,4591,600,25.083333333333332,P25–50,450.0,441–459,141,19,440,73.33333333333333,
Goodreads,Manga,Naruto,33,"Naruto, Vol. 33: The Secret Mission",4.32,7700,600,25.083333333333332,P25–50,450.0,441–459,141,19,440,73.33333333333333,
Goodreads,Manga,Naruto,35,"Naruto, Vol. 35: The New Two",4.32,7249,600,25.083333333333332,P25–50,450.0,441–459,141,19,440,73.33333333333333,
Goodreads,Manga,Naruto,38,NARUTO -ナルト- 巻ノ三十八,4.32,6303,600,25.083333333333332,P25–50,450.0,441–459,141,19,440,73.33333333333333,
Goodreads,Manga,Naruto,55,NARUTO -ナルト- 55 巻ノ五十五,4.32,5469,600,25.083333333333332,P25–50,450.0,441–459,141,19,440,73.33333333333333,
Goodreads,Manga,Naruto,69,NARUTO -ナルト- 69,4.32,4153,600,25.083333333333332,P25–50,450.0,441–459,141,19,440,73.33333333333333,
Goodreads,Manga,Naruto,71,NARUTO -ナルト- 71,4.32,4235,600,25.083333333333332,P25–50,450.0,441–459,141,19,440,73.33333333333333,
Goodreads,Manga,One Piece,27,"One Piece, Volume 27: Overture",4.32,9196,600,25.083333333333332,P25–50,450.0,441–459,141,19,440,73.33333333333333,
Goodreads,Manga,One Piece,28,"One Piece, Volume 28: Wyper the Berserker",4.32,8661,600,25.083333333333332,P25–50,450.0,441–459,141,19,440,73.33333333333333,
Goodreads,Manga,Black Clover,23,ブラッククローバー 23,4.31,1176,600,22.5,Sous P25,465.5,460–471,129,12,459,76.5,
Goodreads,Manga,Black Clover,9,ブラッククローバー 9 [Black Clover 9],4.31,2033,600,22.5,Sous P25,465.5,460–471,129,12,459,76.5,
Goodreads,Manga,Bleach,34,Bleach―ブリーチ― 34 [Burīchi 34],4.31,4844,600,22.5,Sous P25,465.5,460–471,129,12,459,76.5,
Goodreads,Manga,Bleach,47,Bleach―ブリーチ― 47 [Burīchi 47],4.31,4136,600,22.5,Sous P25,465.5,460–471,129,12,459,76.5,
Goodreads,Manga,Bleach,5,"Bleach, Volume 05",4.31,12359,600,22.5,Sous P25,465.5,460–471,129,12,459,76.5,
Goodreads,Manga,Bleach,57,Bleach―ブリーチ― 57 [Burīchi 57],4.31,3484,600,22.5,Sous P25,465.5,460–471,129,12,459,76.5,
Goodreads,Manga,Fairy Tail,42,フェアリーテイル 42 [Fearī Teiru 42],4.31,2206,600,22.5,Sous P25,465.5,460–471,129,12,459,76.5,
Goodreads,Manga,Magi,16,マギ 16,4.31,801,600,22.5,Sous P25,465.5,460–471,129,12,459,76.5,
Goodreads,Manga,Magi,18,マギ 18,4.31,717,600,22.5,Sous P25,465.5,460–471,129,12,459,76.5,
Goodreads,Manga,Naruto,56,NARUTO -ナルト 56- 巻ノ五十六,4.31,5655,600,22.5,Sous P25,465.5,460–471,129,12,459,76.5,
Goodreads,Manga,Naruto,70,NARUTO -ナルト- 70,4.31,4294,600,22.5,Sous P25,465.5,460–471,129,12,459,76.5,
Goodreads,Manga,One Piece,62,"One Piece, Volume 62: Adventure on Fish-Man Island",4.31,6120,600,22.5,Sous P25,465.5,460–471,129,12,459,76.5,
Goodreads,Manga,Black Clover,10,ブラッククローバー 10 [Black Clover 10],4.3,1969,600,19.833333333333332,Sous P25,481.5,472–491,109,20,471,78.5,
Goodreads,Manga,Black Clover,12,ブラッククローバー 12,4.3,1714,600,19.833333333333332,Sous P25,481.5,472–491,109,20,471,78.5,
Goodreads,Manga,Bleach,2,"Bleach, Volume 02",4.3,20530,600,19.833333333333332,Sous P25,481.5,472–491,109,20,471,78.5,
Goodreads,Manga,Bleach,21,"Bleach, Volume 21",4.3,8122,600,19.833333333333332,Sous P25,481.5,472–491,109,20,471,78.5,
Goodreads,Manga,Bleach,43,Bleach―ブリーチ― 43 [Burīchi 43],4.3,4773,600,19.833333333333332,Sous P25,481.5,472–491,109,20,471,78.5,
Goodreads,Manga,Bleach,45,Bleach―ブリーチ― 45 [Burīchi 45],4.3,3932,600,19.833333333333332,Sous P25,481.5,472–491,109,20,471,78.5,
Goodreads,Manga,Bleach,46,Bleach―ブリーチ― 46 [Burīchi 46],4.3,4074,600,19.833333333333332,Sous P25,481.5,472–491,109,20,471,78.5,
Goodreads,Manga,Bleach,60,"Bleach, Volume 60",4.3,3071,600,19.833333333333332,Sous P25,481.5,472–491,109,20,471,78.5,
Goodreads,Manga,Fairy Tail,52,フェアリーテイル 52 [Fearī Teiru 52],4.3,1813,600,19.833333333333332,Sous P25,481.5,472–491,109,20,471,78.5,
Goodreads,Manga,Fairy Tail,62,フェアリーテイル 62 [Fearī Teiru 62],4.3,1455,600,19.833333333333332,Sous P25,481.5,472–491,109,20,471,78.5,
Goodreads,Manga,Hunter × Hunter,33,"Hunter × Hunter, tome 33",4.3,3044,600,19.833333333333332,Sous P25,481.5,472–491,109,20,471,78.5,
Goodreads,Manga,Magi,15,マギ 15,4.3,860,600,19.833333333333332,Sous P25,481.5,472–491,109,20,471,78.5,
Goodreads,Manga,Magi,17,マギ 17,4.3,730,600,19.833333333333332,Sous P25,481.5,472–491,109,20,471,78.5,
Goodreads,Manga,Magi,2,"Magi: The Labyrinth of Magic, Volume 2",4.3,2377,600,19.833333333333332,Sous P25,481.5,472–491,109,20,471,78.5,
Goodreads,Manga,Magi,3,マギ 3,4.3,2001,600,19.833333333333332,Sous P25,481.5,472–491,109,20,471,78.5,
Goodreads,Manga,Naruto,39,Naruto 39: 動き出す者たち [Ugokidasu Mono-Tachi] 〈ナルト 巻ノ39〉,4.3,6486,600,19.833333333333332,Sous P25,481.5,472–491,109,20,471,78.5,
Goodreads,Manga,Naruto,49,"Naruto, Vol. 49: The Gokage Summit Commences",4.3,6254,600,19.833333333333332,Sous P25,481.5,472–491,109,20,471,78.5,
Goodreads,Manga,Naruto,52,NARUTO -ナルト- 52 巻ノ五十二,4.3,5475,600,19.833333333333332,Sous P25,481.5,472–491,109,20,471,78.5,
Goodreads,Manga,Naruto,57,NARUTO -ナルト- 巻ノ五十七,4.3,4839,600,19.833333333333332,Sous P25,481.5,472–491,109,20,471,78.5,
Goodreads,Manga,Naruto,68,NARUTO -ナルト- 68,4.3,4095,600,19.833333333333332,Sous P25,481.5,472–491,109,20,471,78.5,
Goodreads,Manga,Black Clover,13,ブラッククローバー 13,4.29,1681,600,17.416666666666668,Sous P25,496.0,492–500,100,9,491,81.83333333333333,
Goodreads,Manga,Bleach,10,"Bleach, Volume 10",4.29,9885,600,17.416666666666668,Sous P25,496.0,492–500,100,9,491,81.83333333333333,
Goodreads,Manga,Bleach,26,"Bleach, Volume 26",4.29,6849,600,17.416666666666668,Sous P25,496.0,492–500,100,9,491,81.83333333333333,
Goodreads,Manga,Bleach,30,"Bleach, Tome 30: There is No Heart Without You",4.29,5033,600,17.416666666666668,Sous P25,496.0,492–500,100,9,491,81.83333333333333,
Goodreads,Manga,Bleach,58,Bleach―ブリーチ― 58 [Burīchi 58],4.29,3261,600,17.416666666666668,Sous P25,496.0,492–500,100,9,491,81.83333333333333,
Goodreads,Manga,Bleach,59,Bleach―ブリーチ― 59 [Burīchi 59],4.29,3165,600,17.416666666666668,Sous P25,496.0,492–500,100,9,491,81.83333333333333,
Goodreads,Manga,Fairy Tail,61,フェアリーテイル 61 [Fearī Teiru 61],4.29,1483,600,17.416666666666668,Sous P25,496.0,492–500,100,9,491,81.83333333333333,
Goodreads,Manga,Naruto,32,"Naruto, Vol. 32: The Search for Sasuke",4.29,7599,600,17.416666666666668,Sous P25,496.0,492–500,100,9,491,81.83333333333333,
Goodreads,Manga,Naruto,50,NARUTO -ナルト- 50 巻ノ五十,4.29,5966,600,17.416666666666668,Sous P25,496.0,492–500,100,9,491,81.83333333333333,
Goodreads,Manga,Black Clover,3,ブラッククローバー 3 [Black Clover 3],4.28,3313,600,15.833333333333334,Sous P25,505.5,501–510,90,10,500,83.33333333333333,
Goodreads,Manga,Black Clover,7,ブラッククローバー 7 [Black Clover 7],4.28,2224,600,15.833333333333334,Sous P25,505.5,501–510,90,10,500,83.33333333333333,
Goodreads,Manga,Bleach,27,Bleach―ブリーチ― 27 [Burīchi 27],4.28,5689,600,15.833333333333334,Sous P25,505.5,501–510,90,10,500,83.33333333333333,
Goodreads,Manga,Bleach,41,Bleach―ブリーチ― 41 [Burīchi 41],4.28,4142,600,15.833333333333334,Sous P25,505.5,501–510,90,10,500,83.33333333333333,
Goodreads,Manga,Bleach,42,Bleach―ブリーチ― 42 [Burīchi 42],4.28,4445,600,15.833333333333334,Sous P25,505.5,501–510,90,10,500,83.33333333333333,
Goodreads,Manga,Fairy Tail,60,フェアリーテイル 60 [Fearī Teiru 60],4.28,1490,600,15.833333333333334,Sous P25,505.5,501–510,90,10,500,83.33333333333333,
Goodreads,Manga,Magi,12,マギ 12,4.28,897,600,15.833333333333334,Sous P25,505.5,501–510,90,10,500,83.33333333333333,
Goodreads,Manga,Magi,13,マギ 13,4.28,996,600,15.833333333333334,Sous P25,505.5,501–510,90,10,500,83.33333333333333,
Goodreads,Manga,Magi,24,マギ 24,4.28,614,600,15.833333333333334,Sous P25,505.5,501–510,90,10,500,83.33333333333333,
Goodreads,Manga,My Hero Academia,1,"My Hero Academia, Vol. 1",4.28,158465,600,15.833333333333334,Sous P25,505.5,501–510,90,10,500,83.33333333333333,
Goodreads,Manga,Bleach,1,"Bleach, Vol. 1",4.27,202888,600,14.25,Sous P25,515.0,511–519,81,9,510,85.0,
Goodreads,Manga,Bleach,4,"Bleach, Volume 04",4.27,15673,600,14.25,Sous P25,515.0,511–519,81,9,510,85.0,
Goodreads,Manga,Bleach,9,"Bleach, Volume 09",4.27,9770,600,14.25,Sous P25,515.0,511–519,81,9,510,85.0,
Goodreads,Manga,Hunter × Hunter,35,"Hunter × Hunter, tome 35",4.27,2266,600,14.25,Sous P25,515.0,511–519,81,9,510,85.0,
Goodreads,Manga,Hunter × Hunter,36,"Hunter × Hunter, tome 36",4.27,2034,600,14.25,Sous P25,515.0,511–519,81,9,510,85.0,
Goodreads,Manga,Hunter × Hunter,39,"Hunter × Hunter, tome 39",4.27,153,600,14.25,Sous P25,515.0,511–519,81,9,510,85.0,
Goodreads,Manga,Jujutsu Kaisen,28,呪術廻戦 28 [Jujutsu Kaisen 28],4.27,5496,600,14.25,Sous P25,515.0,511–519,81,9,510,85.0,
Goodreads,Manga,Naruto,54,NARUTO -ナルト- 54 巻ノ五十四,4.27,5216,600,14.25,Sous P25,515.0,511–519,81,9,510,85.0,
Goodreads,Fantasy — cycle principal,The Witcher,0.2,Sword of Destiny,4.27,234305,600,14.25,Sous P25,515.0,511–519,81,9,510,85.0,https://www.goodreads.com/series/306126-the-witcher
Goodreads,Manga,Bleach,35,Bleach―ブリーチ― 35 [Burīchi 35],4.26,4441,600,13.0,Sous P25,522.5,520–525,75,6,519,86.5,
Goodreads,Manga,Magi,11,マギ 11,4.26,930,600,13.0,Sous P25,522.5,520–525,75,6,519,86.5,
Goodreads,Manga,Magi,23,マギ 23,4.26,632,600,13.0,Sous P25,522.5,520–525,75,6,519,86.5,
Goodreads,Manga,Magi,27,マギ 27,4.26,525,600,13.0,Sous P25,522.5,520–525,75,6,519,86.5,
Goodreads,Manga,My Hero Academia,19,僕のヒーローアカデミア 19 [Boku No Hero Academia 19],4.26,8584,600,13.0,Sous P25,522.5,520–525,75,6,519,86.5,
Goodreads,Fantasy — cycle principal,The Witcher,3,Baptism of Fire,4.26,153351,600,13.0,Sous P25,522.5,520–525,75,6,519,86.5,https://www.goodreads.com/series/306126-the-witcher
Goodreads,Manga,Black Clover,5,ブラッククローバー 5 [Black Clover 5],4.25,2590,600,12.25,Sous P25,527.0,526–528,72,3,525,87.5,
Goodreads,Manga,Magi,26,マギ 26,4.25,554,600,12.25,Sous P25,527.0,526–528,72,3,525,87.5,
Goodreads,Manga,Magi,28,マギ 28,4.25,507,600,12.25,Sous P25,527.0,526–528,72,3,525,87.5,
Goodreads,Manga,Black Clover,2,ブラッククローバー 2 [Black Clover 2],4.24,4120,600,11.583333333333334,Sous P25,531.0,529–533,67,5,528,88.0,
Goodreads,Manga,Black Clover,37,ブラッククローバー 37 [Black Clover 37],4.24,295,600,11.583333333333334,Sous P25,531.0,529–533,67,5,528,88.0,
Goodreads,Manga,Bleach,33,Bleach―ブリーチ― 33 [Burīchi 33],4.24,4470,600,11.583333333333334,Sous P25,531.0,529–533,67,5,528,88.0,
Goodreads,Manga,Magi,14,マギ 14,4.24,825,600,11.583333333333334,Sous P25,531.0,529–533,67,5,528,88.0,
Goodreads,Manga,Magi,21,マギ 21,4.24,713,600,11.583333333333334,Sous P25,531.0,529–533,67,5,528,88.0,
Goodreads,Manga,Bleach,28,"Bleach, Volume 28",4.23,5627,600,11.0,Sous P25,534.5,534–535,65,2,533,88.83333333333333,
Goodreads,Manga,Hunter × Hunter,38,"Hunter × Hunter, tome 38",4.23,622,600,11.0,Sous P25,534.5,534–535,65,2,533,88.83333333333333,
Goodreads,Manga,Bleach,31,Bleach 31: Bring mich nicht um mein Vergnügen,4.22,4710,600,10.416666666666666,Sous P25,538.0,536–540,60,5,535,89.16666666666667,
Goodreads,Manga,Bleach,37,Bleach―ブリーチ― 37 [Burīchi 37],4.22,4174,600,10.416666666666666,Sous P25,538.0,536–540,60,5,535,89.16666666666667,
Goodreads,Manga,Bleach,44,Bleach―ブリーチ― 44 [Burīchi 44],4.22,3880,600,10.416666666666666,Sous P25,538.0,536–540,60,5,535,89.16666666666667,
Goodreads,Manga,Magi,25,マギ 25,4.22,576,600,10.416666666666666,Sous P25,538.0,536–540,60,5,535,89.16666666666667,
Goodreads,Fantasy — cycle principal,The Witcher,4,The Tower of the Swallow,4.22,129871,600,10.416666666666666,Sous P25,538.0,536–540,60,5,535,89.16666666666667,https://www.goodreads.com/series/306126-the-witcher
Goodreads,Manga,Jujutsu Kaisen,29,呪術廻戦 29 [Jujutsu Kaisen 29],4.21,4829,600,9.833333333333334,Sous P25,541.5,541–542,58,2,540,90.0,
Goodreads,Manga,Magi,31,マギ 31,4.21,449,600,9.833333333333334,Sous P25,541.5,541–542,58,2,540,90.0,
Goodreads,Manga,Bleach,39,Bleach―ブリーチ― 39 [Burīchi 39],4.2,3961,600,9.416666666666666,Sous P25,544.0,543–545,55,3,542,90.33333333333333,
Goodreads,Manga,Bleach,55,Bleach―ブリーチ― 55 [Burīchi 55],4.2,3556,600,9.416666666666666,Sous P25,544.0,543–545,55,3,542,90.33333333333333,
Goodreads,Manga,Magi,1,マギ 1,4.2,6404,600,9.416666666666666,Sous P25,544.0,543–545,55,3,542,90.33333333333333,
Goodreads,Manga,Bleach,29,"Bleach, Volume 29",4.19,5232,600,8.916666666666666,Sous P25,547.0,546–548,52,3,545,90.83333333333333,
Goodreads,Manga,Hunter × Hunter,37,"Hunter × Hunter, tome 37",4.19,1470,600,8.916666666666666,Sous P25,547.0,546–548,52,3,545,90.83333333333333,
Goodreads,Manga,Magi,29,マギ 29,4.19,486,600,8.916666666666666,Sous P25,547.0,546–548,52,3,545,90.83333333333333,
Goodreads,Fantasy — cycle principal,A Song of Ice and Fire,4,A Feast for Crows,4.18,813469,600,8.333333333333334,Sous P25,550.5,549–552,48,4,548,91.33333333333333,https://www.goodreads.com/series/43790-a-song-of-ice-and-fire
Goodreads,Manga,Bleach,38,Bleach―ブリーチ― 38 [Burīchi 38],4.18,3836,600,8.333333333333334,Sous P25,550.5,549–552,48,4,548,91.33333333333333,
Goodreads,Manga,Bleach,56,Bleach―ブリーチ― 56 [Burīchi 56],4.18,3275,600,8.333333333333334,Sous P25,550.5,549–552,48,4,548,91.33333333333333,
Goodreads,Manga,Magi,32,マギ 32,4.18,440,600,8.333333333333334,Sous P25,550.5,549–552,48,4,548,91.33333333333333,
Goodreads,Manga,Jujutsu Kaisen,21,呪術廻戦 21 [Jujutsu Kaisen 21],4.17,11670,600,7.833333333333333,Sous P25,553.5,553–554,46,2,552,92.0,
Goodreads,Manga,Magi,30,マギ 30,4.17,476,600,7.833333333333333,Sous P25,553.5,553–554,46,2,552,92.0,
Goodreads,Manga,Bleach,61,Bleach―ブリーチ― 61 [Burīchi 61],4.16,2794,600,7.5,Sous P25,555.5,555–556,44,2,554,92.33333333333333,
Goodreads,Fantasy — cycle principal,The Witcher,2,The Time of Contempt,4.16,182730,600,7.5,Sous P25,555.5,555–556,44,2,554,92.33333333333333,https://www.goodreads.com/series/306126-the-witcher
Goodreads,Manga,Black Clover,1,ブラッククローバー 1 [Black Clover 1],4.15,7979,600,7.083333333333333,Sous P25,558.0,557–559,41,3,556,92.66666666666667,
Goodreads,Manga,Bleach,49,Bleach―ブリーチ― 49 [Burīchi 49],4.15,4132,600,7.083333333333333,Sous P25,558.0,557–559,41,3,556,92.66666666666667,
Goodreads,Manga,Bleach,63,Bleach―ブリーチ― 63 [Burīchi 63],4.15,2683,600,7.083333333333333,Sous P25,558.0,557–559,41,3,556,92.66666666666667,
Goodreads,Fantasy — cycle principal,The Witcher,0.1,The Last Wish,4.14,436557,600,6.75,Sous P25,560.0,560,40,1,559,93.16666666666667,https://www.goodreads.com/series/306126-the-witcher
Goodreads,Manga,Bleach,73,Bleach―ブリーチ― 73 [Burīchi 73],4.13,2276,600,6.5,Sous P25,561.5,561–562,38,2,560,93.33333333333333,
Goodreads,Manga,One Piece,33,"One Piece, Volume 33: Davy Back Fight",4.13,8268,600,6.5,Sous P25,561.5,561–562,38,2,560,93.33333333333333,
Goodreads,Manga,Bleach,52,Bleach―ブリーチ― 52 [Burīchi 52],4.12,3294,600,6.25,Sous P25,563.0,563,37,1,562,93.66666666666667,
Goodreads,Manga,Bleach,54,Bleach―ブリーチ― 54 [Burīchi 54],4.11,3159,600,6.0,Sous P25,564.5,564–565,35,2,563,93.83333333333333,
Goodreads,Manga,Bleach,62,Bleach―ブリーチ― 62 [Burīchi 62],4.11,2701,600,6.0,Sous P25,564.5,564–565,35,2,563,93.83333333333333,
Goodreads,Manga,Bleach,64,Bleach―ブリーチ― 64 [Burīchi 64],4.1,2605,600,5.666666666666667,Sous P25,566.5,566–567,33,2,565,94.16666666666667,
Goodreads,Fantasy — cycle principal,The Witcher,1,Blood of Elves,4.1,259417,600,5.666666666666667,Sous P25,566.5,566–567,33,2,565,94.16666666666667,https://www.goodreads.com/series/306126-the-witcher
Goodreads,Manga,Bleach,53,Bleach―ブリーチ― 53 [Burīchi 53],4.09,3323,600,5.416666666666667,Sous P25,568.0,568,32,1,567,94.5,
Goodreads,Manga,Bleach,71,Bleach―ブリーチ― 71 [Burīchi 71],4.08,2284,600,5.166666666666667,Sous P25,569.5,569–570,30,2,568,94.66666666666667,
Goodreads,Fantasy — cycle principal,The Witcher,5,The Lady of the Lake,4.08,106091,600,5.166666666666667,Sous P25,569.5,569–570,30,2,568,94.66666666666667,https://www.goodreads.com/series/306126-the-witcher
Goodreads,Manga,Magi,33,マギ 33,4.06,427,600,4.916666666666667,Sous P25,571.0,571,29,1,570,95.0,
Goodreads,Manga,Black Clover,38,ブラッククローバー 38,4.05,44,600,4.666666666666667,Sous P25,572.5,572–573,27,2,571,95.16666666666667,
Goodreads,Manga,Bleach,72,Bleach―ブリーチ― 72 [Burīchi 72],4.05,2266,600,4.666666666666667,Sous P25,572.5,572–573,27,2,571,95.16666666666667,
Goodreads,Manga,Bleach,50,Bleach―ブリーチ― 50 [Burīchi 50],4.04,3551,600,4.333333333333333,Sous P25,574.5,574–575,25,2,573,95.5,
Goodreads,Manga,Bleach,67,Bleach―ブリーチ― 67 [Burīchi 67],4.04,2400,600,4.333333333333333,Sous P25,574.5,574–575,25,2,573,95.5,
Goodreads,Manga,Bleach,68,Bleach―ブリーチ― 68 [Burīchi 68],4.02,2366,600,3.8333333333333335,Sous P25,577.5,576–579,21,4,575,95.83333333333333,
Goodreads,Manga,Bleach,69,Bleach―ブリーチ― 69 [Burīchi 69],4.02,2345,600,3.8333333333333335,Sous P25,577.5,576–579,21,4,575,95.83333333333333,
Goodreads,Manga,Bleach,70,Bleach―ブリーチ― 70 [Burīchi 70],4.02,2322,600,3.8333333333333335,Sous P25,577.5,576–579,21,4,575,95.83333333333333,
Goodreads,Manga,Magi,34,マギ 34,4.02,403,600,3.8333333333333335,Sous P25,577.5,576–579,21,4,575,95.83333333333333,
Goodreads,Manga,Bleach,65,Bleach―ブリーチ― 65 [Burīchi 65],4.01,2553,600,3.25,Sous P25,581.0,580–582,18,3,579,96.5,
Goodreads,Manga,Jujutsu Kaisen,27,呪術廻戦 27 [Jujutsu Kaisen 27],4.01,5793,600,3.25,Sous P25,581.0,580–582,18,3,579,96.5,
Goodreads,Arthur — texte fondateur,Légende arthurienne — textes fondateurs,v. 1250,La Mort du roi Arthur (Mort Artu),4.01,1726,600,3.25,Sous P25,581.0,580–582,18,3,579,96.5,https://www.goodreads.com/book/show/6044635
Goodreads,Manga,Bleach,51,Bleach―ブリーチ― 51 [Burīchi 51],4.0,3321,600,2.8333333333333335,Sous P25,583.5,583–584,16,2,582,97.0,
Goodreads,Manga,Jujutsu Kaisen,30,呪術廻戦 30 [Jujutsu Kaisen 30],4.0,4848,600,2.8333333333333335,Sous P25,583.5,583–584,16,2,582,97.0,
Goodreads,Manga,Bleach,66,Bleach―ブリーチ― 66 [Burīchi 66],3.97,2488,600,2.5833333333333335,Sous P25,585.0,585,15,1,584,97.33333333333333,
Goodreads,Manga,Bleach,74,Bleach―ブリーチ― 74 [Burīchi 74],3.95,2580,600,2.4166666666666665,Sous P25,586.0,586,14,1,585,97.5,
Goodreads,Arthur — texte fondateur,Légende arthurienne — textes fondateurs,XIIIe s.,Les quatre branches du Mabinogi et autres contes gallois,3.92,8902,600,2.25,Sous P25,587.0,587,13,1,586,97.66666666666667,https://www.goodreads.com/book/show/455219.The_Mabinogion
Goodreads,Arthur — texte fondateur,Légende arthurienne — textes fondateurs,1485,Le Morte d'Arthur,3.91,40103,600,2.0,Sous P25,588.5,588–589,11,2,587,97.83333333333333,https://www.goodreads.com/book/show/672875.Le_Morte_d_Arthur
Goodreads,Arthur — texte fondateur,Légende arthurienne — textes fondateurs,v. 1230,La Quête du Saint-Graal,3.91,2345,600,2.0,Sous P25,588.5,588–589,11,2,587,97.83333333333333,https://www.goodreads.com/book/show/229724.The_Quest_of_the_Holy_Grail
Goodreads,Manga,Magi,35,マギ 35,3.9,403,600,1.75,Sous P25,590.0,590,10,1,589,98.16666666666667,
Goodreads,Manga,Magi,37,マギ 37,3.88,426,600,1.5833333333333333,Sous P25,591.0,591,9,1,590,98.33333333333333,
Goodreads,Manga,Magi,36,マギ 36,3.84,393,600,1.4166666666666667,Sous P25,592.0,592,8,1,591,98.5,
Goodreads,Arthur — texte fondateur,Légende arthurienne — textes fondateurs,fin XIVe s.,Sire Gauvain et le Chevalier vert,3.76,81476,600,1.25,Sous P25,593.0,593,7,1,592,98.66666666666667,https://www.goodreads.com/book/show/3049.Sir_Gawain_and_the_Green_Knight
Goodreads,Arthur — texte fondateur,Légende arthurienne — textes fondateurs,v. 1200–1210,Parzival,3.73,4037,600,1.0833333333333333,Sous P25,594.0,594,6,1,593,98.83333333333333,https://www.goodreads.com/book/show/560089.Parzival
Goodreads,Arthur — texte fondateur,Légende arthurienne — textes fondateurs,v. 1136,Historia Regum Britanniae — History of the Kings of Britain,3.71,6978,600,0.9166666666666666,Sous P25,595.0,595,5,1,594,99.0,https://www.goodreads.com/book/show/129521.The_History_of_the_Kings_of_Britain
Goodreads,Arthur — texte fondateur,Légende arthurienne — textes fondateurs,v. 1176,Cligès,3.62,505,600,0.75,Sous P25,596.0,596,4,1,595,99.16666666666667,https://www.goodreads.com/book/show/2575136
Goodreads,Arthur — texte fondateur,Légende arthurienne — textes fondateurs,v. 1170,Erec et Enide,3.59,1652,600,0.5833333333333334,Sous P25,597.0,597,3,1,596,99.33333333333333,https://www.goodreads.com/book/show/544867.Erec_and_Enide
Goodreads,Arthur — texte fondateur,Légende arthurienne — textes fondateurs,v. 1180–1190,Perceval ou le Conte du Graal,3.58,3713,600,0.4166666666666667,Sous P25,598.0,598,2,1,597,99.5,https://www.goodreads.com/book/show/1770392.Perceval
Goodreads,Arthur — texte fondateur,Légende arthurienne — textes fondateurs,v. 1181,Lancelot ou le Chevalier de la Charrette,3.56,3970,600,0.25,Sous P25,599.0,599,1,1,598,99.66666666666667,https://www.goodreads.com/book/show/129898.Lancelot_The_Knight_of_the_Cart
Goodreads,Arthur — texte fondateur,Légende arthurienne — textes fondateurs,v. 1176,Yvain ou le Chevalier au lion,3.54,4477,600,0.08333333333333333,Sous P25,600.0,600,0,1,599,99.83333333333333,https://www.goodreads.com/book/show/366629
SensCritique,Web-serial,Parahumans,1,Worm,9.7,11,596,99.91610738255034,P99+,1.0,1,595,1,0,0.0,https://www.senscritique.com/livre/Worm/38052934
SensCritique,Manga,One Piece,59,"La Mort de Portgas D. Ace - One Piece, tome 59",8.7,629,596,99.74832214765101,P99+,2.0,2,594,1,1,0.16778523489932887,https://www.senscritique.com/bd/la_mort_de_portgas_d_ace_one_piece_tome_59/17476688
SensCritique,Manga,One Piece,58,"L'Ère de Barbe Blanche - One Piece, tome 58",8.6,602,596,99.58053691275168,P99+,3.0,3,593,1,2,0.33557046979865773,https://www.senscritique.com/bd/l_ere_de_barbe_blanche_one_piece_tome_58/17476682
SensCritique,Fantasy — cycle principal,A Song of Ice and Fire,3,Le Trône de fer — Intégrale 3,8.5,3965,596,99.32885906040268,P99+,4.5,4–5,591,2,3,0.5033557046979866,https://www.senscritique.com/groupe/Le_Trone_de_fer/2845
SensCritique,Manga,One Piece,57,"Guerre au sommet - One Piece, tome 57",8.5,570,596,99.32885906040268,P99+,4.5,4–5,591,2,3,0.5033557046979866,https://www.senscritique.com/bd/guerre_au_sommet_one_piece_tome_57/17476678
SensCritique,Fantasy — cycle principal,Stormlight Archive,2,Le Livre des Radieux,8.445670628183361,589,596,99.07718120805369,P99+,6.0,6,590,1,5,0.8389261744966443,https://www.senscritique.com/groupe/les_archives_de_roshar/46557
SensCritique,Manga,Fullmetal Alchemist,27,"Fullmetal Alchemist, tome 27",8.4,299,596,98.74161073825503,P95–99,8.0,7–9,587,3,6,1.0067114093959733,https://www.senscritique.com/bd/fullmetal_alchemist_tome_27/12986443
SensCritique,Manga,One Piece,41,"Déclaration de guerre - One Piece, tome 41",8.4,593,596,98.74161073825503,P95–99,8.0,7–9,587,3,6,1.0067114093959733,https://www.senscritique.com/bd/declaration_de_guerre_one_piece_tome_41/220658
SensCritique,Manga,One Piece,44,"""Rentrons"" - One Piece, tome 44",8.4,593,596,98.74161073825503,P95–99,8.0,7–9,587,3,6,1.0067114093959733,https://www.senscritique.com/bd/rentrons_one_piece_tome_44/17476610
SensCritique,Fantasy — cycle principal,A Song of Ice and Fire,2,Le Trône de fer — Intégrale 2,8.3,3907,596,97.98657718120805,P95–99,12.5,10–15,581,6,9,1.5100671140939597,https://www.senscritique.com/groupe/Le_Trone_de_fer/2845
SensCritique,Manga,Fullmetal Alchemist,25,"Fullmetal Alchemist, tome 25",8.3,260,596,97.98657718120805,P95–99,12.5,10–15,581,6,9,1.5100671140939597,https://www.senscritique.com/bd/fullmetal_alchemist_tome_25/12986441
SensCritique,Manga,Jujutsu Kaisen,14,"Le Drame de Shibuya : Le Bien et le Mal - Jujutsu Kaisen, tome 14",8.3,189,596,97.98657718120805,P95–99,12.5,10–15,581,6,9,1.5100671140939597,https://www.senscritique.com/bd/le_drame_de_shibuya_le_bien_et_le_mal_jujutsu_kaisen_tome_14/43749365
SensCritique,Manga,Jujutsu Kaisen,15,"Le Drame de Shibuya : Transformation - Jujutsu Kaisen, tome 15",8.3,182,596,97.98657718120805,P95–99,12.5,10–15,581,6,9,1.5100671140939597,https://www.senscritique.com/bd/le_drame_de_shibuya_transformation_jujutsu_kaisen_tome_15/44290421
SensCritique,Manga,My Hero Academia,11,"La Fin du commencement et le commencement de la fin - My Hero Academia, tome 11",8.3,310,596,97.98657718120805,P95–99,12.5,10–15,581,6,9,1.5100671140939597,https://www.senscritique.com/bd/la_fin_du_commencement_et_le_commencement_de_la_fin_my_hero_academia_tome_11/25831078
SensCritique,Manga,My Hero Academia,29,"Katsuki Bakugo : L'Envol - My Hero Academia, tome 29",8.3,176,596,97.98657718120805,P95–99,12.5,10–15,581,6,9,1.5100671140939597,https://www.senscritique.com/bd/Katsuki_Bakugo_L_Envol_My_Hero_Academia_tome_29/43732783
SensCritique,Manga,Fullmetal Alchemist,23,"Fullmetal Alchemist, tome 23",8.2,260,596,96.81208053691275,P95–99,19.5,16–23,573,8,15,2.5167785234899327,https://www.senscritique.com/bd/fullmetal_alchemist_tome_23/12986439
SensCritique,Fantasy — cycle principal,Kingkiller Chronicle,2,La Peur du sage,8.2,1755,596,96.81208053691275,P95–99,19.5,16–23,573,8,15,2.5167785234899327,https://www.senscritique.com/groupe/Chronique_du_tueur_de_roi/3120
SensCritique,Arthur — texte fondateur,Légende arthurienne — textes fondateurs,fin XIVe s.,Sire Gauvain et le Chevalier vert,8.2,40,596,96.81208053691275,P95–99,19.5,16–23,573,8,15,2.5167785234899327,https://www.senscritique.com/livre/sire_gauvain_et_le_chevalier_vert/394266
SensCritique,Manga,My Hero Academia,17,"Lemillion - My Hero Academia, tome 17",8.2,223,596,96.81208053691275,P95–99,19.5,16–23,573,8,15,2.5167785234899327,https://www.senscritique.com/bd/lemillion_my_hero_academia_tome_17/29968413
SensCritique,Manga,One Piece,114,"L'Incident de God Valley - One Piece, tome 114",8.2,48,596,96.81208053691275,P95–99,19.5,16–23,573,8,15,2.5167785234899327,https://www.senscritique.com/bd/l_incident_de_god_valley_one_piece_tome_114/135021501
SensCritique,Manga,One Piece,40,"Gear - One Piece, tome 40",8.2,568,596,96.81208053691275,P95–99,19.5,16–23,573,8,15,2.5167785234899327,https://www.senscritique.com/bd/gear_one_piece_tome_40/129958
SensCritique,Manga,One Piece,52,"Roger & Rayleigh - One Piece, tome 52",8.2,514,596,96.81208053691275,P95–99,19.5,16–23,573,8,15,2.5167785234899327,https://www.senscritique.com/bd/roger_rayleigh_one_piece_tome_52/17476643
SensCritique,Manga,One Piece,96,"Bouillir, tel est le propre du Oden - One Piece, tome 96",8.2,359,596,96.81208053691275,P95–99,19.5,16–23,573,8,15,2.5167785234899327,https://www.senscritique.com/bd/bouillir_tel_est_le_propre_du_oden_one_piece_tome_96/41655692
SensCritique,Fantasy — cycle principal,A Song of Ice and Fire,1,Le Trône de fer — Intégrale 1,8.1,8619,596,94.79865771812081,P90–95,31.5,24–39,557,16,23,3.859060402684564,https://www.senscritique.com/groupe/Le_Trone_de_fer/2845
SensCritique,Manga,Fullmetal Alchemist,13,"Fullmetal Alchemist, tome 13",8.1,285,596,94.79865771812081,P90–95,31.5,24–39,557,16,23,3.859060402684564,https://www.senscritique.com/bd/fullmetal_alchemist_tome_13/12986429
SensCritique,Manga,Fullmetal Alchemist,15,"Fullmetal Alchemist, tome 15",8.1,284,596,94.79865771812081,P90–95,31.5,24–39,557,16,23,3.859060402684564,https://www.senscritique.com/bd/fullmetal_alchemist_tome_15/12986431
SensCritique,Manga,Fullmetal Alchemist,19,"Fullmetal Alchemist, tome 19",8.1,265,596,94.79865771812081,P90–95,31.5,24–39,557,16,23,3.859060402684564,https://www.senscritique.com/bd/fullmetal_alchemist_tome_19/12986435
SensCritique,Manga,Fullmetal Alchemist,22,"Fullmetal Alchemist, tome 22",8.1,259,596,94.79865771812081,P90–95,31.5,24–39,557,16,23,3.859060402684564,https://www.senscritique.com/bd/fullmetal_alchemist_tome_22/12986438
SensCritique,Manga,Fullmetal Alchemist,24,"Fullmetal Alchemist, tome 24",8.1,264,596,94.79865771812081,P90–95,31.5,24–39,557,16,23,3.859060402684564,https://www.senscritique.com/bd/fullmetal_alchemist_tome_24/12986440
SensCritique,Manga,Fullmetal Alchemist,26,"Fullmetal Alchemist, tome 26",8.1,265,596,94.79865771812081,P90–95,31.5,24–39,557,16,23,3.859060402684564,https://www.senscritique.com/bd/fullmetal_alchemist_tome_26/12986442
SensCritique,Manga,Hunter × Hunter,11,"4 septembre - Hunter X Hunter, tome 11",8.1,243,596,94.79865771812081,P90–95,31.5,24–39,557,16,23,3.859060402684564,https://www.senscritique.com/bd/4_septembre_hunter_x_hunter_tome_11/17264831
SensCritique,Manga,Jujutsu Kaisen,10,"La Veille de la fête - Jujutsu Kaisen, tome 10",8.1,199,596,94.79865771812081,P90–95,31.5,24–39,557,16,23,3.859060402684564,https://www.senscritique.com/bd/la_veille_de_la_fete_jujutsu_kaisen_tome_10/42311760
SensCritique,Fantasy — cycle principal,Kingkiller Chronicle,1,Le Nom du vent,8.1,2303,596,94.79865771812081,P90–95,31.5,24–39,557,16,23,3.859060402684564,https://www.senscritique.com/groupe/Chronique_du_tueur_de_roi/3120
SensCritique,Manga,My Hero Academia,28,"Destruction massive - My Hero Academia, tome 28",8.1,179,596,94.79865771812081,P90–95,31.5,24–39,557,16,23,3.859060402684564,https://www.senscritique.com/bd/Destruction_massive_My_Hero_Academia_tome_28/42830863
SensCritique,Manga,My Hero Academia,30,"Danse macabre - My Hero Academia, tome 30",8.1,155,596,94.79865771812081,P90–95,31.5,24–39,557,16,23,3.859060402684564,https://www.senscritique.com/bd/Danse_macabre_My_Hero_Academia_tome_30/44507280
SensCritique,Manga,One Piece,107,"Le Héros de la légende - One Piece, tome 107",8.1,195,596,94.79865771812081,P90–95,31.5,24–39,557,16,23,3.859060402684564,https://www.senscritique.com/bd/le_heros_de_la_legende_one_piece_tome_107/62819830
SensCritique,Manga,One Piece,109,"Toujours de ton côté - One Piece, tome 109",8.1,156,596,94.79865771812081,P90–95,31.5,24–39,557,16,23,3.859060402684564,https://www.senscritique.com/bd/toujours_de_ton_cote_one_piece_tome_109/94412288
SensCritique,Manga,One Piece,36,"Justice N°9 - One Piece, tome 36",8.1,553,596,94.79865771812081,P90–95,31.5,24–39,557,16,23,3.859060402684564,https://www.senscritique.com/bd/justice_ndeg9_one_piece_tome_36/42197
SensCritique,Manga,One Piece,43,"La Légende du héros - One Piece, tome 43",8.1,536,596,94.79865771812081,P90–95,31.5,24–39,557,16,23,3.859060402684564,https://www.senscritique.com/bd/la_legende_du_heros_one_piece_tome_43/17476609
SensCritique,Fantasy — cycle principal,Stormlight Archive,1,La Voie des rois,8.098015122873347,1058,596,93.37248322147651,P90–95,40.0,40,556,1,39,6.543624161073826,https://www.senscritique.com/groupe/les_archives_de_roshar/46557
SensCritique,Fantasy — cycle principal,Stormlight Archive,5,Vent et vérité,8.086206896551724,58,596,93.20469798657719,P90–95,41.0,41,555,1,40,6.7114093959731544,https://www.senscritique.com/groupe/les_archives_de_roshar/46557
SensCritique,Fantasy — cycle principal,Stormlight Archive,4,Rythme de guerre,8.0275,200,596,93.03691275167785,P90–95,42.0,42,554,1,41,6.879194630872483,https://www.senscritique.com/groupe/les_archives_de_roshar/46557
SensCritique,Fantasy — cycle principal,A Song of Ice and Fire,5,Le Trône de fer — Intégrale 5,8.0,2073,596,91.2751677852349,P90–95,52.5,43–62,534,20,42,7.046979865771812,https://www.senscritique.com/groupe/Le_Trone_de_fer/2845
SensCritique,Manga,Fullmetal Alchemist,10,"Fullmetal Alchemist, tome 10",8.0,307,596,91.2751677852349,P90–95,52.5,43–62,534,20,42,7.046979865771812,https://www.senscritique.com/bd/fullmetal_alchemist_tome_10/12986426
SensCritique,Manga,Fullmetal Alchemist,11,"Fullmetal Alchemist, tome 11",8.0,294,596,91.2751677852349,P90–95,52.5,43–62,534,20,42,7.046979865771812,https://www.senscritique.com/bd/fullmetal_alchemist_tome_11/12986427
SensCritique,Manga,Fullmetal Alchemist,12,"Fullmetal Alchemist, tome 12",8.0,293,596,91.2751677852349,P90–95,52.5,43–62,534,20,42,7.046979865771812,https://www.senscritique.com/bd/fullmetal_alchemist_tome_12/12986428
SensCritique,Manga,Fullmetal Alchemist,17,"Fullmetal Alchemist, tome 17",8.0,271,596,91.2751677852349,P90–95,52.5,43–62,534,20,42,7.046979865771812,https://www.senscritique.com/bd/fullmetal_alchemist_tome_17/12986433
SensCritique,Manga,Fullmetal Alchemist,21,"Fullmetal Alchemist, tome 21",8.0,256,596,91.2751677852349,P90–95,52.5,43–62,534,20,42,7.046979865771812,https://www.senscritique.com/bd/fullmetal_alchemist_tome_21/12986437
SensCritique,Manga,Jujutsu Kaisen,11,"Le Drame de Shibuya : Ouverture - Jujutsu Kaisen, tome 11",8.0,196,596,91.2751677852349,P90–95,52.5,43–62,534,20,42,7.046979865771812,https://www.senscritique.com/bd/le_drame_de_shibuya_ouverture_jujutsu_kaisen_tome_11/42311761
SensCritique,Manga,Jujutsu Kaisen,13,"Le Drame de Shibuya : Tonnerre - Jujutsu Kaisen, tome 13",8.0,191,596,91.2751677852349,P90–95,52.5,43–62,534,20,42,7.046979865771812,https://www.senscritique.com/bd/le_drame_de_shibuya_tonnerre_jujutsu_kaisen_tome_13/43116623
SensCritique,Manga,Jujutsu Kaisen,16,"Le Drame de Shibuya : Fermeture - Jujutsu Kaisen, tome 16",8.0,169,596,91.2751677852349,P90–95,52.5,43–62,534,20,42,7.046979865771812,https://www.senscritique.com/bd/le_drame_de_shibuya_fermeture_jujutsu_kaisen_tome_16/44883308
SensCritique,Manga,Jujutsu Kaisen,9,"Mort prématurée - Jujutsu Kaisen, tome 9",8.0,209,596,91.2751677852349,P90–95,52.5,43–62,534,20,42,7.046979865771812,https://www.senscritique.com/bd/mort_prematuree_jujutsu_kaisen_tome_9/41191248
SensCritique,Arthur — texte fondateur,Légende arthurienne — textes fondateurs,1485,Le Roman du Roi Arthur... (Le Morte d'Arthur),8.0,34,596,91.2751677852349,P90–95,52.5,43–62,534,20,42,7.046979865771812,https://www.senscritique.com/livre/le_roman_du_roi_arthur_et_de_ses_chevaliers_de_la_table_ronde/19355884
SensCritique,Arthur — texte fondateur,Légende arthurienne — textes fondateurs,v. 1200–1210,Parzival,8.0,11,596,91.2751677852349,P90–95,52.5,43–62,534,20,42,7.046979865771812,https://www.senscritique.com/livre/parzival/470906
SensCritique,Manga,My Hero Academia,27,"One's Justice - My Hero Academia, tome 27",8.0,175,596,91.2751677852349,P90–95,52.5,43–62,534,20,42,7.046979865771812,https://www.senscritique.com/bd/One_s_Justice_My_Hero_Academia_tome_27/42475323
SensCritique,Manga,One Piece,35,"Capitaine - One Piece, tome 35",8.0,563,596,91.2751677852349,P90–95,52.5,43–62,534,20,42,7.046979865771812,https://www.senscritique.com/bd/capitaine_one_piece_tome_35/83810
SensCritique,Manga,One Piece,37,"Tom - One Piece, tome 37",8.0,551,596,91.2751677852349,P90–95,52.5,43–62,534,20,42,7.046979865771812,https://www.senscritique.com/bd/tom_one_piece_tome_37/48075
SensCritique,Manga,One Piece,42,"Les Pirates contre le CP9 - One Piece, tome 42",8.0,539,596,91.2751677852349,P90–95,52.5,43–62,534,20,42,7.046979865771812,https://www.senscritique.com/bd/les_pirates_contre_le_cp9_one_piece_tome_42/17476605
SensCritique,Manga,One Piece,45,"Je comprends ce que vous ressentez - One Piece, tome 45",8.0,531,596,91.2751677852349,P90–95,52.5,43–62,534,20,42,7.046979865771812,https://www.senscritique.com/bd/je_comprends_ce_que_vous_ressentez_one_piece_tome_45/17476611
SensCritique,Manga,One Piece,51,"Les Onze Supernovae - One Piece, tome 51",8.0,515,596,91.2751677852349,P90–95,52.5,43–62,534,20,42,7.046979865771812,https://www.senscritique.com/bd/les_onze_supernovae_one_piece_tome_51/17476641
SensCritique,Manga,One Piece,56,"Merci pour tout - One Piece, tome 56",8.0,504,596,91.2751677852349,P90–95,52.5,43–62,534,20,42,7.046979865771812,https://www.senscritique.com/bd/merci_pour_tout_one_piece_tome_56/17476669
SensCritique,Manga,One Piece,60,"Petit frère - One Piece, tome 60",8.0,530,596,91.2751677852349,P90–95,52.5,43–62,534,20,42,7.046979865771812,https://www.senscritique.com/bd/petit_frere_one_piece_tome_60/17476692
SensCritique,Manga,Fullmetal Alchemist,14,"Fullmetal Alchemist, tome 14",7.9,279,596,87.75167785234899,P75–90,73.5,63–84,512,22,62,10.40268456375839,https://www.senscritique.com/bd/fullmetal_alchemist_tome_14/12986430
SensCritique,Manga,Fullmetal Alchemist,18,"Fullmetal Alchemist, tome 18",7.9,268,596,87.75167785234899,P75–90,73.5,63–84,512,22,62,10.40268456375839,https://www.senscritique.com/bd/fullmetal_alchemist_tome_18/12986434
SensCritique,Manga,Fullmetal Alchemist,20,"Fullmetal Alchemist, tome 20",7.9,265,596,87.75167785234899,P75–90,73.5,63–84,512,22,62,10.40268456375839,https://www.senscritique.com/bd/fullmetal_alchemist_tome_20/12986436
SensCritique,Manga,Fullmetal Alchemist,4,"Fullmetal Alchemist, tome 4",7.9,388,596,87.75167785234899,P75–90,73.5,63–84,512,22,62,10.40268456375839,https://www.senscritique.com/bd/fullmetal_alchemist_tome_4/12986420
SensCritique,Manga,Fullmetal Alchemist,7,"Fullmetal Alchemist, tome 7",7.9,349,596,87.75167785234899,P75–90,73.5,63–84,512,22,62,10.40268456375839,https://www.senscritique.com/bd/fullmetal_alchemist_tome_7/12986423
SensCritique,Manga,Fullmetal Alchemist,9,"Fullmetal Alchemist, tome 9",7.9,323,596,87.75167785234899,P75–90,73.5,63–84,512,22,62,10.40268456375839,https://www.senscritique.com/bd/fullmetal_alchemist_tome_9/12986425
SensCritique,Manga,Hunter × Hunter,10,"3 septembre - Hunter X Hunter, tome 10",7.9,248,596,87.75167785234899,P75–90,73.5,63–84,512,22,62,10.40268456375839,https://www.senscritique.com/bd/3_septembre_hunter_x_hunter_tome_10/17257487
SensCritique,Manga,Hunter × Hunter,29,"Hunter X Hunter, tome 29",7.9,207,596,87.75167785234899,P75–90,73.5,63–84,512,22,62,10.40268456375839,https://www.senscritique.com/bd/hunter_x_hunter_tome_29/17265939
SensCritique,Manga,Hunter × Hunter,9,"1er septembre - Hunter X Hunter, tome 9",7.9,252,596,87.75167785234899,P75–90,73.5,63–84,512,22,62,10.40268456375839,https://www.senscritique.com/bd/1er_septembre_hunter_x_hunter_tome_9/17257486
SensCritique,Arthur — texte fondateur,Légende arthurienne — textes fondateurs,XIIIe s.,Les quatre branches du Mabinogi et autres contes gallois,7.9,14,596,87.75167785234899,P75–90,73.5,63–84,512,22,62,10.40268456375839,https://www.senscritique.com/livre/les_quatre_branches_du_mabinogi_et_autres_contes_gallois/107405
SensCritique,Manga,My Hero Academia,10,"All For One - My Hero Academia, tome 10",7.9,322,596,87.75167785234899,P75–90,73.5,63–84,512,22,62,10.40268456375839,https://www.senscritique.com/bd/all_for_one_my_hero_academia_tome_10/25240871
SensCritique,Manga,One Piece,103,"Le Guerrier libérateur - One Piece, tome 103",7.9,256,596,87.75167785234899,P75–90,73.5,63–84,512,22,62,10.40268456375839,https://www.senscritique.com/bd/le_guerrier_liberateur_one_piece_tome_103/49288332
SensCritique,Manga,One Piece,22,"Hope ! - One Piece, tome 22",7.9,628,596,87.75167785234899,P75–90,73.5,63–84,512,22,62,10.40268456375839,https://www.senscritique.com/bd/hope_one_piece_tome_22/17475463
SensCritique,Manga,One Piece,23,"L'Aventure de Vivi - One Piece, tome 23",7.9,617,596,87.75167785234899,P75–90,73.5,63–84,512,22,62,10.40268456375839,https://www.senscritique.com/bd/l_aventure_de_vivi_one_piece_tome_23/17475501
SensCritique,Manga,One Piece,38,"Rocketman ! - One Piece, tome 38",7.9,547,596,87.75167785234899,P75–90,73.5,63–84,512,22,62,10.40268456375839,https://www.senscritique.com/bd/rocketman_one_piece_tome_38/101355
SensCritique,Manga,One Piece,39,"Compétition - One Piece, tome 39",7.9,551,596,87.75167785234899,P75–90,73.5,63–84,512,22,62,10.40268456375839,https://www.senscritique.com/bd/competition_one_piece_tome_39/135865
SensCritique,Manga,One Piece,54,"Plus personne ne m'arrêtera - One Piece, tome 54",7.9,493,596,87.75167785234899,P75–90,73.5,63–84,512,22,62,10.40268456375839,https://www.senscritique.com/bd/plus_personne_ne_m_arretera_one_piece_tome_54/17476650
SensCritique,Manga,One Piece,61,"À l'aube d'une grande aventure dans le Nouveau Monde - One Piece, tome 61",7.9,551,596,87.75167785234899,P75–90,73.5,63–84,512,22,62,10.40268456375839,https://www.senscritique.com/bd/a_l_aube_d_une_grande_aventure_dans_le_nouveau_monde_one_piece_tome_61/10455896
SensCritique,Manga,One Piece,78,"L'Icône du mal - One Piece, tome 78",7.9,462,596,87.75167785234899,P75–90,73.5,63–84,512,22,62,10.40268456375839,https://www.senscritique.com/bd/l_icone_du_mal_one_piece_tome_78/19736385
SensCritique,Manga,One Piece,79,"Lucy - One Piece, tome 79",7.9,462,596,87.75167785234899,P75–90,73.5,63–84,512,22,62,10.40268456375839,https://www.senscritique.com/bd/lucy_one_piece_tome_79/21871068
SensCritique,Manga,One Piece,89,"Bad End Musical - One Piece, tome 89",7.9,425,596,87.75167785234899,P75–90,73.5,63–84,512,22,62,10.40268456375839,https://www.senscritique.com/bd/bad_end_musical_one_piece_tome_89/33980402
SensCritique,Manga,One Piece,90,"La Terre Sainte de Marie Joie - One Piece, tome 90",7.9,417,596,87.75167785234899,P75–90,73.5,63–84,512,22,62,10.40268456375839,https://www.senscritique.com/bd/la_terre_sainte_de_marie_joie_one_piece_tome_90/36233256
SensCritique,Fantasy — cycle principal,Stormlight Archive,3,Justicière,7.830959752321982,323,596,85.82214765100672,P75–90,85.0,85,511,1,84,14.093959731543624,https://www.senscritique.com/groupe/les_archives_de_roshar/46557
SensCritique,Manga,Bleach,13,"The Undead - Bleach, tome 13",7.8,170,596,83.05369127516778,P75–90,101.5,86–117,479,32,85,14.261744966442953,https://www.senscritique.com/bd/the_undead_bleach_tome_13/17772296
SensCritique,Manga,Bleach,19,"The Black Moon Rising - Bleach, tome 19",7.8,163,596,83.05369127516778,P75–90,101.5,86–117,479,32,85,14.261744966442953,https://www.senscritique.com/bd/the_black_moon_rising_bleach_tome_19/17955029
SensCritique,Manga,Bleach,20,"End of Hypnosis - Bleach, tome 20",7.8,162,596,83.05369127516778,P75–90,101.5,86–117,479,32,85,14.261744966442953,https://www.senscritique.com/bd/end_of_hypnosis_bleach_tome_20/17955055
SensCritique,Manga,Fullmetal Alchemist,16,"Fullmetal Alchemist, tome 16",7.8,271,596,83.05369127516778,P75–90,101.5,86–117,479,32,85,14.261744966442953,https://www.senscritique.com/bd/fullmetal_alchemist_tome_16/12986432
SensCritique,Manga,Fullmetal Alchemist,3,"Fullmetal Alchemist, tome 3",7.8,423,596,83.05369127516778,P75–90,101.5,86–117,479,32,85,14.261744966442953,https://www.senscritique.com/bd/fullmetal_alchemist_tome_3/12986419
SensCritique,Manga,Fullmetal Alchemist,6,"Fullmetal Alchemist, tome 6",7.8,351,596,83.05369127516778,P75–90,101.5,86–117,479,32,85,14.261744966442953,https://www.senscritique.com/bd/fullmetal_alchemist_tome_6/12986422
SensCritique,Manga,Fullmetal Alchemist,8,"Fullmetal Alchemist, tome 8",7.8,335,596,83.05369127516778,P75–90,101.5,86–117,479,32,85,14.261744966442953,https://www.senscritique.com/bd/fullmetal_alchemist_tome_8/12986424
SensCritique,Fantasy — cycle principal,Harry Potter,3,Harry Potter et le Prisonnier d'Azkaban,7.8,59880,596,83.05369127516778,P75–90,101.5,86–117,479,32,85,14.261744966442953,https://www.senscritique.com/groupe/harry_potter/600
SensCritique,Fantasy — cycle principal,Harry Potter,4,Harry Potter et la coupe de feu,7.8,56575,596,83.05369127516778,P75–90,101.5,86–117,479,32,85,14.261744966442953,https://www.senscritique.com/groupe/harry_potter/600
SensCritique,Fantasy — cycle principal,Harry Potter,7,Harry Potter et les Reliques de la Mort,7.8,35184,596,83.05369127516778,P75–90,101.5,86–117,479,32,85,14.261744966442953,https://www.senscritique.com/groupe/harry_potter/600
SensCritique,Manga,Hunter × Hunter,12,"4 septembre - Hunter X Hunter, tome 12",7.8,236,596,83.05369127516778,P75–90,101.5,86–117,479,32,85,14.261744966442953,https://www.senscritique.com/bd/4_septembre_hunter_x_hunter_tome_12/17264865
SensCritique,Manga,Hunter × Hunter,13,"10 septembre - Hunter X Hunter, tome 13",7.8,233,596,83.05369127516778,P75–90,101.5,86–117,479,32,85,14.261744966442953,https://www.senscritique.com/bd/10_septembre_hunter_x_hunter_tome_13/17264915
SensCritique,Manga,Hunter × Hunter,16,"Duels - Hunter X Hunter, tome 16",7.8,224,596,83.05369127516778,P75–90,101.5,86–117,479,32,85,14.261744966442953,https://www.senscritique.com/bd/duels_hunter_x_hunter_tome_16/17265059
SensCritique,Manga,Hunter × Hunter,27,"Hunter X Hunter, tome 27",7.8,209,596,83.05369127516778,P75–90,101.5,86–117,479,32,85,14.261744966442953,https://www.senscritique.com/bd/hunter_x_hunter_tome_27/17265767
SensCritique,Manga,Hunter × Hunter,28,"Hunter X Hunter, tome 28",7.8,204,596,83.05369127516778,P75–90,101.5,86–117,479,32,85,14.261744966442953,https://www.senscritique.com/bd/hunter_x_hunter_tome_28/17265866
SensCritique,Manga,Hunter × Hunter,34,"Hunter X Hunter, tome 34",7.8,256,596,83.05369127516778,P75–90,101.5,86–117,479,32,85,14.261744966442953,https://www.senscritique.com/bd/hunter_x_hunter_tome_34/27513418
SensCritique,Manga,Jujutsu Kaisen,12,"Le Drame de Shibuya : Nécromancie - Jujutsu Kaisen, tome 12",7.8,193,596,83.05369127516778,P75–90,101.5,86–117,479,32,85,14.261744966442953,https://www.senscritique.com/bd/le_drame_de_shibuya_necromancie_jujutsu_kaisen_tome_12/42698035
SensCritique,Arthur — texte fondateur,Légende arthurienne — textes fondateurs,v. 1250,La Mort du roi Arthur,7.8,125,596,83.05369127516778,P75–90,101.5,86–117,479,32,85,14.261744966442953,https://www.senscritique.com/livre/La_mort_du_roi_Arthur/265306
SensCritique,Manga,My Hero Academia,16,"Red Riot - My Hero Academia, tome 16",7.8,237,596,83.05369127516778,P75–90,101.5,86–117,479,32,85,14.261744966442953,https://www.senscritique.com/bd/red_riot_my_hero_academia_tome_16/28463756
SensCritique,Manga,My Hero Academia,25,"Tomura Shigaraki : Les Origines - My Hero Academia, tome 25",7.8,186,596,83.05369127516778,P75–90,101.5,86–117,479,32,85,14.261744966442953,https://www.senscritique.com/bd/tomura_shigaraki_les_origines_my_hero_academia_tome_25/40708398
SensCritique,Manga,My Hero Academia,36,"Deux poings incandescents - My Hero Academia, tome 36",7.8,100,596,83.05369127516778,P75–90,101.5,86–117,479,32,85,14.261744966442953,https://www.senscritique.com/bd/deux_poings_incandescents_my_hero_academia_tome_36/51287667
SensCritique,Manga,Naruto,10,"Un ninja formidable…!! - Naruto, tome 10",7.8,512,596,83.05369127516778,P75–90,101.5,86–117,479,32,85,14.261744966442953,https://www.senscritique.com/bd/un_ninja_formidable_naruto_tome_10/15110278
SensCritique,Manga,Naruto,15,"Le Répertoire ninpô de Naruto !! - Naruto, tome 15",7.8,468,596,83.05369127516778,P75–90,101.5,86–117,479,32,85,14.261744966442953,https://www.senscritique.com/bd/le_repertoire_ninpo_de_naruto_naruto_tome_15/15113768
SensCritique,Manga,Naruto,26,"Séparation…!! - Naruto, tome 26",7.8,425,596,83.05369127516778,P75–90,101.5,86–117,479,32,85,14.261744966442953,https://www.senscritique.com/bd/separation_naruto_tome_26/15121688
SensCritique,Manga,One Piece,100,"Le Fluide royal - One Piece, tome 100",7.8,325,596,83.05369127516778,P75–90,101.5,86–117,479,32,85,14.261744966442953,https://www.senscritique.com/bd/le_fluide_royal_one_piece_tome_100/44882612
SensCritique,Manga,One Piece,104,"Momonosuké Kozuki, shogun du pays des Wa - One Piece, tome 104",7.8,241,596,83.05369127516778,P75–90,101.5,86–117,479,32,85,14.261744966442953,https://www.senscritique.com/bd/momonosuke_kozuki_shogun_du_pays_des_wa_one_piece_tome_104/52281472
SensCritique,Manga,One Piece,105,"Le Rêve de Luffy - One Piece, tome 105",7.8,231,596,83.05369127516778,P75–90,101.5,86–117,479,32,85,14.261744966442953,https://www.senscritique.com/bd/le_reve_de_luffy_one_piece_tome_105/55050723
SensCritique,Manga,One Piece,21,"Utopie - One Piece, tome 21",7.8,673,596,83.05369127516778,P75–90,101.5,86–117,479,32,85,14.261744966442953,https://www.senscritique.com/bd/utopie_one_piece_tome_21/17393529
SensCritique,Manga,One Piece,25,"L'Homme qui valait 100 millions - One Piece, tome 25",7.8,634,596,83.05369127516778,P75–90,101.5,86–117,479,32,85,14.261744966442953,https://www.senscritique.com/bd/l_homme_qui_valait_100_millions_one_piece_tome_25/17393533
SensCritique,Manga,One Piece,34,"Water Seven, la cité sur l'eau - One Piece, tome 34",7.8,562,596,83.05369127516778,P75–90,101.5,86–117,479,32,85,14.261744966442953,https://www.senscritique.com/bd/water_seven_la_cite_sur_l_eau_one_piece_tome_34/226258
SensCritique,Manga,One Piece,55,"Des travs en enfer - One Piece, tome 55",7.8,495,596,83.05369127516778,P75–90,101.5,86–117,479,32,85,14.261744966442953,https://www.senscritique.com/bd/des_travs_en_enfer_one_piece_tome_55/17476652
SensCritique,Manga,One Piece,9,"Larmes - One Piece, tome 9",7.8,768,596,83.05369127516778,P75–90,101.5,86–117,479,32,85,14.261744966442953,https://www.senscritique.com/bd/larmes_one_piece_tome_9/17475253
SensCritique,Fantasy — cycle principal,A Song of Ice and Fire,4,Le Trône de fer — Intégrale 4,7.7,3071,596,77.3489932885906,P75–90,135.5,118–153,443,36,117,19.630872483221477,https://www.senscritique.com/groupe/Le_Trone_de_fer/2845
SensCritique,Manga,Bleach,40,"The Lust - Bleach, tome 40",7.7,119,596,77.3489932885906,P75–90,135.5,118–153,443,36,117,19.630872483221477,https://www.senscritique.com/bd/the_lust_bleach_tome_40/19601376
SensCritique,Manga,Fullmetal Alchemist,1,"Fullmetal Alchemist, tome 1",7.7,496,596,77.3489932885906,P75–90,135.5,118–153,443,36,117,19.630872483221477,https://www.senscritique.com/bd/fullmetal_alchemist_tome_1/14955031
SensCritique,Manga,Fullmetal Alchemist,2,"Fullmetal Alchemist, tome 2",7.7,459,596,77.3489932885906,P75–90,135.5,118–153,443,36,117,19.630872483221477,https://www.senscritique.com/bd/fullmetal_alchemist_tome_2/12986418
SensCritique,Manga,Fullmetal Alchemist,5,"Fullmetal Alchemist, tome 5",7.7,374,596,77.3489932885906,P75–90,135.5,118–153,443,36,117,19.630872483221477,https://www.senscritique.com/bd/fullmetal_alchemist_tome_5/12986421
SensCritique,Fantasy — cycle principal,Harry Potter,6,Harry Potter et le Prince de Sang-Mêlé,7.7,41835,596,77.3489932885906,P75–90,135.5,118–153,443,36,117,19.630872483221477,https://www.senscritique.com/groupe/harry_potter/600
SensCritique,Manga,Hunter × Hunter,17,"Trois clans en lutte - Hunter X Hunter, tome 17",7.7,223,596,77.3489932885906,P75–90,135.5,118–153,443,36,117,19.630872483221477,https://www.senscritique.com/bd/trois_clans_en_lutte_hunter_x_hunter_tome_17/17265192
SensCritique,Manga,Hunter × Hunter,18,"Rencontre fortuite - Hunter X Hunter, tome 18",7.7,220,596,77.3489932885906,P75–90,135.5,118–153,443,36,117,19.630872483221477,https://www.senscritique.com/bd/rencontre_fortuite_hunter_x_hunter_tome_18/17265266
SensCritique,Manga,Hunter × Hunter,19,"NGL - Hunter X Hunter, tome 19",7.7,209,596,77.3489932885906,P75–90,135.5,118–153,443,36,117,19.630872483221477,https://www.senscritique.com/bd/ngl_hunter_x_hunter_tome_19/17265409
SensCritique,Manga,Hunter × Hunter,2,"Bataille dans le brouillard - Hunter x Hunter, tome 2",7.7,343,596,77.3489932885906,P75–90,135.5,118–153,443,36,117,19.630872483221477,https://www.senscritique.com/bd/bataille_dans_le_brouillard_hunter_x_hunter_tome_2/17255100
SensCritique,Manga,Hunter × Hunter,3,"L'Arrivée - Hunter x Hunter, tome 3",7.7,324,596,77.3489932885906,P75–90,135.5,118–153,443,36,117,19.630872483221477,https://www.senscritique.com/bd/l_arrivee_hunter_x_hunter_tome_3/17255103
SensCritique,Manga,Hunter × Hunter,4,"Le Dernier Tour ! - Hunter x Hunter, tome 4",7.7,297,596,77.3489932885906,P75–90,135.5,118–153,443,36,117,19.630872483221477,https://www.senscritique.com/bd/le_dernier_tour_hunter_x_hunter_tome_4/17255104
SensCritique,Manga,Hunter × Hunter,8,"Ouverture des enchères ! - Hunter x Hunter, tome 8",7.7,259,596,77.3489932885906,P75–90,135.5,118–153,443,36,117,19.630872483221477,https://www.senscritique.com/bd/ouverture_des_encheres_hunter_x_hunter_tome_8/17257485
SensCritique,Manga,Jujutsu Kaisen,17,"Parer à toute éventualité - Jujutsu Kaisen, tome 17",7.7,140,596,77.3489932885906,P75–90,135.5,118–153,443,36,117,19.630872483221477,https://www.senscritique.com/bd/parer_a_toute_eventualite_jujutsu_kaisen_tome_17/45427291
SensCritique,Manga,My Hero Academia,14,"Overhaul - My Hero Academia, tome 14",7.7,246,596,77.3489932885906,P75–90,135.5,118–153,443,36,117,19.630872483221477,https://www.senscritique.com/bd/overhaul_my_hero_academia_tome_14/27214279
SensCritique,Manga,My Hero Academia,18,"Un avenir radieux - My Hero Academia, tome 18",7.7,213,596,77.3489932885906,P75–90,135.5,118–153,443,36,117,19.630872483221477,https://www.senscritique.com/bd/un_avenir_radieux_my_hero_academia_tome_18/32060425
SensCritique,Manga,My Hero Academia,32,"The Next - My Hero Academia, tome 32",7.7,136,596,77.3489932885906,P75–90,135.5,118–153,443,36,117,19.630872483221477,https://www.senscritique.com/bd/the_next_my_hero_academia_tome_32/45429921
SensCritique,Manga,My Hero Academia,33,"De la seconde A au OFA - My Hero Academia, tome 33",7.7,127,596,77.3489932885906,P75–90,135.5,118–153,443,36,117,19.630872483221477,https://www.senscritique.com/bd/de_la_seconde_a_au_ofa_my_hero_academia_tome_33/46154155
SensCritique,Manga,My Hero Academia,40,"The End of an Era, and... - My Hero Academia, tome 40",7.7,68,596,77.3489932885906,P75–90,135.5,118–153,443,36,117,19.630872483221477,https://www.senscritique.com/bd/the_end_of_an_era_and_my_hero_academia_tome_40/82379268
SensCritique,Manga,Naruto,43,"Celui qui sait - Naruto, tome 43",7.7,399,596,77.3489932885906,P75–90,135.5,118–153,443,36,117,19.630872483221477,https://www.senscritique.com/bd/celui_qui_sait_naruto_tome_43/15491267
SensCritique,Manga,One Piece,10,"Ok, let's stand up ! - One Piece, tome 10",7.7,769,596,77.3489932885906,P75–90,135.5,118–153,443,36,117,19.630872483221477,https://www.senscritique.com/bd/ok_let_s_stand_up_one_piece_tome_10/16780873
SensCritique,Manga,One Piece,110,"Les Remous d'une époque - One Piece, tome 110",7.7,152,596,77.3489932885906,P75–90,135.5,118–153,443,36,117,19.630872483221477,https://www.senscritique.com/bd/les_remous_d_une_epoque_one_piece_tome_110/101714540
SensCritique,Manga,One Piece,20,"Bataille décisive à Alubarna - One Piece, tome 20",7.7,658,596,77.3489932885906,P75–90,135.5,118–153,443,36,117,19.630872483221477,https://www.senscritique.com/bd/bataille_decisive_a_alubarna_one_piece_tome_20/17392766
SensCritique,Manga,One Piece,30,"Capriccio - One Piece, tome 30",7.7,574,596,77.3489932885906,P75–90,135.5,118–153,443,36,117,19.630872483221477,https://www.senscritique.com/bd/capriccio_one_piece_tome_30/17475526
SensCritique,Manga,One Piece,31,"Nous sommes là - One Piece, tome 31",7.7,597,596,77.3489932885906,P75–90,135.5,118–153,443,36,117,19.630872483221477,https://www.senscritique.com/bd/nous_sommes_la_one_piece_tome_31/357231
SensCritique,Manga,One Piece,53,"Le Tempérament d'un roi - One Piece, tome 53",7.7,500,596,77.3489932885906,P75–90,135.5,118–153,443,36,117,19.630872483221477,https://www.senscritique.com/bd/le_temperament_d_un_roi_one_piece_tome_53/17476646
SensCritique,Manga,One Piece,71,"Le Colisée de tous les dangers - One Piece, tome 71",7.7,452,596,77.3489932885906,P75–90,135.5,118–153,443,36,117,19.630872483221477,https://www.senscritique.com/bd/le_colisee_de_tous_les_dangers_one_piece_tome_71/15796155
SensCritique,Manga,One Piece,73,"L'Opération Dressrosa S.O.P. - One Piece, tome 73",7.7,465,596,77.3489932885906,P75–90,135.5,118–153,443,36,117,19.630872483221477,https://www.senscritique.com/bd/l_operation_dressrosa_s_o_p_one_piece_tome_73/15796182
SensCritique,Manga,One Piece,75,"Ma gratitude - One Piece, tome 75",7.7,460,596,77.3489932885906,P75–90,135.5,118–153,443,36,117,19.630872483221477,https://www.senscritique.com/bd/ma_gratitude_one_piece_tome_75/15796217
SensCritique,Manga,One Piece,76,"Poursuis ta route ! - One Piece, tome 76",7.7,473,596,77.3489932885906,P75–90,135.5,118–153,443,36,117,19.630872483221477,https://www.senscritique.com/bd/poursuis_ta_route_one_piece_tome_76/17311836
SensCritique,Manga,One Piece,77,"Smile - One Piece, tome 77",7.7,504,596,77.3489932885906,P75–90,135.5,118–153,443,36,117,19.630872483221477,https://www.senscritique.com/bd/smile_one_piece_tome_77/17468815
SensCritique,Manga,One Piece,80,"Vers une bataille sans précédent - One Piece, tome 80",7.7,442,596,77.3489932885906,P75–90,135.5,118–153,443,36,117,19.630872483221477,https://www.senscritique.com/bd/vers_une_bataille_sans_precedent_one_piece_tome_80/23050179
SensCritique,Manga,One Piece,84,"Luffy versus Sanji - One Piece, tome 84",7.7,420,596,77.3489932885906,P75–90,135.5,118–153,443,36,117,19.630872483221477,https://www.senscritique.com/bd/luffy_versus_sanji_one_piece_tome_84/24259293
SensCritique,Manga,One Piece,86,"Opération Régicide - One Piece, tome 86",7.7,414,596,77.3489932885906,P75–90,135.5,118–153,443,36,117,19.630872483221477,https://www.senscritique.com/bd/operation_regicide_one_piece_tome_86/26324557
SensCritique,Manga,One Piece,95,"L'Aventure d'Oden - One Piece, tome 95",7.7,364,596,77.3489932885906,P75–90,135.5,118–153,443,36,117,19.630872483221477,https://www.senscritique.com/bd/l_aventure_d_oden_one_piece_tome_95/40976621
SensCritique,Manga,One Piece,99,"Luffy au chapeau de paille - One Piece, tome 99",7.7,307,596,77.3489932885906,P75–90,135.5,118–153,443,36,117,19.630872483221477,https://www.senscritique.com/bd/luffy_au_chapeau_de_paille_one_piece_tome_99/44863391
SensCritique,Fantasy — cycle principal,Harry Potter,1,Harry Potter à l'école des sorciers,7.6,120443,596,71.64429530201342,P50–75,169.5,154–185,411,32,153,25.671140939597315,https://www.senscritique.com/groupe/harry_potter/600
SensCritique,Fantasy — cycle principal,Harry Potter,5,Harry Potter et l'ordre du phénix,7.6,43582,596,71.64429530201342,P50–75,169.5,154–185,411,32,153,25.671140939597315,https://www.senscritique.com/groupe/harry_potter/600
SensCritique,Manga,Hunter × Hunter,1,"Le Jour du départ - Hunter X Hunter, tome 1",7.6,401,596,71.64429530201342,P50–75,169.5,154–185,411,32,153,25.671140939597315,https://www.senscritique.com/bd/le_jour_du_depart_hunter_x_hunter_tome_1/17255099
SensCritique,Manga,Hunter × Hunter,15,"Progrès rapides - Hunter X Hunter, tome 15",7.6,225,596,71.64429530201342,P50–75,169.5,154–185,411,32,153,25.671140939597315,https://www.senscritique.com/bd/progres_rapides_hunter_x_hunter_tome_15/17265034
SensCritique,Manga,Hunter × Hunter,24,"Hunter X Hunter, tome 24",7.6,211,596,71.64429530201342,P50–75,169.5,154–185,411,32,153,25.671140939597315,https://www.senscritique.com/bd/hunter_x_hunter_tome_24/17265643
SensCritique,Manga,Hunter × Hunter,25,"Hunter X Hunter, tome 25",7.6,207,596,71.64429530201342,P50–75,169.5,154–185,411,32,153,25.671140939597315,https://www.senscritique.com/bd/hunter_x_hunter_tome_25/17265671
SensCritique,Manga,Hunter × Hunter,26,"Hunter X Hunter, tome 26",7.6,209,596,71.64429530201342,P50–75,169.5,154–185,411,32,153,25.671140939597315,https://www.senscritique.com/bd/hunter_x_hunter_tome_26/17265684
SensCritique,Manga,Hunter × Hunter,30,"Hunter X Hunter, tome 30",7.6,203,596,71.64429530201342,P50–75,169.5,154–185,411,32,153,25.671140939597315,https://www.senscritique.com/bd/hunter_x_hunter_tome_30/17265956
SensCritique,Manga,Hunter × Hunter,7,"Ça ne fait que commencer - Hunter x Hunter, tome 7",7.6,264,596,71.64429530201342,P50–75,169.5,154–185,411,32,153,25.671140939597315,https://www.senscritique.com/bd/ca_ne_fait_que_commencer_hunter_x_hunter_tome_7/17257484
SensCritique,Arthur — texte fondateur,Légende arthurienne — textes fondateurs,v. 1230,La Quête du Saint-Graal,7.6,32,596,71.64429530201342,P50–75,169.5,154–185,411,32,153,25.671140939597315,https://www.senscritique.com/livre/la_quete_du_saint_graal/425611
SensCritique,Manga,My Hero Academia,24,"All It Takes Is One Bad Day - My Hero Academia, tome 24",7.6,185,596,71.64429530201342,P50–75,169.5,154–185,411,32,153,25.671140939597315,https://www.senscritique.com/bd/all_it_takes_is_one_bad_day_my_hero_academia_tome_24/39758925
SensCritique,Manga,My Hero Academia,31,"Izuku Midoriya et Toshinori Yagi - My Hero Academia, tome 31",7.6,133,596,71.64429530201342,P50–75,169.5,154–185,411,32,153,25.671140939597315,https://www.senscritique.com/bd/izuku_midoriya_et_toshinori_yagi_my_hero_academia_tome_31/45244515
SensCritique,Manga,My Hero Academia,34,"America - My Hero Academia, tome 34",7.6,117,596,71.64429530201342,P50–75,169.5,154–185,411,32,153,25.671140939597315,https://www.senscritique.com/bd/america_my_hero_academia_tome_34/47497514
SensCritique,Manga,My Hero Academia,37,"Défenseurs et attaquants - My Hero Academia, tome 37",7.6,93,596,71.64429530201342,P50–75,169.5,154–185,411,32,153,25.671140939597315,https://www.senscritique.com/bd/defenseurs_et_attaquants_my_hero_academia_tome_37/54703332
SensCritique,Manga,My Hero Academia,41,"Overlay - My Hero Academia, tome 41",7.6,65,596,71.64429530201342,P50–75,169.5,154–185,411,32,153,25.671140939597315,https://www.senscritique.com/bd/overlay_my_hero_academia_tome_41/96350690
SensCritique,Manga,My Hero Academia,9,"My Hero - My Hero Academia, tome 9",7.6,361,596,71.64429530201342,P50–75,169.5,154–185,411,32,153,25.671140939597315,https://www.senscritique.com/bd/my_hero_my_hero_academia_tome_9/22195665
SensCritique,Manga,Naruto,27,"Le Jour du départ !! - Naruto, tome 27",7.6,436,596,71.64429530201342,P50–75,169.5,154–185,411,32,153,25.671140939597315,https://www.senscritique.com/bd/le_jour_du_depart_naruto_tome_27/15121709
SensCritique,Manga,Naruto,4,"Le Pont des héros ? - Naruto, tome 4",7.6,622,596,71.64429530201342,P50–75,169.5,154–185,411,32,153,25.671140939597315,https://www.senscritique.com/bd/le_pont_des_heros_naruto_tome_4/13019808
SensCritique,Manga,Naruto,42,"Le Secret du Kaléidoscope Hypnotique… !! - Naruto, tome 42",7.6,387,596,71.64429530201342,P50–75,169.5,154–185,411,32,153,25.671140939597315,https://www.senscritique.com/bd/le_secret_du_kaleidoscope_hypnotique_naruto_tome_42/15491266
SensCritique,Manga,Naruto,47,"Le Sceau brisé !! - Naruto, tome 47",7.6,360,596,71.64429530201342,P50–75,169.5,154–185,411,32,153,25.671140939597315,https://www.senscritique.com/bd/le_sceau_brise_naruto_tome_47/16066598
SensCritique,Manga,One Piece,108,"Un monde dans lequel mieux vaut mourir - One Piece, tome 108",7.6,178,596,71.64429530201342,P50–75,169.5,154–185,411,32,153,25.671140939597315,https://www.senscritique.com/bd/un_monde_dans_lequel_mieux_vaut_mourir_one_piece_tome_108/78299658
SensCritique,Manga,One Piece,11,"Le Plus Grand Bandit d'East Blue - One Piece, tome 11",7.6,727,596,71.64429530201342,P50–75,169.5,154–185,411,32,153,25.671140939597315,https://www.senscritique.com/bd/le_plus_grand_bandit_d_east_blue_one_piece_tome_11/17475301
SensCritique,Manga,One Piece,16,"Successeurs - One Piece, tome 16",7.6,672,596,71.64429530201342,P50–75,169.5,154–185,411,32,153,25.671140939597315,https://www.senscritique.com/bd/successeurs_one_piece_tome_16/17475338
SensCritique,Manga,One Piece,18,"Ace entre en scène - One Piece, tome 18",7.6,677,596,71.64429530201342,P50–75,169.5,154–185,411,32,153,25.671140939597315,https://www.senscritique.com/bd/ace_entre_en_scene_one_piece_tome_18/17393530
SensCritique,Manga,One Piece,50,"De nouveau face au mur - One Piece, tome 50",7.6,505,596,71.64429530201342,P50–75,169.5,154–185,411,32,153,25.671140939597315,https://www.senscritique.com/bd/de_nouveau_face_au_mur_one_piece_tome_50/17476633
SensCritique,Manga,One Piece,72,"Les Oubliés de Dressrosa - One Piece, tome 72",7.6,456,596,71.64429530201342,P50–75,169.5,154–185,411,32,153,25.671140939597315,https://www.senscritique.com/bd/les_oublies_de_dressrosa_one_piece_tome_72/15796170
SensCritique,Manga,One Piece,74,"Je serai toujours à tes côtés - One Piece, tome 74",7.6,463,596,71.64429530201342,P50–75,169.5,154–185,411,32,153,25.671140939597315,https://www.senscritique.com/bd/je_serai_toujours_a_tes_cotes_one_piece_tome_74/15796201
SensCritique,Manga,One Piece,82,"Un monde en pleine agitation - One Piece, tome 82",7.6,444,596,71.64429530201342,P50–75,169.5,154–185,411,32,153,25.671140939597315,https://www.senscritique.com/bd/un_monde_en_pleine_agitation_one_piece_tome_82/21710517
SensCritique,Manga,One Piece,85,"Menteur - One Piece, tome 85",7.6,396,596,71.64429530201342,P50–75,169.5,154–185,411,32,153,25.671140939597315,https://www.senscritique.com/bd/menteur_one_piece_tome_85/25189017
SensCritique,Manga,One Piece,91,"Aventure au pays des samouraïs - One Piece, tome 91",7.6,397,596,71.64429530201342,P50–75,169.5,154–185,411,32,153,25.671140939597315,https://www.senscritique.com/bd/aventure_au_pays_des_samourais_one_piece_tome_91/38386619
SensCritique,Manga,One Piece,97,"Ma bible - One Piece, tome 97",7.6,344,596,71.64429530201342,P50–75,169.5,154–185,411,32,153,25.671140939597315,https://www.senscritique.com/bd/ma_bible_one_piece_tome_97/42861159
SensCritique,Fantasy — cycle principal,The Witcher,2,Le Temps du mépris,7.6,1414,596,71.64429530201342,P50–75,169.5,154–185,411,32,153,25.671140939597315,https://www.senscritique.com/groupe/Sorceleur/3026
SensCritique,Manga,Bleach,45,"The Burnout Inferno - Bleach, tome 45",7.5,116,596,66.35906040268456,P50–75,201.0,186–216,380,31,185,31.040268456375838,https://www.senscritique.com/bd/the_burnout_inferno_bleach_tome_45/19601416
SensCritique,Manga,Hunter × Hunter,14,"Les Secrets de l'île - Hunter X Hunter, tome 14",7.5,229,596,66.35906040268456,P50–75,201.0,186–216,380,31,185,31.040268456375838,https://www.senscritique.com/bd/les_secrets_de_l_ile_hunter_x_hunter_tome_14/17264963
SensCritique,Manga,Hunter × Hunter,21,"Retrouvailles - Hunter X Hunter, tome 21",7.5,208,596,66.35906040268456,P50–75,201.0,186–216,380,31,185,31.040268456375838,https://www.senscritique.com/bd/retrouvailles_hunter_x_hunter_tome_21/17265527
SensCritique,Manga,Hunter × Hunter,22,"Hunter X Hunter, tome 22",7.5,204,596,66.35906040268456,P50–75,201.0,186–216,380,31,185,31.040268456375838,https://www.senscritique.com/bd/hunter_x_hunter_tome_22/17265590
SensCritique,Manga,Jujutsu Kaisen,8,"Trésor caché - Jujutsu Kaisen, tome 8",7.5,218,596,66.35906040268456,P50–75,201.0,186–216,380,31,185,31.040268456375838,https://www.senscritique.com/bd/tresor_cache_jujutsu_kaisen_tome_8/41191243
SensCritique,Manga,Magi,5,"Magi : The Labyrinth of Magic, tome 5",7.5,24,596,66.35906040268456,P50–75,201.0,186–216,380,31,185,31.040268456375838,https://www.senscritique.com/bd/magi_the_labyrinth_of_magic_tome_5/17931383
SensCritique,Manga,My Hero Academia,15,"Lutte contre le destin - My Hero Academia, tome 15",7.5,235,596,66.35906040268456,P50–75,201.0,186–216,380,31,185,31.040268456375838,https://www.senscritique.com/bd/lutte_contre_le_destin_my_hero_academia_tome_15/27279646
SensCritique,Manga,My Hero Academia,35,"Battle Flame - My Hero Academia, tome 35",7.5,104,596,66.35906040268456,P50–75,201.0,186–216,380,31,185,31.040268456375838,https://www.senscritique.com/bd/battle_flame_my_hero_academia_tome_35/48208266
SensCritique,Manga,My Hero Academia,5,"Shoto Todoroki : Les Origines - My Hero Academia, tome 5",7.5,432,596,66.35906040268456,P50–75,201.0,186–216,380,31,185,31.040268456375838,https://www.senscritique.com/bd/shoto_todoroki_les_origines_my_hero_academia_tome_5/21409761
SensCritique,Manga,My Hero Academia,6,"Frémissements - My Hero Academia, tome 6",7.5,409,596,66.35906040268456,P50–75,201.0,186–216,380,31,185,31.040268456375838,https://www.senscritique.com/bd/fremissements_my_hero_academia_tome_6/21418000
SensCritique,Manga,Naruto,12,"L’oiseau s’est envolé !! - Naruto, tome 12",7.5,476,596,66.35906040268456,P50–75,201.0,186–216,380,31,185,31.040268456375838,https://www.senscritique.com/bd/loiseau_sest_envole_naruto_tome_12/15111816
SensCritique,Manga,Naruto,13,"La Fin de l’examen…!! - Naruto, tome 13",7.5,478,596,66.35906040268456,P50–75,201.0,186–216,380,31,185,31.040268456375838,https://www.senscritique.com/bd/la_fin_de_lexamen_naruto_tome_13/15112501
SensCritique,Manga,Naruto,19,"Le Successeur - Naruto, tome 19",7.5,459,596,66.35906040268456,P50–75,201.0,186–216,380,31,185,31.040268456375838,https://www.senscritique.com/bd/le_successeur_naruto_tome_19/15121105
SensCritique,Manga,Naruto,9,"Neji et Hinata - Naruto, tome 9",7.5,516,596,66.35906040268456,P50–75,201.0,186–216,380,31,185,31.040268456375838,https://www.senscritique.com/bd/neji_et_hinata_naruto_tome_9/16638079
SensCritique,Manga,One Piece,1,"À l'Aube d'une grande aventure - One Piece, tome 1",7.5,1318,596,66.35906040268456,P50–75,201.0,186–216,380,31,185,31.040268456375838,https://www.senscritique.com/bd/a_l_aube_d_une_grande_aventure_one_piece_tome_1/11576617
SensCritique,Manga,One Piece,101,"Place aux têtes d'affiche - One Piece, tome 101",7.5,280,596,66.35906040268456,P50–75,201.0,186–216,380,31,185,31.040268456375838,https://www.senscritique.com/bd/place_aux_tetes_d_affiche_one_piece_tome_101/45492118
SensCritique,Manga,One Piece,102,"Un moment décisif - One Piece, tome 102",7.5,249,596,66.35906040268456,P50–75,201.0,186–216,380,31,185,31.040268456375838,https://www.senscritique.com/bd/un_moment_decisif_one_piece_tome_102/46655924
SensCritique,Manga,One Piece,112,"Haley - One Piece, tome 112",7.5,120,596,66.35906040268456,P50–75,201.0,186–216,380,31,185,31.040268456375838,https://www.senscritique.com/bd/haley_one_piece_tome_112/116714949
SensCritique,Manga,One Piece,113,"La Naissance de Loki - One Piece, tome 113",7.5,58,596,66.35906040268456,P50–75,201.0,186–216,380,31,185,31.040268456375838,https://www.senscritique.com/bd/la_naissance_de_loki_one_piece_tome_113/127695530
SensCritique,Manga,One Piece,12,"Et ainsi débuta la légende - One Piece, tome 12",7.5,745,596,66.35906040268456,P50–75,201.0,186–216,380,31,185,31.040268456375838,https://www.senscritique.com/bd/et_ainsi_debuta_la_legende_one_piece_tome_12/17392707
SensCritique,Manga,One Piece,19,"Rébellion - One Piece, tome 19",7.5,672,596,66.35906040268456,P50–75,201.0,186–216,380,31,185,31.040268456375838,https://www.senscritique.com/bd/rebellion_one_piece_tome_19/17392805
SensCritique,Manga,One Piece,32,"Love Song - One Piece, tome 32",7.5,588,596,66.35906040268456,P50–75,201.0,186–216,380,31,185,31.040268456375838,https://www.senscritique.com/bd/love_song_one_piece_tome_32/12742
SensCritique,Manga,One Piece,49,"Nightmare Luffy - One Piece, tome 49",7.5,503,596,66.35906040268456,P50–75,201.0,186–216,380,31,185,31.040268456375838,https://www.senscritique.com/bd/nightmare_luffy_one_piece_tome_49/17476631
SensCritique,Manga,One Piece,70,"Doflamingo sort de l'ombre - One piece, tome 70",7.5,450,596,66.35906040268456,P50–75,201.0,186–216,380,31,185,31.040268456375838,https://www.senscritique.com/bd/doflamingo_sort_de_l_ombre_one_piece_tome_70/15796131
SensCritique,Manga,One Piece,81,"À la rencontre de Maître Chavipère - One Piece, tome 81",7.5,465,596,66.35906040268456,P50–75,201.0,186–216,380,31,185,31.040268456375838,https://www.senscritique.com/bd/a_la_rencontre_de_maitre_chavipere_one_piece_tome_81/23518173
SensCritique,Manga,One Piece,87,"Impitoyable - One Piece, tome 87",7.5,405,596,66.35906040268456,P50–75,201.0,186–216,380,31,185,31.040268456375838,https://www.senscritique.com/bd/impitoyable_one_piece_tome_87/28305267
SensCritique,Manga,One Piece,88,"Lionne - One Piece, tome 88",7.5,388,596,66.35906040268456,P50–75,201.0,186–216,380,31,185,31.040268456375838,https://www.senscritique.com/bd/lionne_one_piece_tome_88/30535729
SensCritique,Manga,One Piece,98,"Les Neuf Rônins - One Piece, tome 98",7.5,324,596,66.35906040268456,P50–75,201.0,186–216,380,31,185,31.040268456375838,https://www.senscritique.com/bd/les_neuf_ronins_one_piece_tome_98/43812985
SensCritique,Fantasy — cycle principal,The Witcher,0.2,L'Épée de la providence,7.5,1970,596,66.35906040268456,P50–75,201.0,186–216,380,31,185,31.040268456375838,https://www.senscritique.com/groupe/Sorceleur/3026
SensCritique,Fantasy — cycle principal,The Witcher,3,Le Baptême du feu,7.5,1204,596,66.35906040268456,P50–75,201.0,186–216,380,31,185,31.040268456375838,https://www.senscritique.com/groupe/Sorceleur/3026
SensCritique,Fantasy — cycle principal,The Witcher,4,La Tour de l'hirondelle,7.5,1053,596,66.35906040268456,P50–75,201.0,186–216,380,31,185,31.040268456375838,https://www.senscritique.com/groupe/Sorceleur/3026
SensCritique,Manga,Bleach,12,"Flower on the Precipice - Bleach, tome 12",7.4,171,596,61.15771812080537,P50–75,232.0,217–247,349,31,216,36.241610738255034,https://www.senscritique.com/bd/flower_on_the_precipice_bleach_tome_12/17772148
SensCritique,Manga,Bleach,17,"Rosa Rubicundior, Lilio Candidior - Bleach, tome 17",7.4,161,596,61.15771812080537,P50–75,232.0,217–247,349,31,216,36.241610738255034,https://www.senscritique.com/bd/rosa_rubicundior_lilio_candidior_bleach_tome_17/17954943
SensCritique,Manga,Bleach,18,"The Deathberry Returns - Bleach, tome 18",7.4,157,596,61.15771812080537,P50–75,232.0,217–247,349,31,216,36.241610738255034,https://www.senscritique.com/bd/the_deathberry_returns_bleach_tome_18/17954973
SensCritique,Fantasy — cycle principal,Harry Potter,2,Harry Potter et la chambre des secrets,7.4,56842,596,61.15771812080537,P50–75,232.0,217–247,349,31,216,36.241610738255034,https://www.senscritique.com/groupe/harry_potter/600
SensCritique,Manga,Hunter × Hunter,23,"Hunter X Hunter, tome 23",7.4,211,596,61.15771812080537,P50–75,232.0,217–247,349,31,216,36.241610738255034,https://www.senscritique.com/bd/hunter_x_hunter_tome_23/17265627
SensCritique,Manga,Hunter × Hunter,31,"Hunter X Hunter, tome 31",7.4,195,596,61.15771812080537,P50–75,232.0,217–247,349,31,216,36.241610738255034,https://www.senscritique.com/bd/hunter_x_hunter_tome_31/17265959
SensCritique,Manga,Hunter × Hunter,32,"Hunter X Hunter, tome 32",7.4,221,596,61.15771812080537,P50–75,232.0,217–247,349,31,216,36.241610738255034,https://www.senscritique.com/bd/hunter_x_hunter_tome_32/17265986
SensCritique,Manga,Hunter × Hunter,35,"Hunter X Hunter, tome 35",7.4,182,596,61.15771812080537,P50–75,232.0,217–247,349,31,216,36.241610738255034,https://www.senscritique.com/bd/hunter_x_hunter_tome_35/30683474
SensCritique,Manga,Hunter × Hunter,5,"Jin Freecss - Hunter x Hunter, tome 5",7.4,292,596,61.15771812080537,P50–75,232.0,217–247,349,31,216,36.241610738255034,https://www.senscritique.com/bd/jin_freecss_hunter_x_hunter_tome_5/17257481
SensCritique,Manga,Hunter × Hunter,6,"La Condition d'Hisoka - Hunter x Hunter, tome 6",7.4,279,596,61.15771812080537,P50–75,232.0,217–247,349,31,216,36.241610738255034,https://www.senscritique.com/bd/la_condition_d_hisoka_hunter_x_hunter_tome_6/17257483
SensCritique,Manga,Jujutsu Kaisen,6,"Rayon noir - Jujutsu Kaisen, tome 6",7.4,225,596,61.15771812080537,P50–75,232.0,217–247,349,31,216,36.241610738255034,https://www.senscritique.com/bd/rayon_noir_jujutsu_kaisen_tome_6/39805049
SensCritique,Arthur — texte fondateur,Légende arthurienne — textes fondateurs,v. 1136,Histoire des rois de Bretagne,7.4,21,596,61.15771812080537,P50–75,232.0,217–247,349,31,216,36.241610738255034,https://www.senscritique.com/livre/histoire_des_rois_de_bretagne/114941
SensCritique,Manga,My Hero Academia,13,"On va causer de ton alter ! - My Hero Academia, tome 13",7.4,284,596,61.15771812080537,P50–75,232.0,217–247,349,31,216,36.241610738255034,https://www.senscritique.com/bd/On_va_causer_de_ton_alter_My_Hero_Academia_tome_13/27214275
SensCritique,Manga,My Hero Academia,21,"L'Étoffe des héros - My Hero Academia, tome 21",7.4,208,596,61.15771812080537,P50–75,232.0,217–247,349,31,216,36.241610738255034,https://www.senscritique.com/bd/l_etoffe_des_heros_my_hero_academia_tome_21/38376615
SensCritique,Manga,My Hero Academia,39,"Un combat sans alter - My Hero Academia, tome 39",7.4,76,596,61.15771812080537,P50–75,232.0,217–247,349,31,216,36.241610738255034,https://www.senscritique.com/bd/un_combat_sans_alter_my_hero_academia_tome_39/61894132
SensCritique,Manga,My Hero Academia,42,"La cavalerie est là - My Hero Academia, tome 42",7.4,60,596,61.15771812080537,P50–75,232.0,217–247,349,31,216,36.241610738255034,https://www.senscritique.com/bd/la_cavalerie_est_la_my_hero_academia_tome_42/103641731
SensCritique,Manga,Naruto,14,"Hokage contre Hokage !! - Naruto, tome 14",7.4,460,596,61.15771812080537,P50–75,232.0,217–247,349,31,216,36.241610738255034,https://www.senscritique.com/bd/hokage_contre_hokage_naruto_tome_14/15113098
SensCritique,Manga,Naruto,16,"La Bataille de Konoha, dernier acte !! - Naruto, tome 16",7.4,451,596,61.15771812080537,P50–75,232.0,217–247,349,31,216,36.241610738255034,https://www.senscritique.com/bd/la_bataille_de_konoha_dernier_acte_naruto_tome_16/15115061
SensCritique,Manga,Naruto,46,"Le Retour de Naruto !! - Naruto, tome 46",7.4,367,596,61.15771812080537,P50–75,232.0,217–247,349,31,216,36.241610738255034,https://www.senscritique.com/bd/le_retour_de_naruto_naruto_tome_46/16066596
SensCritique,Manga,Naruto,5,"Les Rivaux ! - Naruto, tome 5",7.4,581,596,61.15771812080537,P50–75,232.0,217–247,349,31,216,36.241610738255034,https://www.senscritique.com/bd/les_rivaux_naruto_tome_5/13019810
SensCritique,Manga,Naruto,8,"Au péril de sa vie !! - Naruto, tome 8",7.4,519,596,61.15771812080537,P50–75,232.0,217–247,349,31,216,36.241610738255034,https://www.senscritique.com/bd/au_peril_de_sa_vie_naruto_tome_8/15108981
SensCritique,Manga,One Piece,106,"Le Rêve d'un génie - One Piece, tome 106",7.4,214,596,61.15771812080537,P50–75,232.0,217–247,349,31,216,36.241610738255034,https://www.senscritique.com/bd/le_reve_d_un_genie_one_piece_tome_106/56406321
SensCritique,Manga,One Piece,111,"Aventure à Elbaph - One Piece, tome 111",7.4,136,596,61.15771812080537,P50–75,232.0,217–247,349,31,216,36.241610738255034,https://www.senscritique.com/bd/aventure_a_elbaph_one_piece_tome_111/107077714
SensCritique,Manga,One Piece,24,"Croire en ses rêves - One Piece, tome 24",7.4,636,596,61.15771812080537,P50–75,232.0,217–247,349,31,216,36.241610738255034,https://www.senscritique.com/bd/croire_en_ses_reves_one_piece_tome_24/17392593
SensCritique,Manga,One Piece,6,"Le Serment - One Piece, tome 6",7.4,876,596,61.15771812080537,P50–75,232.0,217–247,349,31,216,36.241610738255034,https://www.senscritique.com/bd/le_serment_one_piece_tome_6/15796047
SensCritique,Manga,One Piece,69,"SAD - One Piece, tome 69",7.4,447,596,61.15771812080537,P50–75,232.0,217–247,349,31,216,36.241610738255034,https://www.senscritique.com/bd/sad_one_piece_tome_69/17476738
SensCritique,Manga,One Piece,8,"""Je ne mourrai pas !"" - One Piece, tome 8",7.4,773,596,61.15771812080537,P50–75,232.0,217–247,349,31,216,36.241610738255034,https://www.senscritique.com/bd/je_ne_mourrai_pas_one_piece_tome_8/15796095
SensCritique,Manga,One Piece,92,"La Grande Courtisane Komurasaki - One Piece, tome 92",7.4,363,596,61.15771812080537,P50–75,232.0,217–247,349,31,216,36.241610738255034,https://www.senscritique.com/bd/la_grande_courtisane_komurasaki_one_piece_tome_92/38953059
SensCritique,Manga,One Piece,94,"Les Rêves des guerriers - One Piece, tome 94",7.4,371,596,61.15771812080537,P50–75,232.0,217–247,349,31,216,36.241610738255034,https://www.senscritique.com/bd/les_reves_des_guerriers_one_piece_tome_94/40359519
SensCritique,Fantasy — cycle principal,The Witcher,1,Le Sang des elfes,7.4,1786,596,61.15771812080537,P50–75,232.0,217–247,349,31,216,36.241610738255034,https://www.senscritique.com/groupe/Sorceleur/3026
SensCritique,Fantasy — cycle principal,The Witcher,5,La Dame du lac,7.4,980,596,61.15771812080537,P50–75,232.0,217–247,349,31,216,36.241610738255034,https://www.senscritique.com/groupe/Sorceleur/3026
SensCritique,Manga,Bleach,11,"A Star and a Stray Dog - Bleach, tome 11",7.3,173,596,56.04026845637584,P50–75,262.5,248–277,319,30,247,41.442953020134226,https://www.senscritique.com/bd/a_star_and_a_stray_dog_bleach_tome_11/17771486
SensCritique,Manga,Bleach,16,"Night of Wijnruit - Bleach, tome 16",7.3,163,596,56.04026845637584,P50–75,262.5,248–277,319,30,247,41.442953020134226,https://www.senscritique.com/bd/night_of_wijnruit_bleach_tome_16/17954881
SensCritique,Manga,Bleach,32,"Howling - Bleach, tome 32",7.3,126,596,56.04026845637584,P50–75,262.5,248–277,319,30,247,41.442953020134226,https://www.senscritique.com/bd/howling_bleach_tome_32/19574745
SensCritique,Manga,Demon Slayer,11,"Demon Slayer, tome 11",7.3,198,596,56.04026845637584,P50–75,262.5,248–277,319,30,247,41.442953020134226,https://www.senscritique.com/bd/demon_slayer_tome_11/38808492
SensCritique,Manga,Demon Slayer,8,"Demon Slayer, tome 8",7.3,220,596,56.04026845637584,P50–75,262.5,248–277,319,30,247,41.442953020134226,https://www.senscritique.com/bd/demon_slayer_tome_8/38783510
SensCritique,Manga,Hunter × Hunter,20,"Points faibles - Hunter X Hunter, tome 20",7.3,207,596,56.04026845637584,P50–75,262.5,248–277,319,30,247,41.442953020134226,https://www.senscritique.com/bd/points_faibles_hunter_x_hunter_tome_20/17265461
SensCritique,Manga,Hunter × Hunter,33,"Hunter X Hunter, tome 33",7.3,274,596,56.04026845637584,P50–75,262.5,248–277,319,30,247,41.442953020134226,https://www.senscritique.com/bd/hunter_x_hunter_tome_33/24490019
SensCritique,Manga,Jujutsu Kaisen,4,"Je vais te tuer - Jujutsu Kaisen, tome 4",7.3,248,596,56.04026845637584,P50–75,262.5,248–277,319,30,247,41.442953020134226,https://www.senscritique.com/bd/je_vais_te_tuer_jujutsu_kaisen_tome_4/39801649
SensCritique,Arthur — texte fondateur,Légende arthurienne — textes fondateurs,v. 1180–1190,Perceval ou le Conte du Graal,7.3,2196,596,56.04026845637584,P50–75,262.5,248–277,319,30,247,41.442953020134226,https://www.senscritique.com/livre/perceval_ou_le_conte_du_graal/11855564
SensCritique,Manga,My Hero Academia,12,"L'Examen - My Hero Academia, tome 12",7.3,287,596,56.04026845637584,P50–75,262.5,248–277,319,30,247,41.442953020134226,https://www.senscritique.com/bd/l_examen_my_hero_academia_tome_12/27214233
SensCritique,Manga,My Hero Academia,38,"Hope - My Hero Academia, tome 38",7.3,80,596,56.04026845637584,P50–75,262.5,248–277,319,30,247,41.442953020134226,https://www.senscritique.com/bd/hope_my_hero_academia_tome_38/56076046
SensCritique,Manga,My Hero Academia,7,"Katsuki Bakugo : Les Origines - My Hero Academia, tome 7",7.3,365,596,56.04026845637584,P50–75,262.5,248–277,319,30,247,41.442953020134226,https://www.senscritique.com/bd/katsuki_bakugo_les_origines_my_hero_academia_tome_7/21418001
SensCritique,Manga,Naruto,2,"Un client embarrassant - Naruto, tome 2",7.3,681,596,56.04026845637584,P50–75,262.5,248–277,319,30,247,41.442953020134226,https://www.senscritique.com/bd/un_client_embarrassant_naruto_tome_2/13019803
SensCritique,Manga,Naruto,24,"Tournant décisif !! - Naruto, tome 24",7.3,433,596,56.04026845637584,P50–75,262.5,248–277,319,30,247,41.442953020134226,https://www.senscritique.com/bd/tournant_decisif_naruto_tome_24/15121641
SensCritique,Manga,Naruto,25,"Frères - Naruto, tome 25",7.3,434,596,56.04026845637584,P50–75,262.5,248–277,319,30,247,41.442953020134226,https://www.senscritique.com/bd/freres_naruto_tome_25/15121671
SensCritique,Manga,Naruto,3,"Se battre pour ses rêves !! - Naruto, tome 3",7.3,636,596,56.04026845637584,P50–75,262.5,248–277,319,30,247,41.442953020134226,https://www.senscritique.com/bd/se_battre_pour_ses_reves_naruto_tome_3/13019804
SensCritique,Manga,Naruto,37,"Le Combat de Shikamaru !! - Naruto, tome 37",7.3,377,596,56.04026845637584,P50–75,262.5,248–277,319,30,247,41.442953020134226,https://www.senscritique.com/bd/le_combat_de_shikamaru_naruto_tome_37/15428727
SensCritique,Manga,Naruto,7,"La Voie à suivre !! - Naruto, tome 7",7.3,535,596,56.04026845637584,P50–75,262.5,248–277,319,30,247,41.442953020134226,https://www.senscritique.com/bd/la_voie_a_suivre_naruto_tome_7/16638077
SensCritique,Manga,One Piece,13,"Sois forte ! - One Piece, tome 13",7.3,759,596,56.04026845637584,P50–75,262.5,248–277,319,30,247,41.442953020134226,https://www.senscritique.com/bd/sois_forte_one_piece_tome_13/10455901
SensCritique,Manga,One Piece,14,"L'Instinct - One Piece, tome 14",7.3,733,596,56.04026845637584,P50–75,262.5,248–277,319,30,247,41.442953020134226,https://www.senscritique.com/bd/l_instinct_one_piece_tome_14/10455903
SensCritique,Manga,One Piece,17,"Les Cerisiers d'Hiluluk - One Piece, tome 17",7.3,655,596,56.04026845637584,P50–75,262.5,248–277,319,30,247,41.442953020134226,https://www.senscritique.com/bd/les_cerisiers_d_hiluluk_one_piece_tome_17/17475357
SensCritique,Manga,One Piece,26,"Aventure sur l'île de Dieu - One Piece, tome 26",7.3,588,596,56.04026845637584,P50–75,262.5,248–277,319,30,247,41.442953020134226,https://www.senscritique.com/bd/aventure_sur_l_ile_de_dieu_one_piece_tome_26/17475520
SensCritique,Manga,One Piece,28,"Wiper le démon furieux - One Piece, tome 28",7.3,608,596,56.04026845637584,P50–75,262.5,248–277,319,30,247,41.442953020134226,https://www.senscritique.com/bd/wiper_le_demon_furieux_one_piece_tome_28/17393531
SensCritique,Manga,One Piece,29,"Oratorio - One Piece, tome 29",7.3,588,596,56.04026845637584,P50–75,262.5,248–277,319,30,247,41.442953020134226,https://www.senscritique.com/bd/oratorio_one_piece_tome_29/17393532
SensCritique,Manga,One Piece,46,"Aventure sur l'île fantôme - One Piece, tome 46",7.3,528,596,56.04026845637584,P50–75,262.5,248–277,319,30,247,41.442953020134226,https://www.senscritique.com/bd/aventure_sur_l_ile_fantome_one_piece_tome_46/17476613
SensCritique,Manga,One Piece,48,"L'Aventure d'Oz - One Piece, tome 48",7.3,510,596,56.04026845637584,P50–75,262.5,248–277,319,30,247,41.442953020134226,https://www.senscritique.com/bd/l_aventure_d_oz_one_piece_tome_48/17476630
SensCritique,Manga,One Piece,7,"Vieux Machin - One Piece, tome 7",7.3,836,596,56.04026845637584,P50–75,262.5,248–277,319,30,247,41.442953020134226,https://www.senscritique.com/bd/vieux_machin_one_piece_tome_7/15796078
SensCritique,Manga,One Piece,83,"Charlotte Linlin - One Piece, tome 83",7.3,434,596,56.04026845637584,P50–75,262.5,248–277,319,30,247,41.442953020134226,https://www.senscritique.com/bd/charlotte_linlin_one_piece_tome_83/23908643
SensCritique,Manga,One Piece,93,"La Coqueluche du village d'Ebisu - One Piece, tome 93",7.3,362,596,56.04026845637584,P50–75,262.5,248–277,319,30,247,41.442953020134226,https://www.senscritique.com/bd/la_coqueluche_du_village_d_ebisu_one_piece_tome_93/39719883
SensCritique,Fantasy — cycle principal,The Witcher,0.1,Le Dernier Vœu,7.3,3047,596,56.04026845637584,P50–75,262.5,248–277,319,30,247,41.442953020134226,https://www.senscritique.com/groupe/Sorceleur/3026
SensCritique,Manga,Black Clover,25,"Black Clover, tome 25",7.2,37,596,50.419463087248324,P50–75,296.0,278–314,282,37,277,46.47651006711409,https://www.senscritique.com/bd/black_clover_tome_25/43802860
SensCritique,Manga,Black Clover,26,"Black Clover, tome 26",7.2,35,596,50.419463087248324,P50–75,296.0,278–314,282,37,277,46.47651006711409,https://www.senscritique.com/bd/black_clover_tome_26/43802884
SensCritique,Manga,Bleach,14,"White Tower Rocks - Bleach, tome 14",7.2,167,596,50.419463087248324,P50–75,296.0,278–314,282,37,277,46.47651006711409,https://www.senscritique.com/bd/white_tower_rocks_bleach_tome_14/17772402
SensCritique,Manga,Bleach,15,"Beginning of the Death of Tomorrow - Bleach, tome 15",7.2,168,596,50.419463087248324,P50–75,296.0,278–314,282,37,277,46.47651006711409,https://www.senscritique.com/bd/beginning_of_the_death_of_tomorrow_bleach_tome_15/17954834
SensCritique,Manga,Bleach,24,"Immanent God Blues - Bleach, tome 24",7.2,149,596,50.419463087248324,P50–75,296.0,278–314,282,37,277,46.47651006711409,https://www.senscritique.com/bd/immanent_god_blues_bleach_tome_24/19150323
SensCritique,Manga,Bleach,34,"King of the Kill - Bleach, tome 34",7.2,121,596,50.419463087248324,P50–75,296.0,278–314,282,37,277,46.47651006711409,https://www.senscritique.com/bd/king_of_the_kill_bleach_tome_34/19574756
SensCritique,Manga,Bleach,41,"Heart - Bleach, tome 41",7.2,121,596,50.419463087248324,P50–75,296.0,278–314,282,37,277,46.47651006711409,https://www.senscritique.com/bd/heart_bleach_tome_41/19601377
SensCritique,Manga,Bleach,43,"Kingdom Of Hollows - Bleach, tome 43",7.2,112,596,50.419463087248324,P50–75,296.0,278–314,282,37,277,46.47651006711409,https://www.senscritique.com/bd/kingdom_of_hollows_bleach_tome_43/19601413
SensCritique,Manga,Bleach,48,"God Is Dead - Bleach, tome 48",7.2,114,596,50.419463087248324,P50–75,296.0,278–314,282,37,277,46.47651006711409,https://www.senscritique.com/bd/god_is_dead_bleach_tome_48/19601422
SensCritique,Manga,Bleach,58,"The Fire - Bleach, 58",7.2,100,596,50.419463087248324,P50–75,296.0,278–314,282,37,277,46.47651006711409,https://www.senscritique.com/bd/the_fire_bleach_58/18004952
SensCritique,Manga,Bleach,7,The Broken Coda - Bleach tome 7,7.2,187,596,50.419463087248324,P50–75,296.0,278–314,282,37,277,46.47651006711409,https://www.senscritique.com/bd/the_broken_coda_bleach_tome_7/17771225
SensCritique,Manga,Bleach,8,"The Blade and Me - Bleach, tome 8",7.2,182,596,50.419463087248324,P50–75,296.0,278–314,282,37,277,46.47651006711409,https://www.senscritique.com/bd/the_blade_and_me_bleach_tome_8/17771314
SensCritique,Manga,Demon Slayer,10,"Demon Slayer, tome 10",7.2,203,596,50.419463087248324,P50–75,296.0,278–314,282,37,277,46.47651006711409,https://www.senscritique.com/bd/demon_slayer_tome_10/38783512
SensCritique,Manga,Demon Slayer,18,"Demon Slayer, tome 18",7.2,182,596,50.419463087248324,P50–75,296.0,278–314,282,37,277,46.47651006711409,https://www.senscritique.com/bd/demon_slayer_tome_18/40740294
SensCritique,Manga,Jujutsu Kaisen,24,"Naissance de la matrice : récursion - Jujutsu Kaisen, tome 24",7.2,76,596,50.419463087248324,P50–75,296.0,278–314,282,37,277,46.47651006711409,https://www.senscritique.com/bd/jujutsu_kaisen_tome_24/59972803
SensCritique,Manga,Jujutsu Kaisen,7,"Instinct grégaire - Jujutsu Kaisen, tome 7",7.2,218,596,50.419463087248324,P50–75,296.0,278–314,282,37,277,46.47651006711409,https://www.senscritique.com/bd/instinct_gregaire_jujutsu_kaisen_tome_7/41191239
SensCritique,Arthur — texte fondateur,Légende arthurienne — textes fondateurs,v. 1181,Lancelot ou le Chevalier de la Charrette,7.2,1500,596,50.419463087248324,P50–75,296.0,278–314,282,37,277,46.47651006711409,https://www.senscritique.com/livre/lancelot_ou_le_chevalier_de_la_charrette/118663
SensCritique,Manga,Magi,12,"Magi : The Labyrinth of Magic, tome 12",7.2,18,596,50.419463087248324,P50–75,296.0,278–314,282,37,277,46.47651006711409,https://www.senscritique.com/bd/magi_the_labyrinth_of_magic_tome_12/17931496
SensCritique,Manga,My Hero Academia,2,"Déchaîne-toi, maudit nerd ! - My Hero Academia, tome 2",7.2,594,596,50.419463087248324,P50–75,296.0,278–314,282,37,277,46.47651006711409,https://www.senscritique.com/bd/dechaine_toi_maudit_nerd_my_hero_academia_tome_2/18352864
SensCritique,Manga,My Hero Academia,23,"Mêlée générale - My Hero Academia, tome 23",7.2,193,596,50.419463087248324,P50–75,296.0,278–314,282,37,277,46.47651006711409,https://www.senscritique.com/bd/melee_generale_my_hero_academia_tome_23/39247104
SensCritique,Manga,My Hero Academia,3,"All Might - My Hero Academia, tome 3",7.2,486,596,50.419463087248324,P50–75,296.0,278–314,282,37,277,46.47651006711409,https://www.senscritique.com/bd/all_might_my_hero_academia_tome_3/19653538
SensCritique,Manga,My Hero Academia,4,"Celui qui avait tout - My Hero Academia, tome 4",7.2,475,596,50.419463087248324,P50–75,296.0,278–314,282,37,277,46.47651006711409,https://www.senscritique.com/bd/celui_qui_avait_tout_my_hero_academia_tome_4/19653539
SensCritique,Manga,My Hero Academia,8,"Momo Yaoyorozu : L'Envol - My Hero Academia, tome 8",7.2,352,596,50.419463087248324,P50–75,296.0,278–314,282,37,277,46.47651006711409,https://www.senscritique.com/bd/momo_yaoyorozu_l_envol_my_hero_academia_tome_8/22195137
SensCritique,Manga,Naruto,1,"Naruto Uzumaki !! - Naruto, tome 1",7.2,835,596,50.419463087248324,P50–75,296.0,278–314,282,37,277,46.47651006711409,https://www.senscritique.com/bd/naruto_uzumaki_naruto_tome_1/13019798
SensCritique,Manga,Naruto,11,"Mon nouveau prof !! - Naruto, tome 11",7.2,484,596,50.419463087248324,P50–75,296.0,278–314,282,37,277,46.47651006711409,https://www.senscritique.com/bd/mon_nouveau_prof_naruto_tome_11/15111009
SensCritique,Manga,Naruto,17,"La Puissance d'Itachi !! - Naruto, tome 17",7.2,448,596,50.419463087248324,P50–75,296.0,278–314,282,37,277,46.47651006711409,https://www.senscritique.com/bd/la_puissance_d_itachi_naruto_tome_17/15117312
SensCritique,Manga,Naruto,18,"La Décision de Tsunade !! - Naruto, tome 18",7.2,447,596,50.419463087248324,P50–75,296.0,278–314,282,37,277,46.47651006711409,https://www.senscritique.com/bd/la_decision_de_tsunade_naruto_tome_18/15120515
SensCritique,Manga,Naruto,21,"Sans pitié !! - Naruto, tome 21",7.2,429,596,50.419463087248324,P50–75,296.0,278–314,282,37,277,46.47651006711409,https://www.senscritique.com/bd/sans_pitie_naruto_tome_21/15121587
SensCritique,Manga,Naruto,22,"Réincarnation…!! - Naruto, tome 22",7.2,439,596,50.419463087248324,P50–75,296.0,278–314,282,37,277,46.47651006711409,https://www.senscritique.com/bd/reincarnation_naruto_tome_22/15121614
SensCritique,Manga,Naruto,6,"La Détermination de Sakura !! - Naruto, tome 6",7.2,558,596,50.419463087248324,P50–75,296.0,278–314,282,37,277,46.47651006711409,https://www.senscritique.com/bd/la_determination_de_sakura_naruto_tome_6/16638075
SensCritique,Manga,One Piece,15,"Droit devant !! - One Piece, tome 15",7.2,707,596,50.419463087248324,P50–75,296.0,278–314,282,37,277,46.47651006711409,https://www.senscritique.com/bd/droit_devant_one_piece_tome_15/15796121
SensCritique,Manga,One Piece,27,"Prélude - One Piece, tome 27",7.2,576,596,50.419463087248324,P50–75,296.0,278–314,282,37,277,46.47651006711409,https://www.senscritique.com/bd/prelude_one_piece_tome_27/17475523
SensCritique,Manga,One Piece,3,"Une Vérité qui blesse - One Piece, tome 3",7.2,1057,596,50.419463087248324,P50–75,296.0,278–314,282,37,277,46.47651006711409,https://www.senscritique.com/bd/une_verite_qui_blesse_one_piece_tome_3/13112218
SensCritique,Manga,One Piece,4,"Attaque au clair de lune - One Piece, tome 4",7.2,985,596,50.419463087248324,P50–75,296.0,278–314,282,37,277,46.47651006711409,https://www.senscritique.com/bd/attaque_au_clair_de_lune_one_piece_tome_4/10386608
SensCritique,Manga,One Piece,47,"Temps couvert avec chutes d'os par moments - One Piece, tome 47",7.2,511,596,50.419463087248324,P50–75,296.0,278–314,282,37,277,46.47651006711409,https://www.senscritique.com/bd/temps_couvert_avec_chutes_d_os_par_moments_one_piece_tome_47/17476616
SensCritique,Manga,One Piece,5,"Pour qui sonne le glas - One Piece, tome 5",7.2,912,596,50.419463087248324,P50–75,296.0,278–314,282,37,277,46.47651006711409,https://www.senscritique.com/bd/pour_qui_sonne_le_glas_one_piece_tome_5/15796008
SensCritique,Manga,One Piece,68,"Alliance entre pirates - One Piece, tome 68",7.2,447,596,50.419463087248324,P50–75,296.0,278–314,282,37,277,46.47651006711409,https://www.senscritique.com/bd/alliance_entre_pirates_one_piece_tome_68/17476732
SensCritique,Manga,Black Clover,24,"Black Clover, tome 24",7.1,37,596,45.63758389261745,P25–50,324.5,315–334,262,20,314,52.68456375838926,https://www.senscritique.com/bd/black_clover_tome_24/43214519
SensCritique,Manga,Black Clover,27,"Black Clover, tome 27",7.1,31,596,45.63758389261745,P25–50,324.5,315–334,262,20,314,52.68456375838926,https://www.senscritique.com/bd/black_clover_tome_27/44863075
SensCritique,Manga,Bleach,22,"Conquistadores - Bleach, tome 22",7.1,149,596,45.63758389261745,P25–50,324.5,315–334,262,20,314,52.68456375838926,https://www.senscritique.com/bd/conquistadores_bleach_tome_22/19150321
SensCritique,Manga,Bleach,23,"Mala Suerte ! - Bleach, tome 23",7.1,145,596,45.63758389261745,P25–50,324.5,315–334,262,20,314,52.68456375838926,https://www.senscritique.com/bd/mala_suerte_bleach_tome_23/19150322
SensCritique,Manga,Bleach,35,"Higher Than the Moon - Bleach, tome 35",7.1,122,596,45.63758389261745,P25–50,324.5,315–334,262,20,314,52.68456375838926,https://www.senscritique.com/bd/higher_than_the_moon_bleach_tome_35/19574758
SensCritique,Manga,Demon Slayer,20,"Demon Slayer, tome 20",7.1,174,596,45.63758389261745,P25–50,324.5,315–334,262,20,314,52.68456375838926,https://www.senscritique.com/bd/demon_slayer_tome_20/41806213
SensCritique,Manga,Jujutsu Kaisen,19,"Tokyo 1 : Un homme en colère - Jujutsu Kaisen, tome 19",7.1,108,596,45.63758389261745,P25–50,324.5,315–334,262,20,314,52.68456375838926,https://www.senscritique.com/bd/jujutsu_kaisen_tome_19/47245073
SensCritique,Manga,Jujutsu Kaisen,2,"Malédiction - Jujutsu Kaisen, tome 2",7.1,309,596,45.63758389261745,P25–50,324.5,315–334,262,20,314,52.68456375838926,https://www.senscritique.com/bd/malediction_jujutsu_kaisen_tome_2/39730507
SensCritique,Manga,Jujutsu Kaisen,20,"Sendai : En pleines festivités - Jujutsu Kaisen, tome 20",7.1,94,596,45.63758389261745,P25–50,324.5,315–334,262,20,314,52.68456375838926,https://www.senscritique.com/bd/jujutsu_kaisen_tome_20/50657086
SensCritique,Arthur — texte fondateur,Légende arthurienne — textes fondateurs,v. 1170,Erec et Enide,7.1,388,596,45.63758389261745,P25–50,324.5,315–334,262,20,314,52.68456375838926,https://www.senscritique.com/livre/erec_et_enide/152126
SensCritique,Arthur — texte fondateur,Légende arthurienne — textes fondateurs,v. 1176,Cligès,7.1,117,596,45.63758389261745,P25–50,324.5,315–334,262,20,314,52.68456375838926,https://www.senscritique.com/livre/Cliges/121006
SensCritique,Manga,Magi,18,"Magi : The Labyrinth of Magic, tome 18",7.1,16,596,45.63758389261745,P25–50,324.5,315–334,262,20,314,52.68456375838926,https://www.senscritique.com/bd/magi_the_labyrinth_of_magic_tome_18/17931623
SensCritique,Manga,My Hero Academia,1,"Izuku Midoriya : Les Origines - My Hero Academia, tome 1",7.1,834,596,45.63758389261745,P25–50,324.5,315–334,262,20,314,52.68456375838926,https://www.senscritique.com/bd/izuku_midoriya_les_origines_my_hero_academia_tome_1/18352863
SensCritique,Manga,My Hero Academia,26,"Sous un ciel d'azur - My Hero Academia, tome 26",7.1,178,596,45.63758389261745,P25–50,324.5,315–334,262,20,314,52.68456375838926,https://www.senscritique.com/bd/sous_un_ciel_d_azur_my_hero_academia_tome_26/41334983
SensCritique,Manga,Naruto,20,"Naruto versus Sasuke !! - Naruto, tome 20",7.1,431,596,45.63758389261745,P25–50,324.5,315–334,262,20,314,52.68456375838926,https://www.senscritique.com/bd/naruto_versus_sasuke_naruto_tome_20/15121110
SensCritique,Manga,Naruto,31,"Testament !! - Naruto, tome 31",7.1,401,596,45.63758389261745,P25–50,324.5,315–334,262,20,314,52.68456375838926,https://www.senscritique.com/bd/testament_naruto_tome_31/15302847
SensCritique,Manga,Naruto,36,"L'Unité 10 - Naruto, tome 36",7.1,375,596,45.63758389261745,P25–50,324.5,315–334,262,20,314,52.68456375838926,https://www.senscritique.com/bd/l_unite_10_naruto_tome_36/15428726
SensCritique,Manga,Naruto,48,"Hourras au village !! - Naruto, tome 48",7.1,353,596,45.63758389261745,P25–50,324.5,315–334,262,20,314,52.68456375838926,https://www.senscritique.com/bd/hourras_au_village_naruto_tome_48/16066599
SensCritique,Manga,One Piece,2,"Luffy versus la bande à Baggy !! - One Piece, tome 2",7.1,1154,596,45.63758389261745,P25–50,324.5,315–334,262,20,314,52.68456375838926,https://www.senscritique.com/bd/luffy_versus_la_bande_a_baggy_one_piece_tome_2/13038425
SensCritique,Manga,One Piece,67,"Cool Fight - One Piece, tome 67",7.1,451,596,45.63758389261745,P25–50,324.5,315–334,262,20,314,52.68456375838926,https://www.senscritique.com/bd/cool_fight_one_piece_tome_67/17476731
SensCritique,Manga,Bleach,25,"No Shaking Throne - Bleach, tome 25",7.0,145,596,41.02348993288591,P25–50,352.0,335–369,227,35,334,56.04026845637584,https://www.senscritique.com/bd/no_shaking_throne_bleach_tome_25/19150324
SensCritique,Manga,Bleach,33,"The Bad Joke - Bleach, tome 33",7.0,125,596,41.02348993288591,P25–50,352.0,335–369,227,35,334,56.04026845637584,https://www.senscritique.com/bd/the_bad_joke_bleach_tome_33/19574751
SensCritique,Manga,Bleach,36,"Turn Back the Pendulum - Bleach, tome 36",7.0,120,596,41.02348993288591,P25–50,352.0,335–369,227,35,334,56.04026845637584,https://www.senscritique.com/bd/turn_back_the_pendulum_bleach_tome_36/19601369
SensCritique,Manga,Bleach,37,"Beauty Is So Solitary - Bleach, tome 37",7.0,119,596,41.02348993288591,P25–50,352.0,335–369,227,35,334,56.04026845637584,https://www.senscritique.com/bd/beauty_is_so_solitary_bleach_tome_37/19601370
SensCritique,Manga,Bleach,39,"El Verdugo - Bleach, tome 39",7.0,119,596,41.02348993288591,P25–50,352.0,335–369,227,35,334,56.04026845637584,https://www.senscritique.com/bd/el_verdugo_bleach_tome_39/19601375
SensCritique,Manga,Bleach,42,"Shock of the Queen - Bleach, tome 42",7.0,116,596,41.02348993288591,P25–50,352.0,335–369,227,35,334,56.04026845637584,https://www.senscritique.com/bd/shock_of_the_queen_bleach_tome_42/19601378
SensCritique,Manga,Bleach,44,"Vice It - Bleach, tome 44",7.0,112,596,41.02348993288591,P25–50,352.0,335–369,227,35,334,56.04026845637584,https://www.senscritique.com/bd/vice_it_bleach_tome_44/19601414
SensCritique,Manga,Bleach,6,"The Death Trilogy Overture - Bleach, tome 6",7.0,199,596,41.02348993288591,P25–50,352.0,335–369,227,35,334,56.04026845637584,https://www.senscritique.com/bd/the_death_trilogy_overture_bleach_tome_6/17690244
SensCritique,Manga,Demon Slayer,16,"Demon Slayer, tome 16",7.0,188,596,41.02348993288591,P25–50,352.0,335–369,227,35,334,56.04026845637584,https://www.senscritique.com/bd/demon_slayer_tome_16/39728327
SensCritique,Manga,Demon Slayer,19,"Demon Slayer, tome 19",7.0,173,596,41.02348993288591,P25–50,352.0,335–369,227,35,334,56.04026845637584,https://www.senscritique.com/bd/demon_slayer_tome_19/41233205
SensCritique,Manga,Demon Slayer,7,"Demon Slayer, tome 7",7.0,212,596,41.02348993288591,P25–50,352.0,335–369,227,35,334,56.04026845637584,https://www.senscritique.com/bd/demon_slayer_tome_7/38783509
SensCritique,Manga,Demon Slayer,9,"Demon Slayer, tome 9",7.0,212,596,41.02348993288591,P25–50,352.0,335–369,227,35,334,56.04026845637584,https://www.senscritique.com/bd/demon_slayer_tome_9/38783511
SensCritique,Manga,Hunter × Hunter,36,"Hunter X Hunter, tome 36",7.0,149,596,41.02348993288591,P25–50,352.0,335–369,227,35,334,56.04026845637584,https://www.senscritique.com/bd/hunter_x_hunter_tome_36/38467507
SensCritique,Manga,Jujutsu Kaisen,18,"La Passion - Jujutsu Kaisen, tome 18",7.0,119,596,41.02348993288591,P25–50,352.0,335–369,227,35,334,56.04026845637584,https://www.senscritique.com/bd/jujutsu_kaisen_tome_18/45492410
SensCritique,Manga,Jujutsu Kaisen,23,"L'Étoile et l'Énergie - Jujutsu Kaisen, tome 23",7.0,80,596,41.02348993288591,P25–50,352.0,335–369,227,35,334,56.04026845637584,https://www.senscritique.com/bd/l_etoile_et_l_energie_jujutsu_kaisen_tome_23/56531390
SensCritique,Manga,Jujutsu Kaisen,25,"La Bataille du no man's land de Shinjuku - Jujutsu Kaisen, tome 25",7.0,69,596,41.02348993288591,P25–50,352.0,335–369,227,35,334,56.04026845637584,https://www.senscritique.com/bd/jujutsu_kaisen_tome_25/69385675
SensCritique,Manga,Jujutsu Kaisen,3,"Retour de bâton - Jujutsu Kaisen, tome 3",7.0,269,596,41.02348993288591,P25–50,352.0,335–369,227,35,334,56.04026845637584,https://www.senscritique.com/bd/retour_de_baton_jujutsu_kaisen_tome_3/39801230
SensCritique,Manga,Jujutsu Kaisen,5,"Le Tournoi - Jujutsu Kaisen, tome 5",7.0,238,596,41.02348993288591,P25–50,352.0,335–369,227,35,334,56.04026845637584,https://www.senscritique.com/bd/le_tournoi_jujutsu_kaisen_tome_5/39804365
SensCritique,Arthur — texte fondateur,Légende arthurienne — textes fondateurs,v. 1176,Le Chevalier au lion,7.0,1932,596,41.02348993288591,P25–50,352.0,335–369,227,35,334,56.04026845637584,https://www.senscritique.com/livre/le_chevalier_au_lion/120877
SensCritique,Manga,Magi,17,"Magi : The Labyrinth of Magic, tome 17",7.0,18,596,41.02348993288591,P25–50,352.0,335–369,227,35,334,56.04026845637584,https://www.senscritique.com/bd/magi_the_labyrinth_of_magic_tome_17/17931622
SensCritique,Manga,Magi,19,"Magi : The Labyrinth of Magic, tome 19",7.0,17,596,41.02348993288591,P25–50,352.0,335–369,227,35,334,56.04026845637584,https://www.senscritique.com/bd/magi_the_labyrinth_of_magic_tome_19/17931624
SensCritique,Manga,Magi,2,"Magi : The Labyrinth of Magic, tome 2",7.0,32,596,41.02348993288591,P25–50,352.0,335–369,227,35,334,56.04026845637584,https://www.senscritique.com/bd/magi_the_labyrinth_of_magic_tome_2/17931380
SensCritique,Manga,Magi,3,"Magi : The Labyrinth of Magic, tome 3",7.0,28,596,41.02348993288591,P25–50,352.0,335–369,227,35,334,56.04026845637584,https://www.senscritique.com/bd/magi_the_labyrinth_of_magic_tome_3/17931381
SensCritique,Manga,Magi,4,"Magi : The Labyrinth of Magic, tome 4",7.0,25,596,41.02348993288591,P25–50,352.0,335–369,227,35,334,56.04026845637584,https://www.senscritique.com/bd/magi_the_labyrinth_of_magic_tome_4/17931382
SensCritique,Manga,Magi,7,"Magi : The Labyrinth of Magic, tome 7",7.0,20,596,41.02348993288591,P25–50,352.0,335–369,227,35,334,56.04026845637584,https://www.senscritique.com/bd/magi_the_labyrinth_of_magic_tome_7/17931455
SensCritique,Manga,Magi,8,"Magi : The Labyrinth of Magic, tome 8",7.0,19,596,41.02348993288591,P25–50,352.0,335–369,227,35,334,56.04026845637584,https://www.senscritique.com/bd/magi_the_labyrinth_of_magic_tome_8/17931456
SensCritique,Manga,My Hero Academia,20,"La fête de Yuei commence - My Hero Academia, tome 20",7.0,204,596,41.02348993288591,P25–50,352.0,335–369,227,35,334,56.04026845637584,https://www.senscritique.com/bd/la_fete_de_yuei_commence_my_hero_academia_tome_20/36276636
SensCritique,Manga,Naruto,23,"Crise…!! - Naruto, tome 23",7.0,425,596,41.02348993288591,P25–50,352.0,335–369,227,35,334,56.04026845637584,https://www.senscritique.com/bd/crise_naruto_tome_23/15121633
SensCritique,Manga,Naruto,30,"Chiyo et Sakura - Naruto, tome 30",7.0,411,596,41.02348993288591,P25–50,352.0,335–369,227,35,334,56.04026845637584,https://www.senscritique.com/bd/chiyo_et_sakura_naruto_tome_30/15121768
SensCritique,Manga,Naruto,40,"L'Art ultime !! - Naruto, tome 40",7.0,383,596,41.02348993288591,P25–50,352.0,335–369,227,35,334,56.04026845637584,https://www.senscritique.com/bd/l_art_ultime_naruto_tome_40/15428731
SensCritique,Manga,Naruto,41,"Le Choix de Jiraya !! - Naruto, tome 41",7.0,379,596,41.02348993288591,P25–50,352.0,335–369,227,35,334,56.04026845637584,https://www.senscritique.com/bd/le_choix_de_jiraya_naruto_tome_41/15491265
SensCritique,Manga,Naruto,45,"Konoha, théâtre de guerre !! - Naruto, tome 45",7.0,360,596,41.02348993288591,P25–50,352.0,335–369,227,35,334,56.04026845637584,https://www.senscritique.com/bd/konoha_theatre_de_guerre_naruto_tome_45/15491269
SensCritique,Manga,Naruto,53,"La Naissance de Naruto - Naruto, tome 53",7.0,339,596,41.02348993288591,P25–50,352.0,335–369,227,35,334,56.04026845637584,https://www.senscritique.com/bd/la_naissance_de_naruto_naruto_tome_53/15799655
SensCritique,Manga,One Piece,64,"100 000 vs 10 - One Piece, tome 64",7.0,479,596,41.02348993288591,P25–50,352.0,335–369,227,35,334,56.04026845637584,https://www.senscritique.com/bd/100_000_vs_10_one_piece_tome_64/17476713
SensCritique,Manga,One Piece,66,"Vers le soleil - One Piece, tome 66",7.0,461,596,41.02348993288591,P25–50,352.0,335–369,227,35,334,56.04026845637584,https://www.senscritique.com/bd/vers_le_soleil_one_piece_tome_66/17476717
SensCritique,Manga,Black Clover,29,"Black Clover, tome 29",6.9,22,596,36.3255033557047,P25–50,380.0,370–390,206,21,369,61.91275167785235,https://www.senscritique.com/bd/black_clover_tome_29/45493564
SensCritique,Manga,Black Clover,30,"Black Clover, tome 30",6.9,21,596,36.3255033557047,P25–50,380.0,370–390,206,21,369,61.91275167785235,https://www.senscritique.com/bd/black_clover_tome_30/46721179
SensCritique,Manga,Bleach,10,"Tattoo on the Sky - Bleach, tome 10",6.9,176,596,36.3255033557047,P25–50,380.0,370–390,206,21,369,61.91275167785235,https://www.senscritique.com/bd/tattoo_on_the_sky_bleach_tome_10/17771465
SensCritique,Manga,Bleach,31,"Don't Kill My Volupture - Bleach, tome 31",6.9,124,596,36.3255033557047,P25–50,380.0,370–390,206,21,369,61.91275167785235,https://www.senscritique.com/bd/don_t_kill_my_volupture_bleach_tome_31/19574744
SensCritique,Manga,Bleach,46,"Back From Blind - Bleach, tome 46",6.9,113,596,36.3255033557047,P25–50,380.0,370–390,206,21,369,61.91275167785235,https://www.senscritique.com/bd/back_from_blind_bleach_tome_46/19601420
SensCritique,Manga,Bleach,47,"End Of The Chrysalis Age - Bleach, tome 47",6.9,117,596,36.3255033557047,P25–50,380.0,370–390,206,21,369,61.91275167785235,https://www.senscritique.com/bd/end_of_the_chrysalis_age_bleach_tome_47/19601421
SensCritique,Manga,Bleach,57,"Out Of Bloom - Bleach, tome 57",6.9,93,596,36.3255033557047,P25–50,380.0,370–390,206,21,369,61.91275167785235,https://www.senscritique.com/bd/out_of_bloom_bleach_tome_57/17472995
SensCritique,Manga,Demon Slayer,17,"Demon Slayer, tome 17",6.9,188,596,36.3255033557047,P25–50,380.0,370–390,206,21,369,61.91275167785235,https://www.senscritique.com/bd/demon_slayer_tome_17/40364233
SensCritique,Manga,Demon Slayer,5,"Demon Slayer, tome 5",6.9,244,596,36.3255033557047,P25–50,380.0,370–390,206,21,369,61.91275167785235,https://www.senscritique.com/bd/demon_slayer_tome_5/38783505
SensCritique,Manga,Magi,13,"Magi : The Labyrinth of Magic, tome 13",6.9,17,596,36.3255033557047,P25–50,380.0,370–390,206,21,369,61.91275167785235,https://www.senscritique.com/bd/magi_the_labyrinth_of_magic_tome_13/17931497
SensCritique,Manga,Magi,14,"Magi : The Labyrinth of Magic, tome 14",6.9,18,596,36.3255033557047,P25–50,380.0,370–390,206,21,369,61.91275167785235,https://www.senscritique.com/bd/magi_the_labyrinth_of_magic_tome_14/17931618
SensCritique,Manga,Magi,15,"Magi : The Labyrinth of Magic, tome 15",6.9,19,596,36.3255033557047,P25–50,380.0,370–390,206,21,369,61.91275167785235,https://www.senscritique.com/bd/magi_the_labyrinth_of_magic_tome_15/17931626
SensCritique,Manga,Magi,20,"Magi : The Labyrinth of Magic, tome 20",6.9,19,596,36.3255033557047,P25–50,380.0,370–390,206,21,369,61.91275167785235,https://www.senscritique.com/bd/magi_the_labyrinth_of_magic_tome_20/17931648
SensCritique,Manga,Magi,6,"Magi : The Labyrinth of Magic, tome 6",6.9,21,596,36.3255033557047,P25–50,380.0,370–390,206,21,369,61.91275167785235,https://www.senscritique.com/bd/magi_the_labyrinth_of_magic_tome_6/17931384
SensCritique,Manga,Magi,9,"Magi : The Labyrinth of Magic, tome 9",6.9,19,596,36.3255033557047,P25–50,380.0,370–390,206,21,369,61.91275167785235,https://www.senscritique.com/bd/magi_the_labyrinth_of_magic_tome_9/17931458
SensCritique,Manga,My Hero Academia,22,"L'Héritage - My Hero Academia, tome 22",6.9,199,596,36.3255033557047,P25–50,380.0,370–390,206,21,369,61.91275167785235,https://www.senscritique.com/bd/l_heritage_my_hero_academia_tome_22/38916976
SensCritique,Manga,Naruto,28,"Le Retour au pays !! - Naruto, tome 28",6.9,419,596,36.3255033557047,P25–50,380.0,370–390,206,21,369,61.91275167785235,https://www.senscritique.com/bd/le_retour_au_pays_naruto_tome_28/15121725
SensCritique,Manga,Naruto,29,"Kakashi versus Itachi !! - Naruto, tome 29",6.9,411,596,36.3255033557047,P25–50,380.0,370–390,206,21,369,61.91275167785235,https://www.senscritique.com/bd/kakashi_versus_itachi_naruto_tome_29/15121746
SensCritique,Manga,One Piece,33,"Davy Back Fight !! - One Piece, tome 33",6.9,599,596,36.3255033557047,P25–50,380.0,370–390,206,21,369,61.91275167785235,https://www.senscritique.com/bd/davy_back_fight_one_piece_tome_33/219045
SensCritique,Manga,One Piece,63,"Otohime et Tiger - One Piece, tome 63",6.9,464,596,36.3255033557047,P25–50,380.0,370–390,206,21,369,61.91275167785235,https://www.senscritique.com/bd/otohime_et_tiger_one_piece_tome_63/17476712
SensCritique,Manga,One Piece,65,"Table rase - One Piece, tome 65",6.9,460,596,36.3255033557047,P25–50,380.0,370–390,206,21,369,61.91275167785235,https://www.senscritique.com/bd/table_rase_one_piece_tome_65/17476714
SensCritique,Manga,Black Clover,14,"Black Clover, tome 14",6.8,54,596,32.88590604026846,P25–50,400.5,391–410,186,20,390,65.43624161073825,https://www.senscritique.com/bd/black_clover_tome_14/36165934
SensCritique,Manga,Black Clover,16,"Black Clover, tome 16",6.8,49,596,32.88590604026846,P25–50,400.5,391–410,186,20,390,65.43624161073825,https://www.senscritique.com/bd/black_clover_tome_16/38837618
SensCritique,Manga,Black Clover,4,"Black Clover, tome 4",6.8,115,596,32.88590604026846,P25–50,400.5,391–410,186,20,390,65.43624161073825,https://www.senscritique.com/bd/black_clover_tome_4/24067924
SensCritique,Manga,Bleach,1,"The Death and the Strawberry - Bleach, tome 1",6.8,277,596,32.88590604026846,P25–50,400.5,391–410,186,20,390,65.43624161073825,https://www.senscritique.com/bd/the_death_and_the_strawberry_bleach_tome_1/15331210
SensCritique,Manga,Bleach,21,"Be My Family Or Not - Bleach, tome 21",6.8,151,596,32.88590604026846,P25–50,400.5,391–410,186,20,390,65.43624161073825,https://www.senscritique.com/bd/be_my_family_or_not_bleach_tome_21/19150320
SensCritique,Manga,Bleach,30,"There Is No Heart Without You - Bleach, tome 30",6.8,126,596,32.88590604026846,P25–50,400.5,391–410,186,20,390,65.43624161073825,https://www.senscritique.com/bd/there_is_no_heart_without_you_bleach_tome_30/19574743
SensCritique,Manga,Bleach,38,"Fear For Fight - Bleach, tome 38",6.8,116,596,32.88590604026846,P25–50,400.5,391–410,186,20,390,65.43624161073825,https://www.senscritique.com/bd/fear_for_fight_bleach_tome_38/19601371
SensCritique,Manga,Demon Slayer,14,"Demon Slayer, tome 14",6.8,189,596,32.88590604026846,P25–50,400.5,391–410,186,20,390,65.43624161073825,https://www.senscritique.com/bd/demon_slayer_tome_14/38843570
SensCritique,Manga,Demon Slayer,2,"Demon Slayer, tome 2",6.8,335,596,32.88590604026846,P25–50,400.5,391–410,186,20,390,65.43624161073825,https://www.senscritique.com/bd/demon_slayer_tome_2/27747295
SensCritique,Manga,Demon Slayer,21,"Demon Slayer, tome 21",6.8,165,596,32.88590604026846,P25–50,400.5,391–410,186,20,390,65.43624161073825,https://www.senscritique.com/bd/demon_slayer_tome_21/42471434
SensCritique,Manga,Demon Slayer,4,"Demon Slayer, tome 4",6.8,262,596,32.88590604026846,P25–50,400.5,391–410,186,20,390,65.43624161073825,https://www.senscritique.com/bd/demon_slayer_tome_4/37830220
SensCritique,Manga,Jujutsu Kaisen,1,"Ryomen Sukuna - Jujutsu Kaisen, tome 1",6.8,375,596,32.88590604026846,P25–50,400.5,391–410,186,20,390,65.43624161073825,https://www.senscritique.com/bd/ryomen_sukuna_jujutsu_kaisen_tome_1/39730504
SensCritique,Manga,Jujutsu Kaisen,22,"Sakurajima : Réincarnation - Jujutsu Kaisen, tome 22",6.8,86,596,32.88590604026846,P25–50,400.5,391–410,186,20,390,65.43624161073825,https://www.senscritique.com/bd/jujutsu_kaisen_tome_22/55311000
SensCritique,Manga,Magi,11,"Magi : The Labyrinth of Magic, tome 11",6.8,18,596,32.88590604026846,P25–50,400.5,391–410,186,20,390,65.43624161073825,https://www.senscritique.com/bd/magi_the_labyrinth_of_magic_tome_11/17931460
SensCritique,Manga,Magi,16,"Magi : The Labyrinth of Magic, tome 16",6.8,18,596,32.88590604026846,P25–50,400.5,391–410,186,20,390,65.43624161073825,https://www.senscritique.com/bd/magi_the_labyrinth_of_magic_tome_16/17931621
SensCritique,Manga,Magi,22,"Magi : The Labyrinth of Magic, tome 22",6.8,18,596,32.88590604026846,P25–50,400.5,391–410,186,20,390,65.43624161073825,https://www.senscritique.com/bd/magi_the_labyrinth_of_magic_tome_22/19949733
SensCritique,Manga,Naruto,33,"Mission top secret…!! - Naruto, tome 33",6.8,388,596,32.88590604026846,P25–50,400.5,391–410,186,20,390,65.43624161073825,https://www.senscritique.com/bd/mission_top_secret_naruto_tome_33/15316946
SensCritique,Manga,Naruto,38,"Le Fruit de l'entraînement…!! - Naruto, tome 38",6.8,374,596,32.88590604026846,P25–50,400.5,391–410,186,20,390,65.43624161073825,https://www.senscritique.com/bd/le_fruit_de_l_entrainement_naruto_tome_38/15428728
SensCritique,Manga,Naruto,44,"Traditions d'ermite… !! - Naruto, tome 44",6.8,369,596,32.88590604026846,P25–50,400.5,391–410,186,20,390,65.43624161073825,https://www.senscritique.com/bd/traditions_d_ermite_naruto_tome_44/15491268
SensCritique,Manga,One Piece,62,"Périple sur l'île des hommes-poissons - One Piece, tome 62",6.8,505,596,32.88590604026846,P25–50,400.5,391–410,186,20,390,65.43624161073825,https://www.senscritique.com/bd/periple_sur_l_ile_des_hommes_poissons_one_piece_tome_62/17476710
SensCritique,Manga,Black Clover,15,"Black Clover, tome 15",6.7,51,596,29.78187919463087,P25–50,419.0,411–427,169,17,410,68.79194630872483,https://www.senscritique.com/bd/black_clover_tome_15/38363234
SensCritique,Manga,Black Clover,23,"Black Clover, tome 23",6.7,37,596,29.78187919463087,P25–50,419.0,411–427,169,17,410,68.79194630872483,https://www.senscritique.com/bd/black_clover_tome_23/42714971
SensCritique,Manga,Black Clover,28,"Black Clover, tome 28",6.7,30,596,29.78187919463087,P25–50,419.0,411–427,169,17,410,68.79194630872483,https://www.senscritique.com/bd/black_clover_tome_28/45417192
SensCritique,Manga,Black Clover,31,"Black Clover, tome 31",6.7,19,596,29.78187919463087,P25–50,419.0,411–427,169,17,410,68.79194630872483,https://www.senscritique.com/bd/black_clover_tome_31/51514749
SensCritique,Manga,Bleach,27,"Goodbye Halcyon Days - Bleach, tome 27",6.7,137,596,29.78187919463087,P25–50,419.0,411–427,169,17,410,68.79194630872483,https://www.senscritique.com/bd/goodbye_halcyon_days_bleach_tome_27/19150326
SensCritique,Manga,Bleach,5,"Rightarm of the Giant - Bleach, tome 5",6.7,206,596,29.78187919463087,P25–50,419.0,411–427,169,17,410,68.79194630872483,https://www.senscritique.com/bd/rightarm_of_the_giant_bleach_tome_5/17690243
SensCritique,Manga,Bleach,59,"The Battle - Bleach, tome 59",6.7,98,596,29.78187919463087,P25–50,419.0,411–427,169,17,410,68.79194630872483,https://www.senscritique.com/bd/the_battle_bleach_tome_59/18004953
SensCritique,Manga,Bleach,60,"Everything But The Rain - Bleach, tome 60",6.7,103,596,29.78187919463087,P25–50,419.0,411–427,169,17,410,68.79194630872483,https://www.senscritique.com/bd/everything_but_the_rain_bleach_tome_60/18004954
SensCritique,Manga,Bleach,9,"Fourteen Days for Conspiracy - Bleach, tome 9",6.7,176,596,29.78187919463087,P25–50,419.0,411–427,169,17,410,68.79194630872483,https://www.senscritique.com/bd/fourteen_days_for_conspiracy_bleach_tome_9/17771393
SensCritique,Manga,Demon Slayer,1,"Demon Slayer, tome 1",6.7,408,596,29.78187919463087,P25–50,419.0,411–427,169,17,410,68.79194630872483,https://www.senscritique.com/bd/demon_slayer_tome_1/27747294
SensCritique,Manga,Demon Slayer,13,"Demon Slayer, tome 13",6.7,187,596,29.78187919463087,P25–50,419.0,411–427,169,17,410,68.79194630872483,https://www.senscritique.com/bd/demon_slayer_tome_13/38843568
SensCritique,Manga,Demon Slayer,15,"Demon Slayer, tome 15",6.7,189,596,29.78187919463087,P25–50,419.0,411–427,169,17,410,68.79194630872483,https://www.senscritique.com/bd/demon_slayer_tome_15/39048593
SensCritique,Manga,Demon Slayer,6,"Demon Slayer, tome 6",6.7,218,596,29.78187919463087,P25–50,419.0,411–427,169,17,410,68.79194630872483,https://www.senscritique.com/bd/demon_slayer_tome_6/38783507
SensCritique,Manga,Fairy Tail,12,"Fairy Tail, tome 12",6.7,162,596,29.78187919463087,P25–50,419.0,411–427,169,17,410,68.79194630872483,https://www.senscritique.com/bd/fairy_tail_tome_12/17805507
SensCritique,Manga,Jujutsu Kaisen,21,"Tokyo 2 : Grande chance - Jujutsu Kaisen, tome 21",6.7,87,596,29.78187919463087,P25–50,419.0,411–427,169,17,410,68.79194630872483,https://www.senscritique.com/bd/jujutsu_kaisen_tome_21/55310377
SensCritique,Manga,Magi,10,"Magi : The Labyrinth of Magic, tome 10",6.7,18,596,29.78187919463087,P25–50,419.0,411–427,169,17,410,68.79194630872483,https://www.senscritique.com/bd/magi_the_labyrinth_of_magic_tome_10/17931459
SensCritique,Manga,Magi,26,"Magi : The Labyrinth of Magic, tome 26",6.7,16,596,29.78187919463087,P25–50,419.0,411–427,169,17,410,68.79194630872483,https://www.senscritique.com/bd/magi_the_labyrinth_of_magic_tome_26/25240861
SensCritique,Manga,Black Clover,13,"Black Clover, tome 13",6.6,58,596,26.845637583892618,P25–50,436.5,428–445,151,18,427,71.64429530201342,https://www.senscritique.com/bd/black_clover_tome_13/35794242
SensCritique,Manga,Black Clover,3,"Black Clover, tome 3",6.6,130,596,26.845637583892618,P25–50,436.5,428–445,151,18,427,71.64429530201342,https://www.senscritique.com/bd/black_clover_tome_3/23512820
SensCritique,Manga,Black Clover,35,"Black Clover, tome 35",6.6,9,596,26.845637583892618,P25–50,436.5,428–445,151,18,427,71.64429530201342,https://www.senscritique.com/bd/black_clover_tome_35/82303083
SensCritique,Manga,Black Clover,6,"Black Clover, tome 6",6.6,97,596,26.845637583892618,P25–50,436.5,428–445,151,18,427,71.64429530201342,https://www.senscritique.com/bd/black_clover_tome_6/25465596
SensCritique,Manga,Bleach,2,"Goodbye Parakeet, Goodnite my Sista - Bleach, tome 2",6.6,269,596,26.845637583892618,P25–50,436.5,428–445,151,18,427,71.64429530201342,https://www.senscritique.com/bd/goodbye_parakeet_goodnite_my_sista_bleach_tome_2/15331211
SensCritique,Manga,Bleach,26,"The Mascaron Drive - Bleach, tome 26",6.6,142,596,26.845637583892618,P25–50,436.5,428–445,151,18,427,71.64429530201342,https://www.senscritique.com/bd/the_mascaron_drive_bleach_tome_26/19150325
SensCritique,Manga,Bleach,28,"Baron’s Lecture Full Course - Bleach, tome 28",6.6,135,596,26.845637583892618,P25–50,436.5,428–445,151,18,427,71.64429530201342,https://www.senscritique.com/bd/barons_lecture_full_course_bleach_tome_28/19150327
SensCritique,Manga,Bleach,3,"Memories in the Rain - Bleach, tome 3",6.6,233,596,26.845637583892618,P25–50,436.5,428–445,151,18,427,71.64429530201342,https://www.senscritique.com/bd/memories_in_the_rain_bleach_tome_3/15411210
SensCritique,Manga,Bleach,70,"Friend - Bleach, tome 70",6.6,75,596,26.845637583892618,P25–50,436.5,428–445,151,18,427,71.64429530201342,https://www.senscritique.com/bd/friend_bleach_tome_70/23348929
SensCritique,Manga,Demon Slayer,12,"Demon Slayer, tome 12",6.6,200,596,26.845637583892618,P25–50,436.5,428–445,151,18,427,71.64429530201342,https://www.senscritique.com/bd/demon_slayer_tome_12/38808494
SensCritique,Manga,Demon Slayer,3,"Demon Slayer, tome 3",6.6,289,596,26.845637583892618,P25–50,436.5,428–445,151,18,427,71.64429530201342,https://www.senscritique.com/bd/demon_slayer_tome_3/29585660
SensCritique,Manga,Jujutsu Kaisen,26,"Vers le sud - Jujutsu Kaisen, tome 26",6.6,65,596,26.845637583892618,P25–50,436.5,428–445,151,18,427,71.64429530201342,https://www.senscritique.com/bd/jujutsu_kaisen_tome_26/83168041
SensCritique,Manga,Magi,1,"Magi : The Labyrinth of Magic, tome 1",6.6,48,596,26.845637583892618,P25–50,436.5,428–445,151,18,427,71.64429530201342,https://www.senscritique.com/bd/magi_the_labyrinth_of_magic_tome_1/17931352
SensCritique,Manga,Naruto,34,"Les Retrouvailles…!! - Naruto, tome 34",6.6,379,596,26.845637583892618,P25–50,436.5,428–445,151,18,427,71.64429530201342,https://www.senscritique.com/bd/les_retrouvailles_naruto_tome_34/15317731
SensCritique,Manga,Naruto,35,"Un nouveau duo !! - Naruto, tome 35",6.6,380,596,26.845637583892618,P25–50,436.5,428–445,151,18,427,71.64429530201342,https://www.senscritique.com/bd/un_nouveau_duo_naruto_tome_35/15428725
SensCritique,Manga,Naruto,49,"Le Conseil des cinq Kage… !! - Naruto, tome 49",6.6,355,596,26.845637583892618,P25–50,436.5,428–445,151,18,427,71.64429530201342,https://www.senscritique.com/bd/le_conseil_des_cinq_kage_naruto_tome_49/16066601
SensCritique,Manga,Naruto,51,"Sasuke vs Danzô… !! - Naruto, tome 51",6.6,345,596,26.845637583892618,P25–50,436.5,428–445,151,18,427,71.64429530201342,https://www.senscritique.com/bd/sasuke_vs_danzo_naruto_tome_51/16625346
SensCritique,Manga,One Piece,115,"Ce qu'il y a de plus fort au monde - One Piece, tome 115",6.6,27,596,26.845637583892618,P25–50,436.5,428–445,151,18,427,71.64429530201342,https://www.senscritique.com/bd/ce_qu_il_y_a_de_plus_fort_au_monde_one_piece_tome_115/138065785
SensCritique,Manga,Black Clover,10,"Black Clover, tome 10",6.5,74,596,23.573825503355703,Sous P25,456.0,446–466,130,21,445,74.66442953020135,https://www.senscritique.com/bd/black_clover_tome_10/29079324
SensCritique,Manga,Black Clover,32,"Black Clover, tome 32",6.5,16,596,23.573825503355703,Sous P25,456.0,446–466,130,21,445,74.66442953020135,https://www.senscritique.com/bd/black_clover_tome_32/54702961
SensCritique,Manga,Black Clover,8,"Black Clover, tome 8",6.5,83,596,23.573825503355703,Sous P25,456.0,446–466,130,21,445,74.66442953020135,https://www.senscritique.com/bd/black_clover_tome_8/27658500
SensCritique,Manga,Black Clover,9,"Black Clover, tome 9",6.5,76,596,23.573825503355703,Sous P25,456.0,446–466,130,21,445,74.66442953020135,https://www.senscritique.com/bd/black_clover_tome_9/28518886
SensCritique,Manga,Bleach,29,"The Slashing Opera - Bleach, tome 29",6.5,128,596,23.573825503355703,Sous P25,456.0,446–466,130,21,445,74.66442953020135,https://www.senscritique.com/bd/the_slashing_opera_bleach_tome_29/19574742
SensCritique,Manga,Bleach,56,"March Of The Starcross - Bleach, tome 56",6.5,105,596,23.573825503355703,Sous P25,456.0,446–466,130,21,445,74.66442953020135,https://www.senscritique.com/bd/march_of_the_starcross_bleach_tome_56/17525093
SensCritique,Manga,Bleach,71,"Baby, Hold Your Hand - Bleach, tome 71",6.5,78,596,23.573825503355703,Sous P25,456.0,446–466,130,21,445,74.66442953020135,https://www.senscritique.com/bd/baby_hold_your_hand_bleach_tome_71/23348927
SensCritique,Manga,Demon Slayer,22,"Demon Slayer, tome 22",6.5,158,596,23.573825503355703,Sous P25,456.0,446–466,130,21,445,74.66442953020135,https://www.senscritique.com/bd/demon_slayer_tome_22/43116622
SensCritique,Manga,Fairy Tail,47,"Fairy Tail, tome 47",6.5,89,596,23.573825503355703,Sous P25,456.0,446–466,130,21,445,74.66442953020135,https://www.senscritique.com/bd/fairy_tail_tome_47/17806735
SensCritique,Manga,Fairy Tail,6,"Fairy Tail, tome 6",6.5,185,596,23.573825503355703,Sous P25,456.0,446–466,130,21,445,74.66442953020135,https://www.senscritique.com/bd/fairy_tail_tome_6/17805441
SensCritique,Manga,Fairy Tail,7,"Fairy Tail, tome 7",6.5,179,596,23.573825503355703,Sous P25,456.0,446–466,130,21,445,74.66442953020135,https://www.senscritique.com/bd/fairy_tail_tome_7/17805482
SensCritique,Manga,Fairy Tail,8,"Fairy Tail, tome 8",6.5,183,596,23.573825503355703,Sous P25,456.0,446–466,130,21,445,74.66442953020135,https://www.senscritique.com/bd/fairy_tail_tome_8/17805502
SensCritique,Manga,Magi,23,"Magi : The Labyrinth of Magic, tome 23",6.5,17,596,23.573825503355703,Sous P25,456.0,446–466,130,21,445,74.66442953020135,https://www.senscritique.com/bd/magi_the_labyrinth_of_magic_tome_23/22128312
SensCritique,Manga,Magi,24,"Magi : The Labyrinth of Magic, tome 24",6.5,17,596,23.573825503355703,Sous P25,456.0,446–466,130,21,445,74.66442953020135,https://www.senscritique.com/bd/magi_the_labyrinth_of_magic_tome_24/23872721
SensCritique,Manga,Magi,27,"Magi : The Labyrinth of Magic, tome 27",6.5,17,596,23.573825503355703,Sous P25,456.0,446–466,130,21,445,74.66442953020135,https://www.senscritique.com/bd/magi_the_labyrinth_of_magic_tome_27/25831099
SensCritique,Manga,Magi,28,"Magi : The Labyrinth of Magic, tome 28",6.5,15,596,23.573825503355703,Sous P25,456.0,446–466,130,21,445,74.66442953020135,https://www.senscritique.com/bd/magi_the_labyrinth_of_magic_tome_28/32119665
SensCritique,Manga,Magi,30,"Magi : The Labyrinth of Magic, tome 30",6.5,15,596,23.573825503355703,Sous P25,456.0,446–466,130,21,445,74.66442953020135,https://www.senscritique.com/bd/magi_the_labyrinth_of_magic_tome_30/35828245
SensCritique,Manga,My Hero Academia,19,"La Fête de Yuei - My Hero Academia, tome 19",6.5,207,596,23.573825503355703,Sous P25,456.0,446–466,130,21,445,74.66442953020135,https://www.senscritique.com/bd/la_fete_de_yuei_my_hero_academia_tome_19/35286457
SensCritique,Manga,Naruto,32,"Sur les traces de Sasuke !! - Naruto, tome 32",6.5,392,596,23.573825503355703,Sous P25,456.0,446–466,130,21,445,74.66442953020135,https://www.senscritique.com/bd/sur_les_traces_de_sasuke_naruto_tome_32/15316653
SensCritique,Manga,Naruto,39,"Ceux qui font bouger les choses - Naruto, tome 39",6.5,372,596,23.573825503355703,Sous P25,456.0,446–466,130,21,445,74.66442953020135,https://www.senscritique.com/bd/ceux_qui_font_bouger_les_choses_naruto_tome_39/15428729
SensCritique,Manga,Naruto,72,"Naruto Uzumaki !! - Naruto, tome 72",6.5,300,596,23.573825503355703,Sous P25,456.0,446–466,130,21,445,74.66442953020135,https://www.senscritique.com/bd/naruto_uzumaki_naruto_tome_72/18158800
SensCritique,Manga,Black Clover,11,"Black Clover, tome 11",6.4,64,596,19.798657718120804,Sous P25,478.5,467–490,106,24,466,78.18791946308725,https://www.senscritique.com/bd/black_clover_tome_11/29641704
SensCritique,Manga,Black Clover,12,"Black Clover, tome 12",6.4,60,596,19.798657718120804,Sous P25,478.5,467–490,106,24,466,78.18791946308725,https://www.senscritique.com/bd/black_clover_tome_12/33476586
SensCritique,Manga,Black Clover,19,"Black Clover, tome 19",6.4,47,596,19.798657718120804,Sous P25,478.5,467–490,106,24,466,78.18791946308725,https://www.senscritique.com/bd/black_clover_tome_19/39746741
SensCritique,Manga,Black Clover,2,"Black Clover, tome 2",6.4,162,596,19.798657718120804,Sous P25,478.5,467–490,106,24,466,78.18791946308725,https://www.senscritique.com/bd/black_clover_tome_2/22563596
SensCritique,Manga,Black Clover,21,"Black Clover, tome 21",6.4,42,596,19.798657718120804,Sous P25,478.5,467–490,106,24,466,78.18791946308725,https://www.senscritique.com/bd/black_clover_tome_21/40913695
SensCritique,Manga,Black Clover,34,"Black Clover, tome 34",6.4,14,596,19.798657718120804,Sous P25,478.5,467–490,106,24,466,78.18791946308725,https://www.senscritique.com/bd/black_clover_tome_34/58782624
SensCritique,Manga,Black Clover,36,"Black Clover, tome 36",6.4,8,596,19.798657718120804,Sous P25,478.5,467–490,106,24,466,78.18791946308725,https://www.senscritique.com/bd/black_clover_tome_36/98762091
SensCritique,Manga,Black Clover,7,"Black Clover, tome 7",6.4,93,596,19.798657718120804,Sous P25,478.5,467–490,106,24,466,78.18791946308725,https://www.senscritique.com/bd/black_clover_tome_7/25972873
SensCritique,Manga,Bleach,4,"Quincy Archer Hates You - Bleach, tome 4",6.4,216,596,19.798657718120804,Sous P25,478.5,467–490,106,24,466,78.18791946308725,https://www.senscritique.com/bd/quincy_archer_hates_you_bleach_tome_4/17690242
SensCritique,Manga,Bleach,67,"Black - Bleach, tome 67",6.4,87,596,19.798657718120804,Sous P25,478.5,467–490,106,24,466,78.18791946308725,https://www.senscritique.com/bd/black_bleach_tome_67/19138792
SensCritique,Manga,Fairy Tail,1,"Fairy Tail, tome 1",6.4,296,596,19.798657718120804,Sous P25,478.5,467–490,106,24,466,78.18791946308725,https://www.senscritique.com/bd/fairy_tail_tome_1/17805436
SensCritique,Manga,Fairy Tail,10,"Fairy Tail, tome 10",6.4,170,596,19.798657718120804,Sous P25,478.5,467–490,106,24,466,78.18791946308725,https://www.senscritique.com/bd/fairy_tail_tome_10/17805504
SensCritique,Manga,Fairy Tail,11,"Fairy Tail, tome 11",6.4,163,596,19.798657718120804,Sous P25,478.5,467–490,106,24,466,78.18791946308725,https://www.senscritique.com/bd/fairy_tail_tome_11/17805505
SensCritique,Manga,Fairy Tail,14,"Fairy Tail, tome 14",6.4,154,596,19.798657718120804,Sous P25,478.5,467–490,106,24,466,78.18791946308725,https://www.senscritique.com/bd/fairy_tail_tome_14/17805520
SensCritique,Manga,Fairy Tail,15,"Fairy Tail, tome 15",6.4,149,596,19.798657718120804,Sous P25,478.5,467–490,106,24,466,78.18791946308725,https://www.senscritique.com/bd/fairy_tail_tome_15/17805521
SensCritique,Manga,Fairy Tail,46,"Fairy Tail, tome 46",6.4,88,596,19.798657718120804,Sous P25,478.5,467–490,106,24,466,78.18791946308725,https://www.senscritique.com/bd/fairy_tail_tome_46/17806734
SensCritique,Manga,Fairy Tail,53,"Fairy Tail, tome 53",6.4,77,596,19.798657718120804,Sous P25,478.5,467–490,106,24,466,78.18791946308725,https://www.senscritique.com/bd/fairy_tail_tome_53/22732103
SensCritique,Manga,Hunter × Hunter,38,"Hunter x Hunter, tome 38",6.4,65,596,19.798657718120804,Sous P25,478.5,467–490,106,24,466,78.18791946308725,https://www.senscritique.com/bd/hunter_x_hunter_tome_38/98192299
SensCritique,Manga,Magi,21,"Magi : The Labyrinth of Magic, tome 21",6.4,20,596,19.798657718120804,Sous P25,478.5,467–490,106,24,466,78.18791946308725,https://www.senscritique.com/bd/magi_the_labyrinth_of_magic_tome_21/17931649
SensCritique,Manga,Magi,29,"Magi : The Labyrinth of Magic, tome 29",6.4,15,596,19.798657718120804,Sous P25,478.5,467–490,106,24,466,78.18791946308725,https://www.senscritique.com/bd/magi_the_labyrinth_of_magic_tome_29/33881133
SensCritique,Manga,Magi,33,"Magi : The Labyrinth of Magic, tome 33",6.4,12,596,19.798657718120804,Sous P25,478.5,467–490,106,24,466,78.18791946308725,https://www.senscritique.com/bd/magi_the_labyrinth_of_magic_tome_33/38052002
SensCritique,Manga,Magi,35,"Magi : The Labyrinth of Magic, tome 35",6.4,13,596,19.798657718120804,Sous P25,478.5,467–490,106,24,466,78.18791946308725,https://www.senscritique.com/bd/magi_the_labyrinth_of_magic_tome_35/38101213
SensCritique,Manga,Naruto,50,"Duel à mort dans la prison aqueuse !! - Naruto, tome 50",6.4,337,596,19.798657718120804,Sous P25,478.5,467–490,106,24,466,78.18791946308725,https://www.senscritique.com/bd/duel_a_mort_dans_la_prison_aqueuse_naruto_tome_50/16066602
SensCritique,Manga,Naruto,65,"Hashirama et Madara - Naruto, tome 65",6.4,309,596,19.798657718120804,Sous P25,478.5,467–490,106,24,466,78.18791946308725,https://www.senscritique.com/bd/hashirama_et_madara_naruto_tome_65/13019806
SensCritique,Manga,Black Clover,17,"Black Clover, tome 17",6.3,51,596,16.2751677852349,Sous P25,499.5,491–508,88,18,490,82.21476510067114,https://www.senscritique.com/bd/black_clover_tome_17/39566097
SensCritique,Manga,Black Clover,22,"Black Clover, tome 22",6.3,42,596,16.2751677852349,Sous P25,499.5,491–508,88,18,490,82.21476510067114,https://www.senscritique.com/bd/black_clover_tome_22/41365220
SensCritique,Manga,Bleach,55,"The Blood Warfare - Bleach, tome 55",6.3,104,596,16.2751677852349,Sous P25,499.5,491–508,88,18,490,82.21476510067114,https://www.senscritique.com/bd/the_blood_warfare_bleach_tome_55/17525094
SensCritique,Manga,Bleach,61,"The Last 9 Days - Bleach, tome 61",6.3,96,596,16.2751677852349,Sous P25,499.5,491–508,88,18,490,82.21476510067114,https://www.senscritique.com/bd/the_last_9_days_bleach_tome_61/19106877
SensCritique,Manga,Bleach,62,"Heart of Wolf - Bleach, tome 62",6.3,100,596,16.2751677852349,Sous P25,499.5,491–508,88,18,490,82.21476510067114,https://www.senscritique.com/bd/heart_of_wolf_bleach_tome_62/15331212
SensCritique,Manga,Bleach,64,"Death In Vision - Bleach, tome 64",6.3,91,596,16.2751677852349,Sous P25,499.5,491–508,88,18,490,82.21476510067114,https://www.senscritique.com/bd/death_in_vision_bleach_tome_64/19118472
SensCritique,Manga,Bleach,68,"The Ordinary Peace - Bleach, tome 68",6.3,85,596,16.2751677852349,Sous P25,499.5,491–508,88,18,490,82.21476510067114,https://www.senscritique.com/bd/the_ordinary_peace_bleach_tome_68/19145735
SensCritique,Manga,Bleach,73,"Battlefield Burning - Bleach, tome 73",6.3,76,596,16.2751677852349,Sous P25,499.5,491–508,88,18,490,82.21476510067114,https://www.senscritique.com/bd/battlefield_burning_bleach_tome_73/25314342
SensCritique,Manga,Fairy Tail,13,"Fairy Tail, tome 13",6.3,155,596,16.2751677852349,Sous P25,499.5,491–508,88,18,490,82.21476510067114,https://www.senscritique.com/bd/fairy_tail_tome_13/17805519
SensCritique,Manga,Fairy Tail,28,"Fairy Tail, tome 28",6.3,113,596,16.2751677852349,Sous P25,499.5,491–508,88,18,490,82.21476510067114,https://www.senscritique.com/bd/fairy_tail_tome_28/17806509
SensCritique,Manga,Fairy Tail,30,"Fairy Tail, tome 30",6.3,115,596,16.2751677852349,Sous P25,499.5,491–508,88,18,490,82.21476510067114,https://www.senscritique.com/bd/fairy_tail_tome_30/17806528
SensCritique,Manga,Fairy Tail,45,"Fairy Tail, tome 45",6.3,86,596,16.2751677852349,Sous P25,499.5,491–508,88,18,490,82.21476510067114,https://www.senscritique.com/bd/fairy_tail_tome_45/17806733
SensCritique,Manga,Fairy Tail,49,"Fairy Tail, tome 49",6.3,90,596,16.2751677852349,Sous P25,499.5,491–508,88,18,490,82.21476510067114,https://www.senscritique.com/bd/fairy_tail_tome_49/18437426
SensCritique,Manga,Fairy Tail,5,"Fairy Tail, tome 5",6.3,205,596,16.2751677852349,Sous P25,499.5,491–508,88,18,490,82.21476510067114,https://www.senscritique.com/bd/fairy_tail_tome_5/17805440
SensCritique,Manga,Fairy Tail,54,"Fairy Tail, tome 54",6.3,74,596,16.2751677852349,Sous P25,499.5,491–508,88,18,490,82.21476510067114,https://www.senscritique.com/bd/fairy_tail_tome_54/23751262
SensCritique,Manga,Fairy Tail,9,"Fairy Tail, tome 9",6.3,177,596,16.2751677852349,Sous P25,499.5,491–508,88,18,490,82.21476510067114,https://www.senscritique.com/bd/fairy_tail_tome_9/17805503
SensCritique,Manga,Magi,25,"Magi : The Labyrinth of Magic, tome 25",6.3,16,596,16.2751677852349,Sous P25,499.5,491–508,88,18,490,82.21476510067114,https://www.senscritique.com/bd/magi_the_labyrinth_of_magic_tome_25/24906742
SensCritique,Manga,Naruto,52,"Réalités multiples - Naruto, tome 52",6.3,333,596,16.2751677852349,Sous P25,499.5,491–508,88,18,490,82.21476510067114,https://www.senscritique.com/bd/realites_multiples_naruto_tome_52/15796395
SensCritique,Manga,Black Clover,1,"Le Serment - Black Clover, tome 1",6.2,285,596,12.919463087248323,Sous P25,519.5,509–530,66,22,508,85.23489932885906,https://www.senscritique.com/bd/black_clover_tome_1/21325917
SensCritique,Manga,Black Clover,18,"Black Clover, tome 18",6.2,48,596,12.919463087248323,Sous P25,519.5,509–530,66,22,508,85.23489932885906,https://www.senscritique.com/bd/black_clover_tome_18/39746740
SensCritique,Manga,Black Clover,5,"Black Clover, tome 5",6.2,103,596,12.919463087248323,Sous P25,519.5,509–530,66,22,508,85.23489932885906,https://www.senscritique.com/bd/black_clover_tome_5/25113916
SensCritique,Manga,Bleach,54,"Goodbye To Our Xcution - Bleach, tome 54",6.2,104,596,12.919463087248323,Sous P25,519.5,509–530,66,22,508,85.23489932885906,https://www.senscritique.com/bd/goodbye_to_our_xcution_bleach_tome_54/17525095
SensCritique,Manga,Bleach,69,"Against The Judgement - Bleach, tome 69",6.2,85,596,12.919463087248323,Sous P25,519.5,509–530,66,22,508,85.23489932885906,https://www.senscritique.com/bd/against_the_judgement_bleach_tome_69/19145736
SensCritique,Manga,Fairy Tail,19,"Fairy Tail, tome 19",6.2,140,596,12.919463087248323,Sous P25,519.5,509–530,66,22,508,85.23489932885906,https://www.senscritique.com/bd/fairy_tail_tome_19/17805587
SensCritique,Manga,Fairy Tail,2,"Fairy Tail, tome 2",6.2,259,596,12.919463087248323,Sous P25,519.5,509–530,66,22,508,85.23489932885906,https://www.senscritique.com/bd/fairy_tail_tome_2/17805437
SensCritique,Manga,Fairy Tail,26,"Fairy Tail, tome 26",6.2,114,596,12.919463087248323,Sous P25,519.5,509–530,66,22,508,85.23489932885906,https://www.senscritique.com/bd/fairy_tail_tome_26/17806488
SensCritique,Manga,Fairy Tail,29,"Fairy Tail, tome 29",6.2,116,596,12.919463087248323,Sous P25,519.5,509–530,66,22,508,85.23489932885906,https://www.senscritique.com/bd/fairy_tail_tome_29/17806521
SensCritique,Manga,Fairy Tail,36,"Fairy Tail, tome 36",6.2,105,596,12.919463087248323,Sous P25,519.5,509–530,66,22,508,85.23489932885906,https://www.senscritique.com/bd/fairy_tail_tome_36/17806642
SensCritique,Manga,Fairy Tail,37,"Fairy Tail, tome 37",6.2,104,596,12.919463087248323,Sous P25,519.5,509–530,66,22,508,85.23489932885906,https://www.senscritique.com/bd/fairy_tail_tome_37/17806655
SensCritique,Manga,Fairy Tail,39,"Fairy Tail, tome 39",6.2,96,596,12.919463087248323,Sous P25,519.5,509–530,66,22,508,85.23489932885906,https://www.senscritique.com/bd/fairy_tail_tome_39/17806661
SensCritique,Manga,Fairy Tail,4,"Fairy Tail, tome 4",6.2,205,596,12.919463087248323,Sous P25,519.5,509–530,66,22,508,85.23489932885906,https://www.senscritique.com/bd/fairy_tail_tome_4/17805439
SensCritique,Manga,Hunter × Hunter,37,"Hunter x Hunter, tome 37",6.2,84,596,12.919463087248323,Sous P25,519.5,509–530,66,22,508,85.23489932885906,https://www.senscritique.com/bd/hunter_x_hunter_tome_37/51283399
SensCritique,Manga,Magi,31,"Magi : The Labyrinth of Magic, tome 31",6.2,13,596,12.919463087248323,Sous P25,519.5,509–530,66,22,508,85.23489932885906,https://www.senscritique.com/bd/magi_the_labyrinth_of_magic_tome_31/38010298
SensCritique,Manga,Magi,32,"Magi : The Labyrinth of Magic, tome 32",6.2,14,596,12.919463087248323,Sous P25,519.5,509–530,66,22,508,85.23489932885906,https://www.senscritique.com/bd/magi_the_labyrinth_of_magic_tome_32/38048450
SensCritique,Manga,Naruto,54,"Un pont pour la paix - Naruto, tome 54",6.2,322,596,12.919463087248323,Sous P25,519.5,509–530,66,22,508,85.23489932885906,https://www.senscritique.com/bd/un_pont_pour_la_paix_naruto_tome_54/15799732
SensCritique,Manga,Naruto,58,"Naruto vs Itachi !! - Naruto, tome 58",6.2,304,596,12.919463087248323,Sous P25,519.5,509–530,66,22,508,85.23489932885906,https://www.senscritique.com/bd/naruto_vs_itachi_naruto_tome_58/16625349
SensCritique,Manga,Naruto,61,"Frères unis dans le combat !! - Naruto, tome 61",6.2,310,596,12.919463087248323,Sous P25,519.5,509–530,66,22,508,85.23489932885906,https://www.senscritique.com/bd/freres_unis_dans_le_combat_naruto_tome_61/16626837
SensCritique,Manga,Naruto,63,"Monde onirique - Naruto, tome 63",6.2,293,596,12.919463087248323,Sous P25,519.5,509–530,66,22,508,85.23489932885906,https://www.senscritique.com/bd/monde_onirique_naruto_tome_63/16626840
SensCritique,Manga,Naruto,66,"Protection mutuelle - Naruto, tome 66",6.2,289,596,12.919463087248323,Sous P25,519.5,509–530,66,22,508,85.23489932885906,https://www.senscritique.com/bd/protection_mutuelle_naruto_tome_66/16626845
SensCritique,Manga,Naruto,69,"Un printemps écarlate - Naruto, tome 69",6.2,314,596,12.919463087248323,Sous P25,519.5,509–530,66,22,508,85.23489932885906,https://www.senscritique.com/bd/un_printemps_ecarlate_naruto_tome_69/17255096
SensCritique,Manga,Black Clover,33,"Black Clover, tome 33",6.1,16,596,9.395973154362416,Sous P25,540.5,531–550,46,20,530,88.9261744966443,https://www.senscritique.com/bd/black_clover_tome_33/55983196
SensCritique,Manga,Bleach,66,"Sorry I Am Strong - Bleach, tome 66",6.1,90,596,9.395973154362416,Sous P25,540.5,531–550,46,20,530,88.9261744966443,https://www.senscritique.com/bd/sorry_i_am_strong_bleach_tome_66/19118741
SensCritique,Manga,Fairy Tail,18,"Fairy Tail, tome 18",6.1,138,596,9.395973154362416,Sous P25,540.5,531–550,46,20,530,88.9261744966443,https://www.senscritique.com/bd/fairy_tail_tome_18/17805586
SensCritique,Manga,Fairy Tail,24,"Fairy Tail, tome 24",6.1,124,596,9.395973154362416,Sous P25,540.5,531–550,46,20,530,88.9261744966443,https://www.senscritique.com/bd/fairy_tail_tome_24/17806474
SensCritique,Manga,Fairy Tail,25,"Fairy Tail, tome 25",6.1,118,596,9.395973154362416,Sous P25,540.5,531–550,46,20,530,88.9261744966443,https://www.senscritique.com/bd/fairy_tail_tome_25/17806482
SensCritique,Manga,Fairy Tail,27,"Fairy Tail, tome 27",6.1,115,596,9.395973154362416,Sous P25,540.5,531–550,46,20,530,88.9261744966443,https://www.senscritique.com/bd/fairy_tail_tome_27/17806491
SensCritique,Manga,Fairy Tail,3,"Fairy Tail, tome 3",6.1,234,596,9.395973154362416,Sous P25,540.5,531–550,46,20,530,88.9261744966443,https://www.senscritique.com/bd/fairy_tail_tome_3/17805438
SensCritique,Manga,Fairy Tail,33,"Fairy Tail, tome 33",6.1,109,596,9.395973154362416,Sous P25,540.5,531–550,46,20,530,88.9261744966443,https://www.senscritique.com/bd/fairy_tail_tome_33/17806627
SensCritique,Manga,Fairy Tail,34,"Fairy Tail, tome 34",6.1,114,596,9.395973154362416,Sous P25,540.5,531–550,46,20,530,88.9261744966443,https://www.senscritique.com/bd/fairy_tail_tome_34/17806634
SensCritique,Manga,Fairy Tail,38,"Fairy Tail, tome 38",6.1,104,596,9.395973154362416,Sous P25,540.5,531–550,46,20,530,88.9261744966443,https://www.senscritique.com/bd/fairy_tail_tome_38/17806659
SensCritique,Manga,Fairy Tail,44,"Fairy Tail, tome 44",6.1,86,596,9.395973154362416,Sous P25,540.5,531–550,46,20,530,88.9261744966443,https://www.senscritique.com/bd/fairy_tail_tome_44/17806732
SensCritique,Manga,Fairy Tail,48,"Fairy Tail, tome 48",6.1,88,596,9.395973154362416,Sous P25,540.5,531–550,46,20,530,88.9261744966443,https://www.senscritique.com/bd/fairy_tail_tome_48/18309374
SensCritique,Manga,Fairy Tail,52,"Fairy Tail, tome 52",6.1,79,596,9.395973154362416,Sous P25,540.5,531–550,46,20,530,88.9261744966443,https://www.senscritique.com/bd/fairy_tail_tome_52/22128310
SensCritique,Manga,Fairy Tail,55,"Fairy Tail, tome 55",6.1,73,596,9.395973154362416,Sous P25,540.5,531–550,46,20,530,88.9261744966443,https://www.senscritique.com/bd/fairy_tail_tome_55/24474008
SensCritique,Manga,Jujutsu Kaisen,27,"Stupid Survivor !! - Jujutsu Kaisen, tome 27",6.1,57,596,9.395973154362416,Sous P25,540.5,531–550,46,20,530,88.9261744966443,https://www.senscritique.com/bd/jujutsu_kaisen_tome_27/93750661
SensCritique,Manga,Jujutsu Kaisen,28,"La Bataille du no man's land de Shinjuku : avance - Jujutsu Kaisen, tome 28",6.1,48,596,9.395973154362416,Sous P25,540.5,531–550,46,20,530,88.9261744966443,https://www.senscritique.com/bd/jujutsu_kaisen_tome_28/100041901
SensCritique,Manga,Magi,34,"Magi : The Labyrinth of Magic, tome 34",6.1,12,596,9.395973154362416,Sous P25,540.5,531–550,46,20,530,88.9261744966443,https://www.senscritique.com/bd/magi_the_labyrinth_of_magic_tome_34/38077094
SensCritique,Manga,Naruto,59,"Côte à côte… !! - Naruto, tome 59",6.1,308,596,9.395973154362416,Sous P25,540.5,531–550,46,20,530,88.9261744966443,https://www.senscritique.com/bd/cote_a_cote_naruto_tome_59/16625350
SensCritique,Manga,Naruto,60,"Kurama - Naruto, tome 60",6.1,312,596,9.395973154362416,Sous P25,540.5,531–550,46,20,530,88.9261744966443,https://www.senscritique.com/bd/kurama_naruto_tome_60/16625351
SensCritique,Manga,Naruto,64,"Jûbi - Naruto, tome 64",6.1,288,596,9.395973154362416,Sous P25,540.5,531–550,46,20,530,88.9261744966443,https://www.senscritique.com/bd/jubi_naruto_tome_64/16626842
SensCritique,Manga,Bleach,52,"End Of Bond - Bleach, tome 52",6.0,99,596,6.375838926174497,Sous P25,558.5,551–566,30,16,550,92.28187919463087,https://www.senscritique.com/bd/end_of_bond_bleach_tome_52/19601429
SensCritique,Manga,Bleach,63,"Hear, Fear, Here - Bleach, tome 63",6.0,97,596,6.375838926174497,Sous P25,558.5,551–566,30,16,550,92.28187919463087,https://www.senscritique.com/bd/hear_fear_here_bleach_tome_63/19117931
SensCritique,Manga,Bleach,72,"My Last Words - Bleach, tome 72",6.0,79,596,6.375838926174497,Sous P25,558.5,551–566,30,16,550,92.28187919463087,https://www.senscritique.com/bd/my_last_words_bleach_tome_72/23348928
SensCritique,Manga,Fairy Tail,17,"Fairy Tail, tome 17",6.0,145,596,6.375838926174497,Sous P25,558.5,551–566,30,16,550,92.28187919463087,https://www.senscritique.com/bd/fairy_tail_tome_17/17805523
SensCritique,Manga,Fairy Tail,32,"Fairy Tail, tome 32",6.0,109,596,6.375838926174497,Sous P25,558.5,551–566,30,16,550,92.28187919463087,https://www.senscritique.com/bd/fairy_tail_tome_32/17806618
SensCritique,Manga,Fairy Tail,35,"Fairy Tail, tome 35",6.0,107,596,6.375838926174497,Sous P25,558.5,551–566,30,16,550,92.28187919463087,https://www.senscritique.com/bd/fairy_tail_tome_35/17806644
SensCritique,Manga,Fairy Tail,43,"Fairy Tail, tome 43",6.0,93,596,6.375838926174497,Sous P25,558.5,551–566,30,16,550,92.28187919463087,https://www.senscritique.com/bd/fairy_tail_tome_43/17806731
SensCritique,Manga,Fairy Tail,50,"Fairy Tail, tome 50",6.0,91,596,6.375838926174497,Sous P25,558.5,551–566,30,16,550,92.28187919463087,https://www.senscritique.com/bd/fairy_tail_tome_50/19441662
SensCritique,Manga,Fairy Tail,51,"Fairy Tail, tome 51",6.0,78,596,6.375838926174497,Sous P25,558.5,551–566,30,16,550,92.28187919463087,https://www.senscritique.com/bd/fairy_tail_tome_51/20241698
SensCritique,Manga,Fairy Tail,56,Fairy Tail tome 56,6.0,74,596,6.375838926174497,Sous P25,558.5,551–566,30,16,550,92.28187919463087,https://www.senscritique.com/bd/fairy_tail_tome_56/24947033
SensCritique,Manga,Fairy Tail,58,"Fairy Tail, tome 58",6.0,68,596,6.375838926174497,Sous P25,558.5,551–566,30,16,550,92.28187919463087,https://www.senscritique.com/bd/fairy_tail_tome_58/25314348
SensCritique,Manga,Fairy Tail,62,"Fairy Tail, tome 62",6.0,63,596,6.375838926174497,Sous P25,558.5,551–566,30,16,550,92.28187919463087,https://www.senscritique.com/bd/fairy_tail_tome_62/29400243
SensCritique,Manga,Naruto,55,"Le Début de la Grande Guerre ! - Naruto, tome 55",6.0,324,596,6.375838926174497,Sous P25,558.5,551–566,30,16,550,92.28187919463087,https://www.senscritique.com/bd/le_debut_de_la_grande_guerre_naruto_tome_55/15799777
SensCritique,Manga,Naruto,62,"Fissure - Naruto, tome 62",6.0,293,596,6.375838926174497,Sous P25,558.5,551–566,30,16,550,92.28187919463087,https://www.senscritique.com/bd/fissure_naruto_tome_62/16626838
SensCritique,Manga,Naruto,67,"La Brèche - Naruto, tome 67",6.0,293,596,6.375838926174497,Sous P25,558.5,551–566,30,16,550,92.28187919463087,https://www.senscritique.com/bd/la_breche_naruto_tome_67/16626847
SensCritique,Manga,Naruto,68,"Sillon - Naruto, tome 68",6.0,318,596,6.375838926174497,Sous P25,558.5,551–566,30,16,550,92.28187919463087,https://www.senscritique.com/bd/sillon_naruto_tome_68/16748378
SensCritique,Manga,Black Clover,20,"Black Clover, tome 20",5.9,45,596,3.6912751677852347,Sous P25,574.5,567–582,14,16,566,94.96644295302013,https://www.senscritique.com/bd/black_clover_tome_20/40393613
SensCritique,Manga,Bleach,65,"Marching Out The Zombies - Bleach, tome 65",5.9,88,596,3.6912751677852347,Sous P25,574.5,567–582,14,16,566,94.96644295302013,https://www.senscritique.com/bd/marching_out_the_zombies_bleach_tome_65/19118740
SensCritique,Manga,Bleach,74,"The Death And The Strawberry - Bleach, tome 74",5.9,76,596,3.6912751677852347,Sous P25,574.5,567–582,14,16,566,94.96644295302013,https://www.senscritique.com/bd/the_death_and_the_strawberry_bleach_tome_74/27157125
SensCritique,Manga,Demon Slayer,23,"Demon Slayer, tome 23",5.9,186,596,3.6912751677852347,Sous P25,574.5,567–582,14,16,566,94.96644295302013,https://www.senscritique.com/bd/demon_slayer_tome_23/43427239
SensCritique,Manga,Fairy Tail,16,"Fairy Tail, tome 16",5.9,144,596,3.6912751677852347,Sous P25,574.5,567–582,14,16,566,94.96644295302013,https://www.senscritique.com/bd/fairy_tail_tome_16/17805522
SensCritique,Manga,Fairy Tail,21,"Fairy Tail, tome 21",5.9,129,596,3.6912751677852347,Sous P25,574.5,567–582,14,16,566,94.96644295302013,https://www.senscritique.com/bd/fairy_tail_tome_21/17805589
SensCritique,Manga,Fairy Tail,31,"Fairy Tail, tome 31",5.9,106,596,3.6912751677852347,Sous P25,574.5,567–582,14,16,566,94.96644295302013,https://www.senscritique.com/bd/fairy_tail_tome_31/17806609
SensCritique,Manga,Fairy Tail,42,"Fairy Tail, tome 42",5.9,98,596,3.6912751677852347,Sous P25,574.5,567–582,14,16,566,94.96644295302013,https://www.senscritique.com/bd/fairy_tail_tome_42/17806704
SensCritique,Manga,Fairy Tail,57,"Fairy Tail, tome 57",5.9,67,596,3.6912751677852347,Sous P25,574.5,567–582,14,16,566,94.96644295302013,https://www.senscritique.com/bd/fairy_tail_tome_57/25314347
SensCritique,Manga,Fairy Tail,59,"Fairy Tail, tome 59",5.9,69,596,3.6912751677852347,Sous P25,574.5,567–582,14,16,566,94.96644295302013,https://www.senscritique.com/bd/fairy_tail_tome_59/27053325
SensCritique,Manga,Fairy Tail,60,"Fairy Tail, tome 60",5.9,64,596,3.6912751677852347,Sous P25,574.5,567–582,14,16,566,94.96644295302013,https://www.senscritique.com/bd/fairy_tail_tome_60/27747305
SensCritique,Manga,Fairy Tail,61,"Fairy Tail, tome 61",5.9,64,596,3.6912751677852347,Sous P25,574.5,567–582,14,16,566,94.96644295302013,https://www.senscritique.com/bd/fairy_tail_tome_61/28492150
SensCritique,Manga,Fairy Tail,63,"Fairy Tail, tome 63",5.9,62,596,3.6912751677852347,Sous P25,574.5,567–582,14,16,566,94.96644295302013,https://www.senscritique.com/bd/fairy_tail_tome_63/31322683
SensCritique,Manga,Magi,36,"Magi : The Labyrinth of Magic, tome 36",5.9,13,596,3.6912751677852347,Sous P25,574.5,567–582,14,16,566,94.96644295302013,https://www.senscritique.com/bd/magi_the_labyrinth_of_magic_tome_36/38141249
SensCritique,Manga,Naruto,56,"L’Équipe Asuma de nouveau réunie ! - Naruto, tome 56",5.9,311,596,3.6912751677852347,Sous P25,574.5,567–582,14,16,566,94.96644295302013,https://www.senscritique.com/bd/lequipe_asuma_de_nouveau_reunie_naruto_tome_56/16625347
SensCritique,Manga,Naruto,57,"Naruto part en guerre… !! - Naruto, tome 57",5.9,306,596,3.6912751677852347,Sous P25,574.5,567–582,14,16,566,94.96644295302013,https://www.senscritique.com/bd/naruto_part_en_guerre_naruto_tome_57/16625348
SensCritique,Manga,Bleach,49,"The Lost Agent - Bleach, tome 49",5.8,105,596,1.5939597315436242,Sous P25,587.0,583–591,5,9,582,97.6510067114094,https://www.senscritique.com/bd/the_lost_agent_bleach_tome_49/19601424
SensCritique,Manga,Bleach,50,"The Six Fullbringers - Bleach, tome 50",5.8,106,596,1.5939597315436242,Sous P25,587.0,583–591,5,9,582,97.6510067114094,https://www.senscritique.com/bd/the_six_fullbringers_bleach_tome_50/19601426
SensCritique,Manga,Fairy Tail,20,"Fairy Tail, tome 20",5.8,135,596,1.5939597315436242,Sous P25,587.0,583–591,5,9,582,97.6510067114094,https://www.senscritique.com/bd/fairy_tail_tome_20/17805834
SensCritique,Manga,Fairy Tail,23,"Fairy Tail, tome 23",5.8,120,596,1.5939597315436242,Sous P25,587.0,583–591,5,9,582,97.6510067114094,https://www.senscritique.com/bd/fairy_tail_tome_23/17805889
SensCritique,Manga,Fairy Tail,40,"Fairy Tail, tome 40",5.8,98,596,1.5939597315436242,Sous P25,587.0,583–591,5,9,582,97.6510067114094,https://www.senscritique.com/bd/fairy_tail_tome_40/17806671
SensCritique,Manga,Jujutsu Kaisen,29,"Jujutsu Kaisen, tome 29",5.8,44,596,1.5939597315436242,Sous P25,587.0,583–591,5,9,582,97.6510067114094,https://www.senscritique.com/bd/jujutsu_kaisen_tome_29/103535926
SensCritique,Manga,Magi,37,"Magi : The Labyrinth of Magic, tome 37",5.8,13,596,1.5939597315436242,Sous P25,587.0,583–591,5,9,582,97.6510067114094,https://www.senscritique.com/bd/magi_the_labyrinth_of_magic_tome_37/38209253
SensCritique,Manga,Naruto,70,"Naruto et l’Ermite Rikudô… ! - Naruto, tome 70",5.8,308,596,1.5939597315436242,Sous P25,587.0,583–591,5,9,582,97.6510067114094,https://www.senscritique.com/bd/naruto_et_lermite_rikudo_naruto_tome_70/18158798
SensCritique,Manga,Naruto,71,"Je vous adore - Naruto, tome 71",5.8,304,596,1.5939597315436242,Sous P25,587.0,583–591,5,9,582,97.6510067114094,https://www.senscritique.com/bd/je_vous_adore_naruto_tome_71/18158799
SensCritique,Manga,Bleach,51,"Love Me Bitterly Loth Me Sweetly - Bleach, tome 51",5.7,97,596,0.5033557046979866,Sous P25,593.5,592–595,1,4,591,99.16107382550335,https://www.senscritique.com/bd/love_me_bitterly_loth_me_sweetly_bleach_tome_51/19601427
SensCritique,Manga,Bleach,53,"The Deathberry Returns 2 - Bleach, tome 53",5.7,99,596,0.5033557046979866,Sous P25,593.5,592–595,1,4,591,99.16107382550335,https://www.senscritique.com/bd/the_deathberry_returns_2_bleach_tome_53/19601431
SensCritique,Manga,Fairy Tail,22,"Fairy Tail, tome 22",5.7,129,596,0.5033557046979866,Sous P25,593.5,592–595,1,4,591,99.16107382550335,https://www.senscritique.com/bd/fairy_tail_tome_22/17805888
SensCritique,Manga,Fairy Tail,41,"Fairy Tail, tome 41",5.7,95,596,0.5033557046979866,Sous P25,593.5,592–595,1,4,591,99.16107382550335,https://www.senscritique.com/bd/fairy_tail_tome_41/17806676
SensCritique,Manga,Jujutsu Kaisen,30,"Jujutsu Kaisen, tome 30",5.4,42,596,0.08389261744966443,Sous P25,596.0,596,0,1,595,99.83221476510067,https://www.senscritique.com/bd/jujutsu_kaisen_tome_30/103535927
