platform,family,series,position,title,rating,ratings_count,source,reference_n,percentile_midrank,raw_rank_mid,raw_rank_range,adjusted_rating,adjusted_percentile,adjusted_rank_mid,adjusted_rank_range
Goodreads,Fantasy — cycle principal,Stormlight Archive,2,Words of Radiance,4.76,532549,https://www.goodreads.com/series/49075-the-stormlight-archive,602,99.75083056478405,2.0,2,4.756076838927612,99.91694352159469,1.0,1
Goodreads,Fantasy — cycle principal,Stormlight Archive,1,The Way of Kings,4.66,727396,https://www.goodreads.com/series/49075-the-stormlight-archive,602,95.265780730897,29.0,27–31,4.657922860194101,99.75083056478405,2.0,2
Goodreads,Manga,Demon Slayer,23,鬼滅の刃 23 [Kimetsu no Yaiba 23],4.69,18300,,602,97.50830564784053,15.5,14–17,4.619733688847447,99.58471760797342,3.0,3
Goodreads,Fantasy — cycle principal,Harry Potter,7,Harry Potter and the Deathly Hallows,4.62,4234122,https://www.goodreads.com/series/45175-harry-potter,602,91.94352159468438,49.0,46–52,4.6196963588844895,99.4186046511628,4.0,4
Goodreads,Manga,Demon Slayer,22,鬼滅の刃 22 [Kimetsu no Yaiba 22],4.69,16722,,602,97.50830564784053,15.5,14–17,4.614830629350278,99.25249169435216,5.0,5
Goodreads,Manga,Demon Slayer,8,鬼滅の刃 8 [Kimetsu no Yaiba 8],4.66,21601,,602,95.265780730897,29.0,27–31,4.604599896973534,99.08637873754152,6.0,6
Goodreads,Manga,Demon Slayer,18,鬼滅の刃 18 [Kimetsu no Yaiba 18],4.67,18121,,602,96.2624584717608,23.0,20–26,4.604117570010279,98.9202657807309,7.0,7
Goodreads,Manga,Demon Slayer,20,鬼滅の刃 20 [Kimetsu no Yaiba 20],4.67,17370,,602,96.2624584717608,23.0,20–26,4.6019906401909445,98.75415282392026,8.0,8
Goodreads,Manga,Demon Slayer,21,鬼滅の刃 21 [Kimetsu no Yaiba 21],4.67,16775,,602,96.2624584717608,23.0,20–26,4.600205460127577,98.58803986710963,9.0,9
Goodreads,Fantasy — cycle principal,Stormlight Archive,3,Oathbringer,4.6,393225,https://www.goodreads.com/series/49075-the-stormlight-archive,602,89.70099667774086,62.5,57–68,4.597069552869622,98.421926910299,10.0,10
Goodreads,Manga,Jujutsu Kaisen,9,呪術廻戦 9 [Jujutsu Kaisen 9],4.64,22206,,602,94.1029900332226,36.0,35–37,4.589986912733486,98.25581395348837,11.0,11
Goodreads,Fantasy — cycle principal,The Lord of the Rings,3,The Return of the King,4.59,1090834,https://www.goodreads.com/book/show/18512.The_Return_of_the_King,602,87.87375415282392,73.5,69–78,4.588987288323426,98.08970099667773,12.0,12
Goodreads,Manga,Demon Slayer,19,鬼滅の刃 19 [Kimetsu no Yaiba 19],4.65,17648,,602,94.60132890365449,33.0,32–34,4.587800058088905,97.92358803986711,13.0,13
Goodreads,Manga,Jujutsu Kaisen,14,呪術廻戦 14 [Jujutsu Kaisen 14],4.65,17483,,602,94.60132890365449,33.0,32–34,4.5873610090668375,97.75747508305648,14.0,14
Goodreads,Manga,Fullmetal Alchemist,27,鋼の錬金術師 27 [Hagane no Renkinjutsushi 27],4.75,6698,,602,99.5016611295681,3.5,3–4,4.586903400773747,97.59136212624584,15.0,15
Goodreads,Manga,One Piece,59,"One Piece, Volume 59: The Death of Portgaz D. Ace",4.74,6950,,602,99.16943521594685,5.5,5–6,4.584692020046086,97.42524916943522,16.0,16
Goodreads,Manga,One Piece,58,"One Piece, Volume 58: The Name of This Era is \",4.73,7217,,602,98.9202657807309,7.0,7,4.582349995609433,97.25913621262458,17.0,17
Goodreads,Fantasy — cycle principal,Harry Potter,3,Harry Potter and the Prisoner of Azkaban,4.58,5042907,https://www.goodreads.com/series/45175-harry-potter,602,85.54817275747509,87.5,79–96,4.579791684591048,97.09302325581395,18.0,18
Goodreads,Fantasy — cycle principal,Harry Potter,6,Harry Potter and the Half-Blood Prince,4.58,3776110,https://www.goodreads.com/series/45175-harry-potter,602,85.54817275747509,87.5,79–96,4.579721908504143,96.92691029900332,19.0,19
Goodreads,Manga,One Piece,38,"One Piece, Volume 38: Rocketman!!",4.64,17369,,602,94.1029900332226,36.0,35–37,4.57958718343365,96.76079734219269,20.0,20
Goodreads,Manga,Fullmetal Alchemist,23,"Fullmetal Alchemist, Vol. 23",4.67,10583,,602,96.2624584717608,23.0,20–26,4.573974523834898,96.59468438538207,21.0,21
Goodreads,Manga,Naruto,43,NARUTO -ナルト- 巻ノ四十三,4.59,61309,,602,87.87375415282392,73.5,69–78,4.573472575276472,96.42857142857143,22.0,22
Goodreads,Manga,Demon Slayer,16,鬼滅の刃 16 [Kimetsu no Yaiba 16],4.63,17566,,602,93.18936877076412,41.5,38–45,4.572606401408524,96.2624584717608,23.0,23
Goodreads,Manga,Demon Slayer,17,鬼滅の刃 17 [Kimetsu no Yaiba 17],4.63,17513,,602,93.18936877076412,41.5,38–45,4.572476437907409,96.09634551495017,24.0,24
Goodreads,Manga,One Piece,41,"One Piece, Volume 41: Declaration of War",4.7,7767,,602,98.25581395348837,11.0,9–13,4.571236668065585,95.93023255813954,25.0,25
Goodreads,Fantasy — cycle principal,Harry Potter,4,Harry Potter and the Goblet of Fire,4.57,4348877,https://www.goodreads.com/series/45175-harry-potter,602,83.72093023255815,98.5,97–100,4.569772016008526,95.7641196013289,26.0,26
Goodreads,Manga,Jujutsu Kaisen,11,呪術廻戦 11 [Jujutsu Kaisen 11],4.62,19680,,602,91.94352159468438,49.0,46–52,4.569655186917269,95.59800664451828,27.0,27
Goodreads,Manga,One Piece,44,"One Piece, Volume 44: Let's Go Back",4.7,7563,,602,98.25581395348837,11.0,9–13,4.569284476046365,95.43189368770764,28.0,28
Goodreads,Manga,One Piece,57,"One Piece, Volume 57: Paramount War",4.69,7584,,602,97.50830564784053,15.5,14–17,4.5638605919520545,95.265780730897,29.0,29
Goodreads,Manga,Demon Slayer,11,鬼滅の刃 11 [Kimetsu no Yaiba 11],4.61,17853,,602,91.0299003322259,54.5,53–56,4.558263134802041,95.09966777408638,30.0,30
Goodreads,Fantasy — cycle principal,Stormlight Archive,4,Rhythm of War,4.56,267686,https://www.goodreads.com/series/49075-the-stormlight-archive,602,82.47508305647841,106.0,101–111,4.556586381120745,94.93355481727575,31.0,31
Goodreads,Manga,One Piece,9,"One Piece, Volume 9: Tears",4.6,21016,,602,89.70099667774086,62.5,57–68,4.55653445072902,94.76744186046511,32.0,32
Goodreads,Manga,Fullmetal Alchemist,25,"Fullmetal Alchemist, Vol. 25",4.67,7999,,602,96.2624584717608,23.0,20–26,4.5561125340994035,94.60132890365449,33.0,33
Goodreads,Manga,Fullmetal Alchemist,20,"Fullmetal Alchemist, Vol. 20",4.62,14259,,602,91.94352159468438,49.0,46–52,4.556111816363142,94.43521594684385,34.0,34
Goodreads,Manga,Fullmetal Alchemist,26,"Fullmetal Alchemist, Vol. 26",4.67,7682,,602,96.2624584717608,23.0,20–26,4.553452964561631,94.26910299003322,35.0,35
Goodreads,Manga,Jujutsu Kaisen,8,呪術廻戦 8 [Jujutsu Kaisen 8],4.59,23766,,602,87.87375415282392,73.5,69–78,4.552551452954191,94.1029900332226,36.0,36
Goodreads,Manga,My Hero Academia,5,僕のヒーローアカデミア 5 [Boku No Hero Academia 5],4.59,22165,,602,87.87375415282392,73.5,69–78,4.55041458673944,93.93687707641196,37.0,37
Goodreads,Fantasy — cycle principal,A Song of Ice and Fire,3,A Storm of Swords,4.55,871708,https://www.goodreads.com/series/43790-a-song-of-ice-and-fire,602,80.8970099667774,115.5,112–119,4.549002999961192,93.77076411960132,38.0,38
Goodreads,Fantasy — cycle principal,Kingkiller Chronicle,2,The Wise Man's Fear,4.55,640374,https://www.goodreads.com/series/45262-the-kingkiller-chronicle,602,80.8970099667774,115.5,112–119,4.548646119313691,93.6046511627907,39.0,39
Goodreads,Manga,Fullmetal Alchemist,21,"Fullmetal Alchemist, Vol. 21",4.63,10291,,602,93.18936877076412,41.5,38–45,4.546806146225592,93.43853820598007,40.0,40
Goodreads,Manga,One Piece,103,ONE PIECE 103 解放の戦士,4.77,3829,,602,99.91694352159469,1.0,1,4.546647869921499,93.27242524916943,41.0,41
Goodreads,Manga,Demon Slayer,10,鬼滅の刃 10 [Kimetsu no Yaiba 10],4.59,19401,,602,87.87375415282392,73.5,69–78,4.54608880809069,93.10631229235881,42.0,42
Goodreads,Manga,Fullmetal Alchemist,22,"Fullmetal Alchemist, Vol. 22",4.63,10038,,602,93.18936877076412,41.5,38–45,4.54548490426803,92.94019933554817,43.0,43
Goodreads,Manga,Fullmetal Alchemist,13,"Fullmetal Alchemist, Vol. 13",4.62,11065,,602,91.94352159468438,49.0,46–52,4.5440782702309805,92.77408637873754,44.0,44
Goodreads,Manga,One Piece,56,"One Piece, Volume 56: Thank You",4.66,7224,,602,95.265780730897,29.0,27–31,4.543875825673149,92.60797342192691,45.0,45
Goodreads,Manga,Fullmetal Alchemist,24,"Fullmetal Alchemist, Vol. 24",4.63,8993,,602,93.18936877076412,41.5,38–45,4.539551729363599,92.44186046511628,46.0,46
Goodreads,Manga,Fullmetal Alchemist,10,"Fullmetal Alchemist, Vol. 10",4.6,12778,,602,89.70099667774086,62.5,57–68,4.537356110840194,92.27574750830564,47.0,47
Goodreads,Manga,My Hero Academia,29,僕のヒーローアカデミア 29 [Boku no Hero Academia 29],4.65,6997,,602,94.60132890365449,33.0,32–34,4.536402286158645,92.10963455149502,48.0,48
Goodreads,Manga,Fullmetal Alchemist,1,"Fullmetal Alchemist, Vol. 1",4.54,198290,,602,79.2358803986711,125.5,120–131,4.536003365946846,91.94352159468438,49.0,49
Goodreads,Manga,Jujutsu Kaisen,16,呪術廻戦 16 [Jujutsu Kaisen 16],4.58,17898,,602,85.54817275747509,87.5,79–96,4.535791482627177,91.77740863787375,50.0,50
Goodreads,Manga,One Piece,104,ONE PIECE 104 ワノ国将軍 光月モモの助,4.75,3671,,602,99.5016611295681,3.5,3–4,4.535280730636467,91.61129568106313,51.0,51
Goodreads,Manga,One Piece,100,ONE PIECE 100 覇王色,4.72,4267,,602,98.75415282392026,8.0,8,4.53527705767428,91.44518272425249,52.0,52
Goodreads,Manga,Jujutsu Kaisen,13,呪術廻戦 13 [Jujutsu Kaisen 13],4.58,17566,,602,85.54817275747509,87.5,79–96,4.535165814840755,91.27906976744185,53.0,53
Goodreads,Manga,Jujutsu Kaisen,17,呪術廻戦 17 [Jujutsu Kaisen 17],4.58,16704,,602,85.54817275747509,87.5,79–96,4.533455502730151,91.11295681063123,54.0,54
Goodreads,Manga,Jujutsu Kaisen,15,呪術廻戦 15 [Jujutsu Kaisen 15],4.58,16469,,602,85.54817275747509,87.5,79–96,4.532966360371256,90.9468438538206,55.0,55
Goodreads,Manga,Fullmetal Alchemist,19,"Fullmetal Alchemist, Vol. 19",4.62,8580,,602,91.94352159468438,49.0,46–52,4.531042132834124,90.78073089700996,56.0,56
Goodreads,Manga,Fullmetal Alchemist,12,"Fullmetal Alchemist, Vol. 12",4.6,10819,,602,89.70099667774086,62.5,57–68,4.530012701878458,90.61461794019934,57.0,57
Goodreads,Web-serial,Parahumans,1,Worm,4.6,10769,https://www.goodreads.com/book/show/25306236.Worm,602,89.70099667774086,62.5,57–68,4.5298026748757225,90.4485049833887,58.0,58
Goodreads,Manga,Fullmetal Alchemist,6,"Fullmetal Alchemist, Vol. 6",4.58,14666,,602,85.54817275747509,87.5,79–96,4.528841465449418,90.28239202657808,59.0,59
Goodreads,Manga,One Piece,23,"One Piece, Volume 23: Vivi's Adventure",4.6,10401,,602,89.70099667774086,62.5,57–68,4.528217219593204,90.11627906976744,60.0,60
Goodreads,Manga,Demon Slayer,5,鬼滅の刃 5 [Kimetsu no Yaiba 5],4.56,22095,,602,82.47508305647841,106.0,101–111,4.526631791601317,89.95016611295681,61.0,61
Goodreads,Manga,Fullmetal Alchemist,15,"Fullmetal Alchemist, Vol. 15",4.6,10023,,602,89.70099667774086,62.5,57–68,4.526512347550617,89.78405315614619,62.0,62
Goodreads,Manga,Naruto,11,"Naruto, Vol. 11: Impassioned Efforts",4.55,30810,,602,80.8970099667774,115.5,112–119,4.526160541310316,89.61794019933555,63.0,63
Goodreads,Manga,One Piece,96,"One Piece, Volume 96: I Am Oden and I was Born to Boil!",4.7,4213,,602,98.25581395348837,11.0,9–13,4.525951933842151,89.45182724252491,64.0,64
Goodreads,Manga,Demon Slayer,7,鬼滅の刃 7 [Kimetsu no Yaiba 7],4.56,20897,,602,82.47508305647841,106.0,101–111,4.525139598254609,89.28571428571429,65.0,65
Goodreads,Manga,Fullmetal Alchemist,11,"Fullmetal Alchemist, Vol. 11",4.59,11034,,602,87.87375415282392,73.5,69–78,4.524382906533652,89.11960132890366,66.0,66
Goodreads,Manga,One Piece,60,"One Piece, Volume 60: My Little Brother",4.63,6639,,602,93.18936877076412,41.5,38–45,4.522561326851682,88.95348837209302,67.0,67
Goodreads,Manga,Fullmetal Alchemist,3,"Fullmetal Alchemist, Vol. 3",4.55,24774,,602,80.8970099667774,115.5,112–119,4.521468288439889,88.7873754152824,68.0,68
Goodreads,Manga,My Hero Academia,30,僕のヒーローアカデミア 30 [Boku no Hero Academia 30],4.63,6486,,602,93.18936877076412,41.5,38–45,4.521233369749312,88.62126245847176,69.0,69
Goodreads,Manga,Fullmetal Alchemist,18,"Fullmetal Alchemist, Vol. 18",4.6,8944,,602,89.70099667774086,62.5,57–68,4.521167881066414,88.45514950166113,70.0,70
Goodreads,Manga,One Piece,52,"One Piece, Volume 52: Roger and Rayleigh",4.62,7079,,602,91.94352159468438,49.0,46–52,4.52074835350128,88.2890365448505,71.0,71
Goodreads,Manga,Fullmetal Alchemist,14,"Fullmetal Alchemist, Vol. 14",4.58,11753,,602,85.54817275747509,87.5,79–96,4.520395980133283,88.12292358803987,72.0,72
Goodreads,Manga,Hunter × Hunter,1,"Hunter × Hunter, tome 1",4.53,70679,,602,77.57475083056478,135.5,132–139,4.520112277641705,87.95681063122923,73.0,73
Goodreads,Manga,Demon Slayer,15,鬼滅の刃 15 [Kimetsu no Yaiba 15],4.56,17134,,602,82.47508305647841,106.0,101–111,4.519442697215897,87.79069767441861,74.0,74
Goodreads,Fantasy — cycle principal,Kingkiller Chronicle,1,The Name of the Wind,4.52,1120063,https://www.goodreads.com/series/45262-the-kingkiller-chronicle,602,76.0797342192691,144.5,140–149,4.519379910900068,87.62458471760797,75.0,75
Goodreads,Manga,One Piece,45,"One Piece, Volume 45: You Have My Sympathies",4.61,7197,,602,91.0299003322259,54.5,53–56,4.516144792959384,87.45847176079734,76.0,76
Goodreads,Manga,Fullmetal Alchemist,7,"Fullmetal Alchemist, Vol. 7",4.56,14859,,602,82.47508305647841,106.0,101–111,4.514996374596624,87.29235880398672,77.0,77
Goodreads,Manga,One Piece,42,"One Piece, Volume 42: Pirates vs. CP9",4.58,9442,,602,85.54817275747509,87.5,79–96,4.5114133012124205,87.12624584717608,78.0,78
Goodreads,Manga,Fullmetal Alchemist,4,"Fullmetal Alchemist, Vol. 4",4.55,16575,,602,80.8970099667774,115.5,112–119,4.511056293198703,86.96013289036544,79.0,79
Goodreads,Manga,Fullmetal Alchemist,17,"Fullmetal Alchemist, Vol. 17",4.58,9322,,602,85.54817275747509,87.5,79–96,4.510872343319982,86.79401993355482,80.0,80
Goodreads,Manga,Fullmetal Alchemist,8,"Fullmetal Alchemist, Vol. 8",4.55,16100,,602,80.8970099667774,115.5,112–119,4.510215176421137,86.62790697674419,81.0,81
Goodreads,Manga,Fullmetal Alchemist,9,"Fullmetal Alchemist, Vol. 9",4.56,12782,,602,82.47508305647841,106.0,101–111,4.509991018096434,86.46179401993355,82.0,82
Goodreads,Fantasy — cycle principal,The Lord of the Rings,2,The Two Towers,4.51,1181579,https://www.goodreads.com/book/show/15241.The_Two_Towers,602,74.00332225913621,157.0,150–164,4.509461656357598,86.29568106312293,83.0,83
Goodreads,Manga,One Piece,40,"One Piece, Volume 40: Gear",4.59,7897,,602,87.87375415282392,73.5,69–78,4.509455547151227,86.12956810631229,84.0,84
Goodreads,Manga,One Piece,79,"One Piece, Volume 79: Lucy!!",4.64,4826,,602,94.1029900332226,36.0,35–37,4.508890914534856,85.96345514950166,85.0,85
Goodreads,Manga,One Piece,99,One Piece 巻九十九 〝麦わらのルフィ〟,4.67,3906,,602,96.2624584717608,23.0,20–26,4.508539803790566,85.79734219269103,86.0,86
Goodreads,Manga,Jujutsu Kaisen,10,呪術廻戦 10 [Jujutsu Kaisen 10],4.54,19951,,602,79.2358803986711,125.5,120–131,4.508423675873695,85.6312292358804,87.0,87
Goodreads,Manga,Demon Slayer,9,鬼滅の刃 9 [Kimetsu no Yaiba 9],4.54,19805,,602,79.2358803986711,125.5,120–131,4.508244275413634,85.46511627906976,88.0,88
Goodreads,Manga,One Piece,55,"One Piece, Volume 55: A Ray of Hope",4.6,6726,,602,89.70099667774086,62.5,57–68,4.507311270550529,85.29900332225914,89.0,89
Goodreads,Manga,Fullmetal Alchemist,5,"Fullmetal Alchemist, Vol. 5",4.54,17892,,602,79.2358803986711,125.5,120–131,4.505690145575558,85.1328903654485,90.0,90
Goodreads,Manga,One Piece,35,"One Piece, Volume 35: Captain",4.58,8182,,602,85.54817275747509,87.5,79–96,4.505273172577488,84.96677740863787,91.0,91
Goodreads,Manga,My Hero Academia,11,僕のヒーローアカデミア 11 [Boku No Hero Academia 11],4.56,11081,,602,82.47508305647841,106.0,101–111,4.504979365919925,84.80066445182725,92.0,92
Goodreads,Manga,Demon Slayer,14,鬼滅の刃 14 [Kimetsu no Yaiba 14],4.54,17111,,602,79.2358803986711,125.5,120–131,4.504525279520154,84.63455149501661,93.0,93
Goodreads,Manga,My Hero Academia,28,僕のヒーローアカデミア 28 [Boku no Hero Academia 28],4.59,7090,,602,87.87375415282392,73.5,69–78,4.504448855570334,84.46843853820597,94.0,94
Goodreads,Manga,My Hero Academia,17,僕のヒーローアカデミア 17 [Boku No Hero Academia 17],4.57,8986,,602,83.72093023255815,98.5,97–100,4.503271651540267,84.30232558139535,95.0,95
Goodreads,Manga,One Piece,84,"One Piece, Vol. 84: Luffy vs. Sanji",4.63,4655,,602,93.18936877076412,41.5,38–45,4.5023519570933255,84.13621262458472,96.0,96
Goodreads,Manga,One Piece,101,ONE PIECE 101 花形登場,4.66,3700,,602,95.265780730897,29.0,27–31,4.501215248104442,83.9700996677741,97.0,97
Goodreads,Manga,My Hero Academia,27,僕のヒーローアカデミア 27 [Boku no Hero Academia 27],4.58,7378,,602,85.54817275747509,87.5,79–96,4.500745809686285,83.80398671096346,98.0,98
Goodreads,Manga,One Piece,109,ONE PIECE 109 きみの味方,4.74,2436,,602,99.16943521594685,5.5,5–6,4.50051597135641,83.63787375415282,99.0,99
Goodreads,Manga,Jujutsu Kaisen,4,呪術廻戦 4 [Jujutsu Kaisen 4],4.52,28779,,602,76.0797342192691,144.5,140–149,4.49986263263608,83.4717607973422,100.0,100
Goodreads,Fantasy — cycle principal,Harry Potter,5,Harry Potter and the Order of the Phoenix,4.5,3925476,https://www.goodreads.com/series/45175-harry-potter,602,71.76079734219269,170.5,165–176,4.499852381497038,83.30564784053156,101.0,101
Goodreads,Manga,One Piece,43,"One Piece, Volume 43: Legend of a Hero",4.58,7181,,602,85.54817275747509,87.5,79–96,4.499551556005803,83.13953488372093,102.0,102
Goodreads,Manga,One Piece,102,ONE PIECE 102 天王山,4.66,3589,,602,95.265780730897,29.0,27–31,4.49935635368263,82.9734219269103,103.0,103
Goodreads,Manga,One Piece,37,"One Piece, Volume 37: Tom",4.57,7846,,602,83.72093023255815,98.5,97–100,4.497734633871373,82.80730897009967,104.0,104
Goodreads,Manga,One Piece,16,"One Piece, Volume 16: Carrying On His Will",4.54,12991,,602,79.2358803986711,125.5,120–131,4.496785408819438,82.64119601328903,105.0,105
Goodreads,Manga,One Piece,108,ONE PIECE 108 死んだ方がいい世界,4.7,2703,,602,98.25581395348837,11.0,9–13,4.495376332667309,82.47508305647841,106.0,106
Goodreads,Manga,One Piece,61,"One Piece, Volume 61: Romance Dawn for the New World",4.58,6508,,602,85.54817275747509,87.5,79–96,4.495185457638148,82.30897009966777,107.0,107
Goodreads,Manga,One Piece,107,ONE PIECE 107 伝説の英雄,4.68,2946,,602,97.00996677740864,18.5,18–19,4.494335833845319,82.14285714285714,108.0,108
Goodreads,Manga,Demon Slayer,6,鬼滅の刃 6 [Kimetsu no Yaiba 6],4.52,20865,,602,76.0797342192691,144.5,140–149,4.493906652992314,81.97674418604652,109.0,109
Goodreads,Manga,One Piece,54,"One Piece, Volume 54: Unstoppable",4.57,7001,,602,83.72093023255815,98.5,97–100,4.4929985859108745,81.81063122923588,110.0,110
Goodreads,Manga,One Piece,36,"One Piece, Volume 36: The Ninth Justice",4.56,7729,,602,82.47508305647841,106.0,101–111,4.491439802330276,81.64451827242524,111.0,111
Goodreads,Manga,My Hero Academia,9,僕のヒーローアカデミア 9 [Boku No Hero Academia 9],4.53,13657,,602,77.57475083056478,135.5,132–139,4.491271759760703,81.47840531561462,112.0,112
Goodreads,Manga,One Piece,78,"One Piece, Volume 78: Champion of Evil",4.6,4815,,602,89.70099667774086,62.5,57–68,4.4907688318881025,81.31229235880399,113.0,113
Goodreads,Manga,Demon Slayer,13,鬼滅の刃 13 [Kimetsu no Yaiba 13],4.52,17455,,602,76.0797342192691,144.5,140–149,4.490095610555385,81.14617940199335,114.0,114
Goodreads,Manga,One Piece,98,One Piece 巻九十八 〝忠臣錦〟,4.62,3977,,602,91.94352159468438,49.0,46–52,4.489553398595862,80.98006644518273,115.0,115
Goodreads,Manga,Demon Slayer,4,鬼滅の刃 4 [Kimetsu no Yaiba 4],4.51,25227,,602,74.00332225913621,157.0,150–164,4.489457647694913,80.81395348837209,116.0,116
Goodreads,Manga,My Hero Academia,10,僕のヒーローアカデミア 10 [Boku No Hero Academia 10],4.53,12738,,602,77.57475083056478,135.5,132–139,4.489361384151895,80.64784053156146,117.0,117
Goodreads,Manga,One Piece,51,"One Piece, Volume 51: The Eleven Supernovas",4.56,7110,,602,82.47508305647841,106.0,101–111,4.488175909820562,80.48172757475083,118.0,118
Goodreads,Manga,Fullmetal Alchemist,2,"Fullmetal Alchemist, Vol. 2",4.51,23028,,602,74.00332225913621,157.0,150–164,4.4878956887827615,80.3156146179402,119.0,119
Goodreads,Manga,One Piece,1,"One Piece, Volume 1: Romance Dawn",4.49,193407,,602,69.51827242524917,184.0,177–191,4.487383747914279,80.14950166112956,120.0,120
Goodreads,Manga,Jujutsu Kaisen,7,"Jujutsu Kaisen, Vol. 7",4.51,21812,,602,74.00332225913621,157.0,150–164,4.486925491073358,79.98338870431894,121.0,121
Goodreads,Manga,One Piece,89,"One Piece, Vol. 89: Bad End Musical",4.6,4419,,602,89.70099667774086,62.5,57–68,4.4865739482560105,79.8172757475083,122.0,122
Goodreads,Manga,Fullmetal Alchemist,16,"Fullmetal Alchemist, Vol. 16",4.54,9182,,602,79.2358803986711,125.5,120–131,4.48586601661361,79.65116279069767,123.0,123
Goodreads,Manga,One Piece,95,"One Piece, Volume 95: Oden's Adventure",4.6,4347,,602,89.70099667774086,62.5,57–68,4.48577638238604,79.48504983388705,124.0,124
Goodreads,Manga,One Piece,97,ONE PIECE 巻九十七 〝僕の聖書〟,4.61,3997,,602,91.0299003322259,54.5,53–56,4.48577554653338,79.31893687707641,125.0,125
Goodreads,Manga,One Piece,76,"One Piece, Volume 76: Just Keep Going",4.58,5229,,602,85.54817275747509,87.5,79–96,4.485431575546631,79.15282392026577,126.0,126
Goodreads,Manga,One Piece,22,"One Piece, Volume 22: Hope!!",4.53,10723,,602,77.57475083056478,135.5,132–139,4.484433045496185,78.98671096345515,127.0,127
Goodreads,Manga,Jujutsu Kaisen,1,呪術廻戦 1 [Jujutsu Kaisen 1],4.49,72707,,602,69.51827242524917,184.0,177–191,4.483366144408576,78.82059800664452,128.0,128
Goodreads,Manga,Jujutsu Kaisen,12,呪術廻戦 12 [Jujutsu Kaisen 12],4.51,18004,,602,74.00332225913621,157.0,150–164,4.48324847854045,78.65448504983388,129.0,129
Goodreads,Manga,One Piece,77,"One Piece, Volume 77: Smile",4.58,4820,,602,85.54817275747509,87.5,79–96,4.481820981791539,78.48837209302326,130.0,130
Goodreads,Manga,One Piece,110,ONE PIECE 110 時代のうねり,4.7,2164,,602,98.25581395348837,11.0,9–13,4.481686497541347,78.32225913621262,131.0,131
Goodreads,Manga,One Piece,90,"One Piece, Vol. 90: Sacred Marijoa",4.58,4527,,602,85.54817275747509,87.5,79–96,4.479060153312718,78.15614617940199,132.0,132
Goodreads,Manga,One Piece,85,"One Piece, Vol. 85: Liar",4.58,4480,,602,85.54817275747509,87.5,79–96,4.478602773433778,77.99003322259136,133.0,133
Goodreads,Manga,One Piece,53,"One Piece, Volume 53: Natural Born King",4.54,7370,,602,79.2358803986711,125.5,120–131,4.47846991648949,77.82392026578073,134.0,134
Goodreads,Manga,Naruto,9,"Naruto, Vol. 09: Neji vs. Hinata",4.5,19122,,602,71.76079734219269,170.5,165–176,4.476799746844504,77.6578073089701,135.0,135
Goodreads,Manga,One Piece,105,ONE PIECE 105 ルフィの夢,4.61,3208,,602,91.0299003322259,54.5,53–56,4.47500546864918,77.49169435215947,136.0,136
Goodreads,Manga,Naruto,5,"Naruto, Vol. 05: The Challengers",4.49,25732,,602,69.51827242524917,184.0,177–191,4.473512222088629,77.32558139534883,137.0,137
Goodreads,Manga,Fairy Tail,10,"Fairy Tail, Vol. 10",4.52,8958,,602,76.0797342192691,144.5,140–149,4.47298523736183,77.15946843853821,138.0,138
Goodreads,Manga,Jujutsu Kaisen,6,呪術廻戦 6 [Jujutsu Kaisen 6],4.49,22368,,602,69.51827242524917,184.0,177–191,4.471549592804156,76.99335548172758,139.0,139
Goodreads,Manga,Fairy Tail,12,"Fairy Tail, Vol. 12",4.53,7029,,602,77.57475083056478,135.5,132–139,4.471406358970851,76.82724252491694,140.0,140
Goodreads,Manga,One Piece,94,"One Piece, Vol. 94: A Soldier's Dream",4.56,4527,,602,82.47508305647841,106.0,101–111,4.470370676850314,76.66112956810632,141.0,141
Goodreads,Manga,One Piece,17,"One Piece, Volume 17: Hiriluk's Cherry Blossoms",4.5,13488,,602,71.76079734219269,170.5,165–176,4.470055327129943,76.49501661129568,142.0,142
Goodreads,Fantasy — cycle principal,Harry Potter,1,Harry Potter and the Philosopher's Stone,4.47,11816633,https://www.goodreads.com/series/45175-harry-potter,602,65.78073089700996,206.5,202–211,4.469965864507329,76.32890365448505,143.0,143
Goodreads,Manga,One Piece,75,"One Piece, Volume 75: Repaying the Debt",4.55,4963,,602,80.8970099667774,115.5,112–119,4.4693986704842565,76.16279069767442,144.0,144
Goodreads,Manga,My Hero Academia,16,僕のヒーローアカデミア 16 [Boku No Hero Academia 16],4.51,9282,,602,74.00332225913621,157.0,150–164,4.467872237466926,75.99667774086379,145.0,145
Goodreads,Manga,My Hero Academia,18,僕のヒーローアカデミア 18 [Boku No Hero Academia 18],4.51,8736,,602,74.00332225913621,157.0,150–164,4.46629984396499,75.83056478405315,146.0,146
Goodreads,Manga,One Piece,50,"One Piece, Volume 50: Arriving Again",4.52,7109,,602,76.0797342192691,144.5,140–149,4.466299062988259,75.66445182724253,147.0,147
Goodreads,Manga,One Piece,73,"One Piece, Volume 73: Operation Dressrosa S.O.P.",4.54,5101,,602,79.2358803986711,125.5,120–131,4.465770434114873,75.4983388704319,148.0,148
Goodreads,Manga,My Hero Academia,6,僕のヒーローアカデミア 6 [Boku No Hero Academia 6],4.49,15625,,602,69.51827242524917,184.0,177–191,4.465767736374665,75.33222591362126,149.0,149
Goodreads,Manga,One Piece,8,"One Piece, Volume 8: I Won't Die",4.48,25603,,602,67.44186046511628,196.5,192–201,4.465315593257508,75.16611295681064,150.0,150
Goodreads,Manga,One Piece,86,"One Piece, Vol. 86: Emperor Assassination Plan",4.55,4406,,602,80.8970099667774,115.5,112–119,4.465039303533705,75.0,151.0,151
Goodreads,Manga,My Hero Academia,33,僕のヒーローアカデミア 33 [Boku no Hero Academia 33],4.54,4938,,602,79.2358803986711,125.5,120–131,4.464653272465894,74.83388704318936,152.0,152
Goodreads,Manga,Naruto,42,"Naruto, Vol. 42: The Secret of the Mangekyo",4.51,7878,,602,74.00332225913621,157.0,150–164,4.463577013720769,74.66777408637874,153.0,153
Goodreads,Manga,Naruto,46,"Naruto, Vol. 46: Naruto Returns",4.51,7689,,602,74.00332225913621,157.0,150–164,4.4629309919700955,74.5016611295681,154.0,154
Goodreads,Manga,Naruto,4,"Naruto, Vol. 04: Hero’s Bridge",4.48,20937,,602,67.44186046511628,196.5,192–201,4.462761783389249,74.33554817275747,155.0,155
Goodreads,Manga,One Piece,39,"One Piece, Volume 39: Scramble",4.51,7541,,602,74.00332225913621,157.0,150–164,4.462412421739819,74.16943521594685,156.0,156
Goodreads,Manga,Naruto,26,"Naruto, Vol. 26: Awakening",4.5,9532,,602,71.76079734219269,170.5,165–176,4.462375264510477,74.00332225913621,157.0,157
Goodreads,Manga,Naruto,53,NARUTO -ナルト- 53 巻ノ五十三,4.52,6174,,602,76.0797342192691,144.5,140–149,4.462137924621212,73.83720930232558,158.0,158
Goodreads,Manga,Naruto,47,"Naruto, Vol. 47: The Seal Destroyed",4.51,7247,,602,74.00332225913621,157.0,150–164,4.461347636321158,73.67109634551495,159.0,159
Goodreads,Manga,One Piece,20,"One Piece, Vol. 20: Showdown at Alubarna",4.49,12173,,602,69.51827242524917,184.0,177–191,4.4611373760727275,73.50498338870432,160.0,160
Goodreads,Manga,My Hero Academia,31,僕のヒーローアカデミア 31 [Boku no Hero Academia 31],4.52,5689,,602,76.0797342192691,144.5,140–149,4.459714826874054,73.33887043189368,161.0,161
Goodreads,Manga,My Hero Academia,26,僕のヒーローアカデミア 26 [Boku no Hero Academia 26],4.5,8339,,602,71.76079734219269,170.5,165–176,4.459221253377498,73.17275747508306,162.0,162
Goodreads,Manga,One Piece,21,"One Piece, Vol. 21: Utopia",4.49,10835,,602,69.51827242524917,184.0,177–191,4.4588287112504466,73.00664451827242,163.0,163
Goodreads,Manga,Naruto,12,"Naruto, Vol. 12: The Great Flight",4.48,15826,,602,67.44186046511628,196.5,192–201,4.458705125466394,72.84053156146179,164.0,164
Goodreads,Manga,One Piece,11,"One Piece, Volume 11: The Meanest Man in the East",4.48,15751,,602,67.44186046511628,196.5,192–201,4.458631333538562,72.67441860465117,165.0,165
Goodreads,Manga,My Hero Academia,36,僕のヒーローアカデミア 36 [Boku no Hero Academia 36],4.54,4083,,602,79.2358803986711,125.5,120–131,4.458195305242029,72.50830564784053,166.0,166
Goodreads,Manga,My Hero Academia,7,僕のヒーローアカデミア 7 [Boku No Hero Academia 7],4.48,15189,,602,67.44186046511628,196.5,192–201,4.458061678127356,72.3421926910299,167.0,167
Goodreads,Manga,My Hero Academia,25,僕のヒーローアカデミア 25 [Boku no Hero Academia 25],4.5,7937,,602,71.76079734219269,170.5,165–176,4.458035884698786,72.17607973421927,168.0,168
Goodreads,Manga,Demon Slayer,1,鬼滅の刃 1 [Kimetsu no Yaiba 1],4.46,150343,,602,64.03654485049834,217.0,212–222,4.45779408180242,72.00996677740864,169.0,169
Goodreads,Manga,One Piece,91,"One Piece, Volume 91: Adventure in the Land of Samurai",4.53,4540,,602,77.57475083056478,135.5,132–139,4.4574270086213135,71.84385382059801,170.0,170
Goodreads,Manga,One Piece,106,ONE PIECE 106 天才の夢,4.56,3085,,602,82.47508305647841,106.0,101–111,4.455974076016915,71.67774086378738,171.0,171
Goodreads,Manga,One Piece,74,"One Piece, Volume 74: Ever at Your Side",4.52,4993,,602,76.0797342192691,144.5,140–149,4.45586029740865,71.51162790697674,172.0,172
Goodreads,Manga,One Piece,18,"One Piece, Volume 18: Ace Arrives",4.48,12031,,602,67.44186046511628,196.5,192–201,4.454196293549913,71.34551495016612,173.0,173
Goodreads,Manga,One Piece,31,"One Piece, Volume 31: We'll Be Here",4.49,8555,,602,69.51827242524917,184.0,177–191,4.453909483816706,71.17940199335548,174.0,174
Goodreads,Manga,Demon Slayer,12,鬼滅の刃 12 [Kimetsu no Yaiba 12],4.47,18389,,602,65.78073089700996,206.5,202–211,4.453379621005369,71.01328903654485,175.0,175
Goodreads,Manga,Jujutsu Kaisen,25,呪術廻戦 25 [Jujutsu Kaisen 25],4.49,8084,,602,69.51827242524917,184.0,177–191,4.452693254208268,70.84717607973423,176.0,176
Goodreads,Manga,Jujutsu Kaisen,2,呪術廻戦 2 [Jujutsu Kaisen 2],4.46,38510,,602,64.03654485049834,217.0,212–222,4.452238213331273,70.68106312292359,177.0,177
Goodreads,Manga,One Piece,10,"One Piece, Volume 10: OK, Let's Stand Up!",4.47,16243,,602,65.78073089700996,206.5,202–211,4.451768302836704,70.51495016611295,178.0,178
Goodreads,Manga,One Piece,93,"One Piece, Volume 93: The Star of Ebisu",4.52,4319,,602,76.0797342192691,144.5,140–149,4.4516268195115165,70.34883720930233,179.0,179
Goodreads,Manga,Demon Slayer,3,鬼滅の刃 3 [Kimetsu no Yaiba 3],4.46,29609,,602,64.03654485049834,217.0,212–222,4.450292164202692,70.1827242524917,180.0,180
Goodreads,Fantasy — cycle principal,A Song of Ice and Fire,1,A Game of Thrones,4.45,2818198,https://www.goodreads.com/series/43790-a-song-of-ice-and-fire,602,62.04318936877076,229.0,223–235,4.449898828407744,70.01661129568106,181.0,181
Goodreads,Manga,My Hero Academia,32,僕のヒーローアカデミア 32 [Boku no Hero Academia 32],4.5,5266,,602,71.76079734219269,170.5,165–176,4.447990972571748,69.85049833887044,182.0,182
Goodreads,Manga,One Piece,88,"One Piece, Vol. 88: Lion",4.51,4342,,602,74.00332225913621,157.0,150–164,4.447537961545933,69.6843853820598,183.0,183
Goodreads,Manga,One Piece,111,ONE PIECE 111,4.59,1873,,602,87.87375415282392,73.5,69–78,4.446974086335954,69.51827242524917,184.0,184
Goodreads,Manga,Fairy Tail,11,"Fairy Tail, Vol. 11",4.48,8066,,602,67.44186046511628,196.5,192–201,4.446866587917173,69.35215946843854,185.0,185
Goodreads,Manga,Fairy Tail,8,"Fairy Tail, Vol. 08",4.48,7856,,602,67.44186046511628,196.5,192–201,4.446360495140696,69.18604651162791,186.0,186
Goodreads,Manga,One Piece,80,"One Piece, Volume 80: Opening Speech",4.5,4772,,602,71.76079734219269,170.5,165–176,4.445581815128872,69.01993355481727,187.0,187
Goodreads,Manga,Hunter × Hunter,34,"Hunter × Hunter, tome 34",4.54,2745,,602,79.2358803986711,125.5,120–131,4.445523272641605,68.85382059800665,188.0,188
Goodreads,Manga,One Piece,70,"One Piece, Volume 70: Enter Doflamingo",4.49,5525,,602,69.51827242524917,184.0,177–191,4.444331707242553,68.68770764119601,189.0,189
Goodreads,Manga,One Piece,25,"One Piece, Volume 25: The 100 Million Berry Man",4.47,9589,,602,65.78073089700996,206.5,202–211,4.443932258982776,68.52159468438538,190.0,190
Goodreads,Manga,One Piece,87,"One Piece, Vol. 87: Bittersweet",4.5,4380,,602,71.76079734219269,170.5,165–176,4.443505209777742,68.35548172757476,191.0,191
Goodreads,Manga,Naruto,27,"Naruto, Vol. 27: Departure",4.47,9274,,602,65.78073089700996,206.5,202–211,4.443390846104365,68.18936877076412,192.0,192
Goodreads,Manga,Demon Slayer,2,鬼滅の刃 2 [Kimetsu no Yaiba 2],4.45,34675,,602,62.04318936877076,229.0,223–235,4.442956979538839,68.02325581395348,193.0,193
Goodreads,Manga,My Hero Academia,24,僕のヒーローアカデミア 24 [Boku no Hero Academia 24],4.47,8137,,602,65.78073089700996,206.5,202–211,4.441234346729524,67.85714285714286,194.0,194
Goodreads,Manga,One Piece,19,"One Piece, Volume 19: Rebellion",4.46,11619,,602,64.03654485049834,217.0,212–222,4.440319062755438,67.69102990033223,195.0,195
Goodreads,Manga,One Piece,92,"One Piece, Vol. 92: Introducing Komurasaki the Oiran",4.49,4355,,602,69.51827242524917,184.0,177–191,4.439117566961879,67.52491694352159,196.0,196
Goodreads,Manga,My Hero Academia,4,僕のヒーローアカデミア 4 [Boku No Hero Academia 4],4.45,19171,,602,62.04318936877076,229.0,223–235,4.4386002460726495,67.35880398671097,197.0,197
Goodreads,Manga,Naruto,7,"Naruto, Vol. 07: The Path You Should Tread",4.45,17081,,602,62.04318936877076,229.0,223–235,4.437563160486729,67.19269102990033,198.0,198
Goodreads,Manga,Naruto,31,"Naruto, Vol. 31: Final Battle",4.46,9330,,602,64.03654485049834,217.0,212–222,4.437359649692354,67.0265780730897,199.0,199
Goodreads,Manga,One Piece,69,"One Piece, Volume 69: S.A.D.",4.47,5489,,602,65.78073089700996,206.5,202–211,4.434541779856948,66.86046511627907,200.0,200
Goodreads,Manga,Jujutsu Kaisen,3,呪術廻戦 3 [Jujutsu Kaisen 3],4.44,32355,,602,59.21926910299003,246.0,236–256,4.4340703906776096,66.69435215946844,201.0,201
Goodreads,Manga,Naruto,2,"Naruto, Vol. 02: The Worst Client",4.44,32311,,602,59.21926910299003,246.0,236–256,4.434063561386833,66.5282392026578,202.0,202
Goodreads,Manga,My Hero Academia,41,僕のヒーローアカデミア 41 [Boku no Hero Academia 41],4.51,2511,,602,74.00332225913621,157.0,150–164,4.433928395007063,66.36212624584718,203.0,203
Goodreads,Manga,One Piece,72,"One Piece, Volume 72: Dressrosa's Forgotten",4.47,5140,,602,65.78073089700996,206.5,202–211,4.4334201012863685,66.19601328903654,204.0,204
Goodreads,Manga,Hunter × Hunter,29,"Hunter × Hunter, tome 29",4.53,1921,,602,77.57475083056478,135.5,132–139,4.4331013332619005,66.0299003322259,205.0,205
Goodreads,Manga,Jujutsu Kaisen,5,"Jujutsu Kaisen, Vol. 5",4.44,24984,,602,59.21926910299003,246.0,236–256,4.4326548432446,65.86378737541528,206.0,206
Goodreads,Manga,My Hero Academia,3,僕のヒーローアカデミア 3 [Boku No Hero Academia 3],4.44,23480,,602,59.21926910299003,246.0,236–256,4.432278739209869,65.69767441860465,207.0,207
Goodreads,Manga,Naruto,3,"Naruto, Vol. 03: Dreams",4.44,22679,,602,59.21926910299003,246.0,236–256,4.43206227420478,65.53156146179403,208.0,208
Goodreads,Manga,One Piece,7,"One Piece, Volume 7: The Crap-Geezer",4.44,21372,,602,59.21926910299003,246.0,236–256,4.431681757136271,65.36544850498339,209.0,209
Goodreads,Manga,Naruto,25,"Naruto, Vol. 25: Brothers",4.45,9154,,602,62.04318936877076,229.0,223–235,4.43101101701006,65.19933554817275,210.0,210
Goodreads,Manga,One Piece,32,"One Piece, Volume 32: Love Song",4.45,8634,,602,62.04318936877076,229.0,223–235,4.430331275079466,65.03322259136213,211.0,211
Goodreads,Manga,Hunter × Hunter,4,"Hunter × Hunter, tome 4",4.46,5647,,602,64.03654485049834,217.0,212–222,4.43013365114969,64.8671096345515,212.0,212
Goodreads,Fantasy — cycle principal,Harry Potter,2,Harry Potter and the Chamber of Secrets,4.43,4672988,https://www.goodreads.com/series/45175-harry-potter,602,56.31229235880399,263.5,257–270,4.42996412224408,64.70099667774086,213.0,213
Goodreads,Manga,My Hero Academia,40,僕のヒーローアカデミア 40 [Boku no Hero Academia 40],4.49,2709,,602,69.51827242524917,184.0,177–191,4.429380604248313,64.53488372093024,214.0,214
Goodreads,Manga,Hunter × Hunter,11,"Hunter × Hunter, tome 11",4.48,3230,,602,67.44186046511628,196.5,192–201,4.429301975055287,64.3687707641196,215.0,215
Goodreads,Manga,One Piece,12,"One Piece, Volume 12: The Legend Begins",4.44,15139,,602,59.21926910299003,246.0,236–256,4.42921652128673,64.20265780730897,216.0,216
Goodreads,Manga,Hunter × Hunter,28,"Hunter × Hunter, tome 28",4.51,1962,,602,74.00332225913621,157.0,150–164,4.428611276012712,64.03654485049834,217.0,217
Goodreads,Manga,One Piece,114,ONE PIECE 114,4.69,595,,602,97.50830564784053,15.5,14–17,4.427970291705874,63.87043189368771,218.0,218
Goodreads,Manga,One Piece,81,"One Piece, Vol. 81: Let's Go See the Cat Viper",4.46,4641,,602,64.03654485049834,217.0,212–222,4.42728127093956,63.70431893687708,219.0,219
Goodreads,Manga,One Piece,82,"One Piece, Vol. 82: The World Is Restless",4.46,4612,,602,64.03654485049834,217.0,212–222,4.427190943637666,63.538205980066444,220.0,220
Goodreads,Manga,Hunter × Hunter,30,"Hunter × Hunter, tome 30",4.5,1974,,602,71.76079734219269,170.5,165–176,4.426226055735315,63.372093023255815,221.0,221
Goodreads,Manga,My Hero Academia,2,僕のヒーローアカデミア 2 [Boku No Hero Academia 2],4.43,36938,,602,56.31229235880399,263.5,257–270,4.42608064971088,63.205980066445186,222.0,222
Goodreads,Manga,My Hero Academia,13,僕のヒーローアカデミア 13 [Boku No Hero Academia 13],4.44,10253,,602,59.21926910299003,246.0,236–256,4.425953192371984,63.03986710963455,223.0,223
Goodreads,Manga,One Piece,113,ONE PIECE 113,4.59,876,,602,87.87375415282392,73.5,69–78,4.4259063703097965,62.87375415282392,224.0,224
Goodreads,Manga,One Piece,112,ONE PIECE 112,4.53,1363,,602,77.57475083056478,135.5,132–139,4.425649130651486,62.70764119601329,225.0,225
Goodreads,Manga,My Hero Academia,15,僕のヒーローアカデミア 15 [Boku No Hero Academia 15],4.44,9480,,602,59.21926910299003,246.0,236–256,4.425246854281468,62.541528239202655,226.0,226
Goodreads,Manga,Hunter × Hunter,25,"Hunter × Hunter, tome 25",4.49,2102,,602,69.51827242524917,184.0,177–191,4.4247779432662275,62.37541528239203,227.0,227
Goodreads,Manga,Bleach,15,"Bleach, Volume 15",4.43,25739,,602,56.31229235880399,263.5,257–270,4.424693020167929,62.2093023255814,228.0,228
Goodreads,Manga,Hunter × Hunter,12,"Hunter × Hunter, tome 12",4.47,3007,,602,65.78073089700996,206.5,202–211,4.4246527633509585,62.04318936877076,229.0,229
Goodreads,Manga,One Piece,30,"One Piece, Volume 30: Capriccio",4.44,8702,,602,59.21926910299003,246.0,236–256,4.424460397234702,61.87707641196013,230.0,230
Goodreads,Manga,One Piece,71,"One Piece, Volume 71: Coliseum of Scoundrels",4.45,5272,,602,62.04318936877076,229.0,223–235,4.424408371843061,61.7109634551495,231.0,231
Goodreads,Manga,One Piece,6,"One Piece, Volume 6: The Oath",4.43,22672,,602,56.31229235880399,263.5,257–270,4.4241232042374925,61.54485049833887,232.0,232
Goodreads,Manga,My Hero Academia,39,僕のヒーローアカデミア 39 [Boku no Hero Academia 39],4.47,2866,,602,65.78073089700996,206.5,202–211,4.423922734194423,61.37873754152824,233.0,233
Goodreads,Manga,Naruto,72,NARUTO -ナルト- 72,4.45,5023,,602,62.04318936877076,229.0,223–235,4.423824585904619,61.21262458471761,234.0,234
Goodreads,Manga,One Piece,34,"One Piece, Volume 34: The City of Water, Water Seven",4.44,8003,,602,59.21926910299003,246.0,236–256,4.423678692198327,61.04651162790697,235.0,235
Goodreads,Manga,Hunter × Hunter,9,"Hunter × Hunter, tome 9",4.46,3442,,602,64.03654485049834,217.0,212–222,4.423078608114184,60.880398671096344,236.0,236
Goodreads,Manga,Jujutsu Kaisen,26,呪術廻戦 26 [Jujutsu Kaisen 26],4.44,7294,,602,59.21926910299003,246.0,236–256,4.422801142641479,60.714285714285715,237.0,237
Goodreads,Manga,Naruto,37,NARUTO -ナルト- 巻ノ三十七,4.44,6955,,602,59.21926910299003,246.0,236–256,4.422347325739783,60.548172757475086,238.0,238
Goodreads,Manga,Naruto,45,"Naruto, Vol. 45: Battlefield, Konoha",4.44,6780,,602,59.21926910299003,246.0,236–256,4.422103552372607,60.38205980066445,239.0,239
Goodreads,Manga,Hunter × Hunter,3,"Hunter × Hunter, tome 3",4.44,6609,,602,59.21926910299003,246.0,236–256,4.421858758344348,60.21594684385382,240.0,240
Goodreads,Manga,Jujutsu Kaisen,19,呪術廻戦 19 [Jujutsu Kaisen 19],4.43,14365,,602,56.31229235880399,263.5,257–270,4.421713304575681,60.04983388704319,241.0,241
Goodreads,Manga,Black Clover,29,ブラッククローバー 29,4.51,1332,,602,74.00332225913621,157.0,150–164,4.421513913411566,59.883720930232556,242.0,242
Goodreads,Manga,Black Clover,27,ブラッククローバー 27,4.5,1410,,602,71.76079734219269,170.5,165–176,4.420528211905766,59.71760797342193,243.0,243
Goodreads,Manga,My Hero Academia,37,僕のヒーローアカデミア 37 [Boku no Hero Academia 37],4.45,3741,,602,62.04318936877076,229.0,223–235,4.4203412329311105,59.5514950166113,244.0,244
Goodreads,Manga,Naruto,15,"Naruto, Vol. 15: Naruto's Ninja Handbook!",4.43,10797,,602,56.31229235880399,263.5,257–270,4.4199417158957335,59.38538205980066,245.0,245
Goodreads,Fantasy — cycle principal,A Song of Ice and Fire,2,A Clash of Kings,4.42,1052073,https://www.goodreads.com/series/43790-a-song-of-ice-and-fire,602,53.57142857142857,280.0,271–289,4.419897026195507,59.21926910299003,246.0,246
Goodreads,Manga,Fairy Tail,14,フェアリーテイル 14 [Fearī Teiru 14],4.44,5387,,602,59.21926910299003,246.0,236–256,4.419893370046709,59.053156146179404,247.0,247
Goodreads,Manga,Naruto,60,"Naruto, Vol. 60: Kurama",4.44,5203,,602,59.21926910299003,246.0,236–256,4.419559935779538,58.88704318936877,248.0,248
Goodreads,Manga,My Hero Academia,14,僕のヒーローアカデミア 14 [Boku No Hero Academia 14],4.43,9851,,602,56.31229235880399,263.5,257–270,4.419337330799495,58.72093023255814,249.0,249
Goodreads,Manga,Black Clover,28,ブラッククローバー 28,4.49,1435,,602,69.51827242524917,184.0,177–191,4.418840978156514,58.55481727574751,250.0,250
Goodreads,Manga,Black Clover,30,ブラッククローバー 30 [Black Clover 30],4.5,1254,,602,71.76079734219269,170.5,165–176,4.418793432791136,58.388704318936874,251.0,251
Goodreads,Manga,One Piece,83,"One Piece, Vol. 83: Emperor of the Sea, Charlotte Linlin",4.44,4602,,602,59.21926910299003,246.0,236–256,4.418389372284707,58.222591362126245,252.0,252
Goodreads,Manga,One Piece,115,ONE PIECE 115,4.68,349,,602,97.00996677740864,18.5,18–19,4.417083596481913,58.056478405315616,253.0,253
Goodreads,Manga,Hunter × Hunter,17,"Hunter × Hunter, tome 17",4.45,2695,,602,62.04318936877076,229.0,223–235,4.4167286483192845,57.89036544850498,254.0,254
Goodreads,Manga,Hunter × Hunter,26,"Hunter × Hunter, tome 26",4.46,2068,,602,64.03654485049834,217.0,212–222,4.416705893780774,57.72425249169435,255.0,255
Goodreads,Manga,Naruto,48,"Naruto, Vol. 48: The Cheering Village",4.43,6525,,602,56.31229235880399,263.5,257–270,4.416481358360528,57.55813953488372,256.0,256
Goodreads,Manga,Black Clover,32,ブラッククローバー 32 [Black Clover 32],4.49,1105,,602,69.51827242524917,184.0,177–191,4.415485140041709,57.39202657807309,257.0,257
Goodreads,Manga,Fairy Tail,18,フェアリーテイル 18 [Fearī Teiru 18],4.43,5024,,602,56.31229235880399,263.5,257–270,4.414622568354496,57.22591362126246,258.0,258
Goodreads,Manga,Naruto,10,"Naruto, Vol. 10: A Splendid Ninja",4.42,12861,,602,53.57142857142857,280.0,271–289,4.414190805313241,57.05980066445183,259.0,259
Goodreads,Manga,Fairy Tail,35,フェアリーテイル 35 [Fearī Teiru 35],4.44,2882,,602,59.21926910299003,246.0,236–256,4.414153201600303,56.8936877076412,260.0,260
Goodreads,Manga,Hunter × Hunter,27,"Hunter × Hunter, tome 27",4.45,2016,,602,62.04318936877076,229.0,223–235,4.413872070233528,56.72757475083056,261.0,261
Goodreads,Manga,Naruto,13,"Naruto, Vol. 13: The Chūnin Exam, Concluded...!!",4.42,11708,,602,53.57142857142857,280.0,271–289,4.413810247858973,56.561461794019934,262.0,262
Goodreads,Manga,My Hero Academia,35,僕のヒーローアカデミア 35 [Boku No Hero Academia 35],4.43,4341,,602,56.31229235880399,263.5,257–270,4.413596254208419,56.395348837209305,263.0,263
Goodreads,Manga,Naruto,19,"Naruto, Vol. 19: Successor",4.42,10700,,602,53.57142857142857,280.0,271–289,4.413434218318026,56.22923588039867,264.0,264
Goodreads,Manga,Hunter × Hunter,31,"Hunter × Hunter, tome 31",4.45,1890,,602,62.04318936877076,229.0,223–235,4.413287152899692,56.06312292358804,265.0,265
Goodreads,Manga,My Hero Academia,21,僕のヒーローアカデミア 21 [Boku no Hero Academia 21],4.42,9404,,602,53.57142857142857,280.0,271–289,4.412877930731987,55.89700996677741,266.0,266
Goodreads,Manga,Black Clover,33,ブラッククローバー 33 [Black Clover 33],4.48,989,,602,67.44186046511628,196.5,192–201,4.412791872039796,55.730897009966775,267.0,267
Goodreads,Manga,Fairy Tail,5,"Fairy Tail, Vol. 05",4.42,8234,,602,53.57142857142857,280.0,271–289,4.412288059140046,55.564784053156146,268.0,268
Goodreads,Manga,Hunter × Hunter,2,"Hunter × Hunter, tome 2",4.42,7540,,602,53.57142857142857,280.0,271–289,4.4118896160388505,55.39867109634552,269.0,269
Goodreads,Manga,Hunter × Hunter,24,"Hunter × Hunter, tome 24",4.44,2143,,602,59.21926910299003,246.0,236–256,4.411776151756811,55.23255813953488,270.0,270
Goodreads,Manga,One Piece,49,"One Piece, Volume 49: Nightmare Luffy",4.42,7150,,602,53.57142857142857,280.0,271–289,4.411647097369512,55.06644518272425,271.0,271
Goodreads,Manga,Black Clover,16,ブラッククローバー 16,4.45,1491,,602,62.04318936877076,229.0,223–235,4.411303212222098,54.90033222591362,272.0,272
Goodreads,Manga,Black Clover,31,ブラッククローバー 31 [Black Clover 31],4.46,1175,,602,64.03654485049834,217.0,212–222,4.411235552520956,54.73421926910299,273.0,273
Goodreads,Manga,Fairy Tail,9,"Fairy Tail, Vol. 09",4.42,6233,,602,53.57142857142857,280.0,271–289,4.41101540286519,54.56810631229236,274.0,274
Goodreads,Manga,Fairy Tail,13,"Fairy Tail, Vol. 13",4.42,5779,,602,53.57142857142857,280.0,271–289,4.41066591847165,54.40199335548173,275.0,275
Goodreads,Manga,One Piece,68,"One Piece, Volume 68: Pirate Alliance",4.42,5642,,602,53.57142857142857,280.0,271–289,4.410555053746747,54.2358803986711,276.0,276
Goodreads,Manga,Naruto,63,NARUTO -ナルト- 63,4.42,5554,,602,53.57142857142857,280.0,271–289,4.410482441570948,54.06976744186046,277.0,277
Goodreads,Manga,Fairy Tail,15,フェアリーテイル 15 [Fearī Teiru 15],4.42,5107,,602,53.57142857142857,280.0,271–289,4.410095665024943,53.903654485049834,278.0,278
Goodreads,Manga,Hunter × Hunter,18,"Hunter × Hunter, tome 18",4.43,2528,,602,56.31229235880399,263.5,257–270,4.410064398484871,53.737541528239205,279.0,279
Goodreads,Manga,Hunter × Hunter,5,"Hunter × Hunter, tome 5",4.42,4986,,602,53.57142857142857,280.0,271–289,4.40998550052322,53.57142857142857,280.0,280
Goodreads,Fantasy — cycle principal,The Lord of the Rings,1,The Fellowship of the Ring,4.41,3239419,https://www.goodreads.com/book/show/34.The_Fellowship_of_the_Ring,602,50.83056478405316,296.5,290–303,4.409984587694415,53.40531561461794,281.0,281
Goodreads,Manga,Naruto,1,"Naruto, Vol. 1: Uzumaki Naruto",4.41,251014,,602,50.83056478405316,296.5,290–303,4.40980530764088,53.23920265780731,282.0,282
Goodreads,Manga,Hunter × Hunter,21,"Hunter × Hunter, tome 21",4.43,2310,,602,56.31229235880399,263.5,257–270,4.409534564759751,53.073089700996675,283.0,283
Goodreads,Manga,Fairy Tail,45,"Fairy Tail, Vol. 45",4.43,2266,,602,56.31229235880399,263.5,257–270,4.4094241916334935,52.906976744186046,284.0,284
Goodreads,Manga,Hunter × Hunter,7,"Hunter × Hunter, tome 7",4.42,4099,,602,53.57142857142857,280.0,271–289,4.40909645873411,52.74086378737542,285.0,285
Goodreads,Manga,My Hero Academia,42,僕のヒーローアカデミア 42 [Boku no Hero Academia 42],4.42,2518,,602,53.57142857142857,280.0,271–289,4.40704681855322,52.57475083056478,286.0,286
Goodreads,Manga,Hunter × Hunter,32,"Hunter × Hunter, tome 32",4.42,2513,,602,53.57142857142857,280.0,271–289,4.407039113371228,52.40863787375415,287.0,287
Goodreads,Manga,Fairy Tail,4,"Fairy Tail, Vol. 04",4.41,9448,,602,50.83056478405316,296.5,290–303,4.406739497893931,52.24252491694352,288.0,288
Goodreads,Manga,Fairy Tail,46,"Fairy Tail, Vol. 46",4.42,2229,,602,53.57142857142857,280.0,271–289,4.40658588529728,52.07641196013289,289.0,289
Goodreads,Manga,Bleach,19,"Bleach, Volume 19",4.41,8229,,602,50.83056478405316,296.5,290–303,4.406458043935974,51.91029900332226,290.0,290
Goodreads,Manga,Bleach,20,"Bleach, Volume 20",4.41,7907,,602,50.83056478405316,296.5,290–303,4.406375395299964,51.74418604651163,291.0,291
Goodreads,Manga,Black Clover,25,ブラッククローバー 25,4.43,1157,,602,56.31229235880399,263.5,257–270,4.406187285260211,51.57807308970099,292.0,292
Goodreads,Manga,Black Clover,14,ブラッククローバー 14,4.42,1608,,602,53.57142857142857,280.0,271–289,4.4054752706408715,51.411960132890364,293.0,293
Goodreads,Manga,Black Clover,36,ブラッククローバー 36 [Black Clover 36],4.44,644,,602,59.21926910299003,246.0,236–256,4.405303643760706,51.245847176079735,294.0,294
Goodreads,Manga,Hunter × Hunter,10,"Hunter × Hunter, tome 10",4.41,3261,,602,50.83056478405316,296.5,290–303,4.404535671321556,51.079734219269106,295.0,295
Goodreads,Manga,Fairy Tail,29,フェアリーテイル 29 [Fearī Teiru 29],4.41,3037,,602,50.83056478405316,296.5,290–303,4.404398596499452,50.91362126245847,296.0,296
Goodreads,Manga,Hunter × Hunter,13,"Hunter × Hunter, tome 13",4.41,2777,,602,50.83056478405316,296.5,290–303,4.404230609313323,50.74750830564784,297.0,297
Goodreads,Manga,Fairy Tail,34,フェアリーテイル 34 [Fearī Teiru 34],4.41,2772,,602,50.83056478405316,296.5,290–303,4.404227279986365,50.58139534883721,298.0,298
Goodreads,Manga,Fairy Tail,39,フェアリーテイル 39 [Fearī Teiru 39],4.41,2463,,602,50.83056478405316,296.5,290–303,4.404013795397266,50.415282392026576,299.0,299
Goodreads,Manga,Hunter × Hunter,19,"Hunter × Hunter, tome 19",4.41,2398,,602,50.83056478405316,296.5,290–303,4.403966861762482,50.24916943521595,300.0,300
Goodreads,Manga,Fairy Tail,47,"Fairy Tail, Vol. 47",4.41,2188,,602,50.83056478405316,296.5,290–303,4.403810069604834,50.08305647840532,301.0,301
Goodreads,Manga,Black Clover,21,ブラッククローバー 21,4.41,1280,,602,50.83056478405316,296.5,290–303,4.4030264576426426,49.91694352159468,302.0,302
Goodreads,Manga,Black Clover,26,ブラッククローバー 26,4.41,1140,,602,50.83056478405316,296.5,290–303,4.402887631346158,49.75083056478405,303.0,303
Goodreads,Manga,Black Clover,17,ブラッククローバー 17,4.4,1446,,602,48.006644518272424,313.5,304–323,4.401213772220734,49.584717607973424,304.0,304
Goodreads,Manga,Fairy Tail,37,フェアリーテイル 37 [Fearī Teiru 37],4.4,2714,,602,48.006644518272424,313.5,304–323,4.401034946545269,49.41860465116279,305.0,305
Goodreads,Manga,Fairy Tail,36,フェアリーテイル 36 [Fearī Teiru 36],4.4,2954,,602,48.006644518272424,313.5,304–323,4.401006869094202,49.25249169435216,306.0,306
Goodreads,Manga,Fairy Tail,30,フェアリーテイル 30 [Fearī Teiru 30],4.4,2969,,602,48.006644518272424,313.5,304–323,4.401005164751098,49.08637873754153,307.0,307
Goodreads,Manga,Fairy Tail,25,フェアリーテイル 25 [Fearī Teiru 25],4.4,3400,,602,48.006644518272424,313.5,304–323,4.400958543711795,48.920265780730894,308.0,308
Goodreads,Manga,Fairy Tail,24,フェアリーテイル 24 [Fearī Teiru 24],4.4,3459,,602,48.006644518272424,313.5,304–323,4.400952496117399,48.754152823920265,309.0,309
Goodreads,Manga,Hunter × Hunter,8,"Hunter × Hunter, tome 8",4.4,3751,,602,48.006644518272424,313.5,304–323,4.400923655046597,48.588039867109636,310.0,310
Goodreads,Manga,Fairy Tail,19,フェアリーテイル 19 [Fearī Teiru 19],4.4,4043,,602,48.006644518272424,313.5,304–323,4.40089650922871,48.42192691029901,311.0,311
Goodreads,Manga,Hunter × Hunter,6,"Hunter × Hunter, tome 6",4.4,4582,,602,48.006644518272424,313.5,304–323,4.400850376384731,48.25581395348837,312.0,312
Goodreads,Manga,Naruto,58,"Naruto, Vol. 58: Naruto vs. Itachi",4.4,5839,,602,48.006644518272424,313.5,304–323,4.400759260746014,48.08970099667774,313.0,313
Goodreads,Manga,One Piece,64,"One Piece, Volume 64: 100,000 vs. 10",4.4,5946,,602,48.006644518272424,313.5,304–323,4.400752398314133,47.92358803986711,314.0,314
Goodreads,Manga,One Piece,66,"One Piece, Volume 66: The Road Toward the Sun",4.4,5950,,602,48.006644518272424,313.5,304–323,4.400752144179173,47.75747508305648,315.0,315
Goodreads,Manga,Naruto,41,NARUTO -ナルト- 巻ノ四十一,4.4,6557,,602,48.006644518272424,313.5,304–323,4.400715471901832,47.59136212624585,316.0,316
Goodreads,Manga,Fairy Tail,7,"Fairy Tail, Vol. 07",4.4,6571,,602,48.006644518272424,313.5,304–323,4.40071466822657,47.42524916943522,317.0,317
Goodreads,Manga,Naruto,29,"Naruto, Vol. 29: Kakashi vs. Itachi",4.4,8579,,602,48.006644518272424,313.5,304–323,4.400615504090237,47.25913621262458,318.0,318
Goodreads,Manga,Naruto,30,"Naruto, Vol. 30: Puppet Masters",4.4,8605,,602,48.006644518272424,313.5,304–323,4.40061440023741,47.093023255813954,319.0,319
Goodreads,Manga,My Hero Academia,22,僕のヒーローアカデミア 22 [Boku no Hero Academia 22],4.4,8963,,602,48.006644518272424,313.5,304–323,4.40059959391753,46.926910299003325,320.0,320
Goodreads,Manga,Naruto,28,"Naruto, Vol. 28: Homecoming",4.4,9176,,602,48.006644518272424,313.5,304–323,4.400591118388815,46.76079734219269,321.0,321
Goodreads,Manga,Naruto,20,"Naruto, Vol. 20: Naruto vs. Sasuke",4.4,9634,,602,48.006644518272424,313.5,304–323,4.400573681605118,46.59468438538206,322.0,322
Goodreads,Manga,My Hero Academia,8,僕のヒーローアカデミア 8 [Boku No Hero Academia 8],4.4,13665,,602,48.006644518272424,313.5,304–323,4.4004554399816875,46.42857142857143,323.0,323
Goodreads,Manga,Black Clover,35,ブラッククローバー 35 [Black Clover 35],4.39,831,,602,43.93687707641196,338.0,324–352,4.400088832816517,46.262458471760795,324.0,324
Goodreads,Manga,Magi,8,マギ 8,4.39,1311,,602,43.93687707641196,338.0,324–352,4.399416570756141,46.096345514950166,325.0,325
Goodreads,Manga,Black Clover,38,ブラッククローバー 38,4.05,44,,602,4.651162790697675,574.5,574–575,4.398906302946493,45.93023255813954,326.0,326
Goodreads,Manga,Fairy Tail,49,フェアリーテイル 49 [Fearī Teiru 49],4.39,1948,,602,43.93687707641196,338.0,324–352,4.398651523173504,45.7641196013289,327.0,327
Goodreads,Manga,Hunter × Hunter,23,"Hunter × Hunter, tome 23",4.39,2133,,602,43.93687707641196,338.0,324–352,4.398452092385752,45.59800664451827,328.0,328
Goodreads,Manga,Hunter × Hunter,16,"Hunter × Hunter, tome 16",4.39,2385,,602,43.93687707641196,338.0,324–352,4.39819477709959,45.43189368770764,329.0,329
Goodreads,Manga,Fairy Tail,50,"Fairy Tail, Vol. 50",4.39,2387,,602,43.93687707641196,338.0,324–352,4.398192797565295,45.26578073089701,330.0,330
Goodreads,Manga,Hunter × Hunter,39,"Hunter × Hunter, tome 39",4.27,153,,602,14.20265780730897,517.0,513–521,4.398183321055638,45.09966777408638,331.0,331
Goodreads,Manga,Black Clover,6,ブラッククローバー 6 [Black Clover 6],4.39,2427,,602,43.93687707641196,338.0,324–352,4.398153406748225,44.93355481727575,332.0,332
Goodreads,Manga,Fairy Tail,38,フェアリーテイル 38 [Fearī Teiru 38],4.39,2621,,602,43.93687707641196,338.0,324–352,4.397967612314778,44.76744186046512,333.0,333
Goodreads,Manga,Hunter × Hunter,15,"Hunter × Hunter, tome 15",4.39,2650,,602,43.93687707641196,338.0,324–352,4.397940563938175,44.60132890365448,334.0,334
Goodreads,Manga,Black Clover,22,ブラッククローバー 22,4.38,1227,,602,39.78405315614618,363.0,353–373,4.397804237297824,44.435215946843854,335.0,335
Goodreads,Manga,Fairy Tail,27,フェアリーテイル 27 [Fearī Teiru 27],4.39,3186,,602,43.93687707641196,338.0,324–352,4.397471748355109,44.269102990033225,336.0,336
Goodreads,Manga,Black Clover,18,ブラッククローバー 18,4.38,1414,,602,39.78405315614618,363.0,353–373,4.397348561888983,44.10299003322259,337.0,337
Goodreads,Manga,Fairy Tail,20,フェアリーテイル 20 [Fearī Teiru 20],4.39,4130,,602,43.93687707641196,338.0,324–352,4.396767998747005,43.93687707641196,338.0,338
Goodreads,Manga,Bleach,48,Bleach―ブリーチ― 48 [Burīchi 48],4.39,4134,,602,43.93687707641196,338.0,324–352,4.396765298702623,43.77076411960133,339.0,339
Goodreads,Manga,Black Clover,11,ブラッククローバー 11,4.38,1807,,602,39.78405315614618,363.0,353–373,4.3964630518139955,43.604651162790695,340.0,340
Goodreads,Manga,Naruto,65,NARUTO -ナルト- 65,4.39,4733,,602,43.93687707641196,338.0,324–352,4.396383912986857,43.438538205980066,341.0,341
Goodreads,Manga,One Piece,67,"One Piece, Volume 67: Cool Fight",4.39,5814,,602,43.93687707641196,338.0,324–352,4.395794410578897,43.27242524916944,342.0,342
Goodreads,Manga,Black Clover,8,ブラッククローバー 8 [Black Clover 8],4.38,2138,,602,39.78405315614618,363.0,353–373,4.395784480099851,43.1063122923588,343.0,343
Goodreads,Manga,Fairy Tail,48,"Fairy Tail, Vol. 48",4.38,2140,,602,39.78405315614618,363.0,353–373,4.395780549946076,42.94019933554817,344.0,344
Goodreads,Manga,Black Clover,19,ブラッククローバー 19,4.37,1346,,602,36.37873754152824,383.5,374–393,4.395652036670837,42.77408637873754,345.0,345
Goodreads,Manga,Naruto,51,NARUTO -ナルト- 51 巻ノ五十一,4.39,6620,,602,43.93687707641196,338.0,324–352,4.395421160235114,42.60797342192691,346.0,346
Goodreads,Manga,Naruto,36,NARUTO -ナルト- 巻ノ三十六,4.39,6763,,602,43.93687707641196,338.0,324–352,4.395359904187258,42.44186046511628,347.0,347
Goodreads,Manga,Fairy Tail,6,"Fairy Tail, Vol. 06",4.39,7252,,602,43.93687707641196,338.0,324–352,4.395160505720404,42.27574750830565,348.0,348
Goodreads,Manga,Black Clover,15,ブラッククローバー 15,4.37,1520,,602,36.37873754152824,383.5,374–393,4.395049884309188,42.10963455149502,349.0,349
Goodreads,Manga,Black Clover,34,ブラッククローバー 34 [Black Clover 34],4.35,871,,602,30.980066445182725,416.0,410–422,4.39487798735002,41.943521594684384,350.0,350
Goodreads,Manga,Magi,19,マギ 19,4.34,717,,602,28.903654485049834,428.5,423–434,4.394838833110199,41.777408637873755,351.0,351
Goodreads,Manga,Hunter × Hunter,14,"Hunter × Hunter, tome 14",4.38,2740,,602,39.78405315614618,363.0,353–373,4.394683726318199,41.611295681063126,352.0,352
Goodreads,Manga,One Piece,29,"One Piece, Volume 29: Oratorio",4.39,8673,,602,43.93687707641196,338.0,324–352,4.39465705038906,41.44518272425249,353.0,353
Goodreads,Manga,Fairy Tail,33,フェアリーテイル 33 [Fearī Teiru 33],4.38,2784,,602,39.78405315614618,363.0,353–373,4.3946092626568145,41.27906976744186,354.0,354
Goodreads,Manga,Bleach,13,"Bleach, Volume 13",4.39,8895,,602,43.93687707641196,338.0,324–352,4.394587135583557,41.11295681063123,355.0,355
Goodreads,Manga,Naruto,24,"Naruto, Vol. 24: Unorthodox",4.39,8903,,602,43.93687707641196,338.0,324–352,4.3945846552966685,40.946843853820596,356.0,356
Goodreads,Manga,Fairy Tail,32,フェアリーテイル 32 [Fearī Teiru 32],4.38,2874,,602,39.78405315614618,363.0,353–373,4.394459278781937,40.78073089700997,357.0,357
Goodreads,Manga,Black Clover,24,ブラッククローバー 24,4.36,1217,,602,33.388704318936874,401.5,394–409,4.394405692023611,40.61461794019934,358.0,358
Goodreads,Manga,Fairy Tail,28,フェアリーテイル 28 [Fearī Teiru 28],4.38,2966,,602,39.78405315614618,363.0,353–373,4.394309111863392,40.4485049833887,359.0,359
Goodreads,Manga,Naruto,21,"Naruto, Vol. 21: Pursuit",4.39,10106,,602,43.93687707641196,338.0,324–352,4.3942399142070725,40.28239202657807,360.0,360
Goodreads,Manga,Naruto,16,"Naruto, Vol. 16: Eulogy",4.39,10208,,602,43.93687707641196,338.0,324–352,4.394213053472988,40.116279069767444,361.0,361
Goodreads,Manga,Naruto,17,"Naruto, Vol. 17: Itachi's Power",4.39,10298,,602,43.93687707641196,338.0,324–352,4.394189633886653,39.95016611295681,362.0,362
Goodreads,Manga,Naruto,22,"Naruto, Vol. 22: Comrades",4.39,10407,,602,43.93687707641196,338.0,324–352,4.39416161645706,39.78405315614618,363.0,363
Goodreads,Manga,Jujutsu Kaisen,22,呪術廻戦 22 [Jujutsu Kaisen 22],4.39,10472,,602,43.93687707641196,338.0,324–352,4.394145086464105,39.61794019933555,364.0,364
Goodreads,Manga,Fairy Tail,3,"Fairy Tail, Vol. 03",4.39,10791,,602,43.93687707641196,338.0,324–352,4.394065829558657,39.451827242524914,365.0,365
Goodreads,Manga,Naruto,14,"Naruto, Vol. 14: Hokage vs. Hokage!!",4.39,11128,,602,43.93687707641196,338.0,324–352,4.3939853275427785,39.285714285714285,366.0,366
Goodreads,Manga,My Hero Academia,38,僕のヒーローアカデミア 38 [Boku no Hero Academia 38],4.38,3245,,602,39.78405315614618,363.0,353–373,4.393872204371202,39.119601328903656,367.0,367
Goodreads,Manga,Black Clover,37,ブラッククローバー 37 [Black Clover 37],4.24,295,,602,11.544850498338871,533.0,531–535,4.393811275546159,38.95348837209303,368.0,368
Goodreads,Manga,Bleach,12,"Bleach, Volume 12",4.39,12347,,602,43.93687707641196,338.0,324–352,4.393718976257126,38.78737541528239,369.0,369
Goodreads,Manga,Bleach,14,"Bleach, Volume 14",4.39,13194,,602,43.93687707641196,338.0,324–352,4.393553939561568,38.62126245847176,370.0,370
Goodreads,Manga,Fairy Tail,44,フェアリーテイル 44 [Fearī Teiru 44],4.37,2119,,602,36.37873754152824,383.5,374–393,4.393176966540829,38.45514950166113,371.0,371
Goodreads,Manga,Fairy Tail,22,フェアリーテイル 22 [Fearī Teiru 22],4.38,3767,,602,39.78405315614618,363.0,353–373,4.393122549556588,38.2890365448505,372.0,372
Goodreads,Manga,Magi,22,マギ 22,4.32,683,,602,25.0,452.0,443–461,4.3930449802207985,38.12292358803987,373.0,373
Goodreads,Manga,Magi,20,マギ 20,4.32,700,,602,25.0,452.0,443–461,4.392856620013934,37.95681063122924,374.0,374
Goodreads,Manga,Fairy Tail,63,フェアリーテイル 63 [Fearī Teiru 63],4.36,1566,,602,33.388704318936874,401.5,394–409,4.39279577226545,37.7906976744186,375.0,375
Goodreads,Manga,Hunter × Hunter,20,"Hunter × Hunter, tome 20",4.37,2348,,602,36.37873754152824,383.5,374–393,4.392532888470585,37.62458471760797,376.0,376
Goodreads,Manga,Magi,5,マギ 5,4.36,1634,,602,33.388704318936874,401.5,394–409,4.3924994708618685,37.458471760797345,377.0,377
Goodreads,Manga,Fairy Tail,17,フェアリーテイル 17 [Fearī Teiru 17],4.38,4354,,602,39.78405315614618,363.0,353–373,4.392370786848374,37.29235880398671,378.0,378
Goodreads,Manga,Bleach,40,Bleach―ブリーチ― 40 [Burīchi 40],4.38,4373,,602,39.78405315614618,363.0,353–373,4.39234789025784,37.12624584717608,379.0,379
Goodreads,Manga,Naruto,66,NARUTO -ナルト- 66,4.38,4410,,602,39.78405315614618,363.0,353–373,4.392303544522384,36.96013289036545,380.0,380
Goodreads,Manga,Black Clover,20,ブラッククローバー 20,4.35,1328,,602,30.980066445182725,416.0,410–422,4.392037569066111,36.794019933554814,381.0,381
Goodreads,Manga,Fairy Tail,40,"Fairy Tail, Vol. 40",4.37,2560,,602,36.37873754152824,383.5,374–393,4.3919677335039164,36.627906976744185,382.0,382
Goodreads,Manga,Naruto,62,NARUTO -ナルト- 巻ノ六十二,4.38,5044,,602,39.78405315614618,363.0,353–373,4.391590295564565,36.461794019933556,383.0,383
Goodreads,Manga,Magi,18,マギ 18,4.31,717,,602,22.425249169435215,467.5,462–473,4.391584426574152,36.29568106312292,384.0,384
Goodreads,Manga,Fairy Tail,31,"Fairy Tail, Vol. 31",4.37,3049,,602,36.37873754152824,383.5,374–393,4.390766344286961,36.12956810631229,385.0,385
Goodreads,Manga,Magi,16,マギ 16,4.31,801,,602,22.425249169435215,467.5,462–473,4.390560583766618,35.96345514950166,386.0,386
Goodreads,Manga,Magi,17,マギ 17,4.3,730,,602,19.767441860465116,483.5,474–493,4.390321973188653,35.79734219269103,387.0,387
Goodreads,Manga,Hunter × Hunter,22,"Hunter × Hunter, tome 22",4.36,2212,,602,33.388704318936874,401.5,394–409,4.3901816604900805,35.6312292358804,388.0,388
Goodreads,Manga,Magi,24,マギ 24,4.28,614,,602,15.780730897009967,507.5,503–512,4.390044919302522,35.46511627906977,389.0,389
Goodreads,Manga,Fairy Tail,57,"Fairy Tail, Vol. 57",4.35,1704,,602,30.980066445182725,416.0,410–422,4.389956857426691,35.29900332225914,390.0,390
Goodreads,Manga,Magi,27,マギ 27,4.26,525,,602,12.956810631229235,524.5,522–527,4.389934907275708,35.1328903654485,391.0,391
Goodreads,Manga,Fairy Tail,23,フェアリーテイル 23 [Fearī Teiru 23],4.37,3422,,602,36.37873754152824,383.5,374–393,4.389934754140518,34.966777408637874,392.0,392
Goodreads,Manga,Magi,6,マギ 6,4.35,1748,,602,30.980066445182725,416.0,410–422,4.389726754458721,34.800664451827245,393.0,393
Goodreads,Manga,Magi,28,マギ 28,4.25,507,,602,12.209302325581396,529.0,528–530,4.389508128360318,34.63455149501661,394.0,394
Goodreads,Manga,Fairy Tail,53,フェアリーテイル 53 [Fearī Teiru 53],4.35,1826,,602,30.980066445182725,416.0,410–422,4.389325292147678,34.46843853820598,395.0,395
Goodreads,Manga,Fairy Tail,43,"Fairy Tail, Vol. 43",4.36,2470,,602,33.388704318936874,401.5,394–409,4.389250495359265,34.30232558139535,396.0,396
Goodreads,Manga,Magi,9,マギ 9,4.33,1254,,602,27.242524916943523,438.5,435–442,4.3889634460843565,34.136212624584715,397.0,397
Goodreads,Manga,Fairy Tail,21,フェアリーテイル 21 [Fearī Teiru 21],4.37,3941,,602,36.37873754152824,383.5,374–393,4.388882622407267,33.970099667774086,398.0,398
Goodreads,Manga,Jujutsu Kaisen,24,呪術廻戦 24 [Jujutsu Kaisen 24],4.38,8502,,602,39.78405315614618,363.0,353–373,4.388805951401012,33.80398671096346,399.0,399
Goodreads,Manga,Magi,10,マギ 10,4.32,1105,,602,25.0,452.0,443–461,4.388639838148175,33.63787375415282,400.0,400
Goodreads,Manga,Magi,15,マギ 15,4.3,860,,602,19.767441860465116,483.5,474–493,4.3885830829236365,33.47176079734219,401.0,401
Goodreads,Manga,My Hero Academia,20,僕のヒーローアカデミア 20 [Boku No Hero Academia 20],4.38,8912,,602,39.78405315614618,363.0,353–373,4.388562076898365,33.30564784053156,402.0,402
Goodreads,Manga,Magi,26,マギ 26,4.25,554,,602,12.209302325581396,529.0,528–530,4.388491005575406,33.13953488372093,403.0,403
Goodreads,Manga,One Piece,24,"One Piece, Volume 24: People's Dreams",4.38,9905,,602,39.78405315614618,363.0,353–373,4.388023881464906,32.9734219269103,404.0,404
Goodreads,Manga,Magi,31,マギ 31,4.21,449,,602,9.800664451827242,543.5,543–544,4.38795194629691,32.80730897009967,405.0,405
Goodreads,Manga,Magi,23,マギ 23,4.26,632,,602,12.956810631229235,524.5,522–527,4.387804010643245,32.64119601328904,406.0,406
Goodreads,Manga,Naruto,64,"Naruto, Vol. 64: Ten Tails",4.37,4794,,602,36.37873754152824,383.5,374–393,4.38737540517867,32.475083056478404,407.0,407
Goodreads,Manga,Naruto,61,"Naruto, Vol. 61: Uchiha Brothers United Front",4.37,4997,,602,36.37873754152824,383.5,374–393,4.387051496160692,32.308970099667775,408.0,408
Goodreads,Manga,Magi,7,マギ 7,4.32,1284,,602,25.0,452.0,443–461,4.386927787562441,32.142857142857146,409.0,409
Goodreads,Manga,Fairy Tail,59,フェアリーテイル 59 [Fearī Teiru 59],4.33,1542,,602,27.242524916943523,438.5,435–442,4.386679301559198,31.976744186046513,410.0,410
Goodreads,Manga,Magi,4,マギ 4,4.34,1915,,602,28.903654485049834,428.5,423–434,4.386424241747275,31.81063122923588,411.0,411
Goodreads,Manga,Black Clover,23,ブラッククローバー 23,4.31,1176,,602,22.425249169435215,467.5,462–473,4.3862866615890015,31.64451827242525,412.0,412
Goodreads,Manga,Naruto,8,"Naruto, Vol. 08: Life-and-Death Battles",4.38,14298,,602,39.78405315614618,363.0,353–373,4.386278064804826,31.47840531561462,413.0,413
Goodreads,Manga,Magi,32,マギ 32,4.18,440,,602,8.305647840531561,552.5,551–554,4.386120373855801,31.312292358803987,414.0,414
Goodreads,Manga,Naruto,6,"Naruto, Vol. 06: Predator",4.38,15298,,602,39.78405315614618,363.0,353–373,4.385981796910968,31.146179401993354,415.0,415
Goodreads,Manga,Bleach,36,Bleach―ブリーチ― 36 [Burīchi 36],4.37,5807,,602,36.37873754152824,383.5,374–393,4.385870957514582,30.980066445182725,416.0,416
Goodreads,Manga,Fairy Tail,55,フェアリーテイル 55 [Fearī Teiru 55],4.33,1678,,602,27.242524916943523,438.5,435–442,4.385661088097464,30.813953488372093,417.0,417
Goodreads,Manga,Magi,12,マギ 12,4.28,897,,602,15.780730897009967,507.5,503–512,4.385458025987459,30.64784053156146,418.0,418
Goodreads,Manga,Magi,29,マギ 29,4.19,486,,602,8.887043189368772,549.0,548–550,4.385395824636177,30.48172757475083,419.0,419
Goodreads,Manga,Magi,25,マギ 25,4.22,576,,602,10.382059800664452,540.0,538–542,4.385348576554357,30.3156146179402,420.0,420
Goodreads,Manga,Hunter × Hunter,38,"Hunter × Hunter, tome 38",4.23,622,,602,10.96345514950166,536.5,536–537,4.3851358150958415,30.14950166112957,421.0,421
Goodreads,Manga,Black Clover,4,ブラッククローバー 4 [Black Clover 4],4.35,2910,,602,30.980066445182725,416.0,410–422,4.384482506951645,29.983388704318937,422.0,422
Goodreads,Manga,One Piece,5,"One Piece, Volume 5: For Whom the Bell Tolls",4.38,23144,,602,39.78405315614618,363.0,353–373,4.384365445816192,29.817275747508305,423.0,423
Goodreads,Manga,Fairy Tail,58,フェアリーテイル 58 [Fearī Teiru 58],4.32,1570,,602,25.0,452.0,443–461,4.3843627829067815,29.651162790697676,424.0,424
Goodreads,Manga,Naruto,40,"Naruto, Vol. 40: The Ultimate Art",4.37,7147,,602,36.37873754152824,383.5,374–393,4.384239983698904,29.485049833887043,425.0,425
Goodreads,Manga,One Piece,46,"One Piece, Volume 46: Adventure on Ghost Island",4.37,7149,,602,36.37873754152824,383.5,374–393,4.384237799903528,29.31893687707641,426.0,426
Goodreads,Manga,Magi,30,マギ 30,4.17,476,,602,7.807308970099668,555.5,555–556,4.3842077832208295,29.15282392026578,427.0,427
Goodreads,Manga,Fairy Tail,51,フェアリーテイル 51 [Fearī Teiru 51],4.33,1894,,602,27.242524916943523,438.5,435–442,4.384117031714102,28.98671096345515,428.0,428
Goodreads,Manga,Magi,21,マギ 21,4.24,713,,602,11.544850498338871,533.0,531–535,4.384078005819674,28.82059800664452,429.0,429
Goodreads,Manga,Fairy Tail,26,フェアリーテイル 26 [Fearī Teiru 26],4.35,3020,,602,30.980066445182725,416.0,410–422,4.384056916403013,28.654485049833887,430.0,430
Goodreads,Manga,Magi,13,マギ 13,4.28,996,,602,15.780730897009967,507.5,503–512,4.383942406538703,28.488372093023255,431.0,431
Goodreads,Manga,Fairy Tail,16,フェアリーテイル 16 [Fearī Teiru 16],4.36,4495,,602,33.388704318936874,401.5,394–409,4.383548232726051,28.322259136212626,432.0,432
Goodreads,Manga,Fairy Tail,41,"Fairy Tail, Vol. 41",4.34,2503,,602,28.903654485049834,428.5,423–434,4.383172802982772,28.156146179401993,433.0,433
Goodreads,Manga,Fairy Tail,54,フェアリーテイル 54 [Fearī Teiru 54],4.32,1723,,602,25.0,452.0,443–461,4.3830696956787945,27.99003322259136,434.0,434
Goodreads,Manga,My Hero Academia,23,僕のヒーローアカデミア 23 [Boku no Hero Academia 23],4.37,8359,,602,36.37873754152824,383.5,374–393,4.383028963087525,27.823920265780732,435.0,435
Goodreads,Manga,Bleach,17,"Bleach, Volume 17",4.37,8627,,602,36.37873754152824,383.5,374–393,4.382788475322281,27.6578073089701,436.0,436
Goodreads,Manga,Fairy Tail,56,"Fairy Tail, Vol. 56",4.32,1802,,602,25.0,452.0,443–461,4.382422154453422,27.491694352159467,437.0,437
Goodreads,Manga,Magi,11,マギ 11,4.26,930,,602,12.956810631229235,524.5,522–527,4.382221658840873,27.325581395348838,438.0,438
Goodreads,Manga,Magi,14,マギ 14,4.24,825,,602,11.544850498338871,533.0,531–535,4.3816758120494015,27.159468438538205,439.0,439
Goodreads,Manga,My Hero Academia,12,僕のヒーローアカデミア 12 [Boku No Hero Academia 12],4.37,10224,,602,36.37873754152824,383.5,374–393,4.381521252594662,26.993355481727576,440.0,440
Goodreads,Manga,Fairy Tail,62,フェアリーテイル 62 [Fearī Teiru 62],4.3,1455,,602,19.767441860465116,483.5,474–493,4.381409631499402,26.827242524916944,441.0,441
Goodreads,Manga,Bleach,11,"Bleach, Volume 11",4.37,11389,,602,36.37873754152824,383.5,374–393,4.3807445688997975,26.66112956810631,442.0,442
Goodreads,Manga,One Piece,65,"One Piece, Volume 65: To Nothing",4.36,5984,,602,33.388704318936874,401.5,394–409,4.380595905143928,26.495016611295682,443.0,443
Goodreads,Manga,One Piece,63,"One Piece, Volume 63: Otohime and Tiger",4.36,6001,,602,33.388704318936874,401.5,394–409,4.380566466342276,26.32890365448505,444.0,444
Goodreads,Manga,Bleach,7,"Bleach, Volume 07",4.37,12906,,602,36.37873754152824,383.5,374–393,4.3798775044520495,26.162790697674417,445.0,445
Goodreads,Manga,Bleach,6,"Bleach, Volume 06",4.37,12965,,602,36.37873754152824,383.5,374–393,4.379846600421152,25.996677740863788,446.0,446
Goodreads,Manga,One Piece,15,"One Piece, Volume 15: Straight Ahead!",4.37,13271,,602,36.37873754152824,383.5,374–393,4.379689371327881,25.830564784053156,447.0,447
Goodreads,Manga,Naruto,44,"Naruto, Vol. 44: Senjutsu Heir",4.36,6532,,602,33.388704318936874,401.5,394–409,4.379687493858253,25.664451827242527,448.0,448
Goodreads,Manga,One Piece,47,"One Piece, Volume 47: Cloudy, Partly Bony",4.36,6628,,602,33.388704318936874,401.5,394–409,4.379536541467342,25.498338870431894,449.0,449
Goodreads,Manga,Fairy Tail,61,フェアリーテイル 61 [Fearī Teiru 61],4.29,1483,,602,17.358803986710964,498.0,494–502,4.379089860679528,25.33222591362126,450.0,450
Goodreads,Manga,Black Clover,12,ブラッククローバー 12,4.3,1714,,602,19.767441860465116,483.5,474–493,4.378637647727845,25.166112956810633,451.0,451
Goodreads,Manga,Magi,33,マギ 33,4.06,427,,602,4.900332225913621,573.0,573,4.378436152771874,25.0,452.0,452
Goodreads,Manga,Naruto,59,NARUTO -ナルト- 巻ノ五十九,4.35,4809,,602,30.980066445182725,416.0,410–422,4.378363525434925,24.833887043189367,453.0,453
Goodreads,Manga,Black Clover,9,ブラッククローバー 9 [Black Clover 9],4.31,2033,,602,22.425249169435215,467.5,462–473,4.378037633895887,24.66777408637874,454.0,454
Goodreads,Manga,Fairy Tail,52,フェアリーテイル 52 [Fearī Teiru 52],4.3,1813,,602,19.767441860465116,483.5,474–493,4.377627313924061,24.501661129568106,455.0,455
Goodreads,Manga,Bleach,16,"Bleach, Volume 16",4.36,8189,,602,33.388704318936874,401.5,394–409,4.377370824659437,24.335548172757473,456.0,456
Goodreads,Manga,Magi,34,マギ 34,4.02,403,,602,3.820598006644518,579.5,578–581,4.3770895508604335,24.169435215946844,457.0,457
Goodreads,Manga,Fairy Tail,60,フェアリーテイル 60 [Fearī Teiru 60],4.28,1490,,602,15.780730897009967,507.5,503–512,4.376987100229171,24.003322259136212,458.0,458
Goodreads,Manga,Black Clover,13,ブラッククローバー 13,4.29,1681,,602,17.358803986710964,498.0,494–502,4.376760713995095,23.837209302325583,459.0,459
Goodreads,Manga,Fairy Tail,42,フェアリーテイル 42 [Fearī Teiru 42],4.31,2206,,602,22.425249169435215,467.5,462–473,4.376584215279602,23.67109634551495,460.0,460
Goodreads,Manga,Black Clover,10,ブラッククローバー 10 [Black Clover 10],4.3,1969,,602,19.767441860465116,483.5,474–493,4.376086913113509,23.504983388704318,461.0,461
Goodreads,Manga,Magi,3,マギ 3,4.3,2001,,602,19.767441860465116,483.5,474–493,4.375778459167905,23.33887043189369,462.0,462
Goodreads,Manga,Bleach,18,"Bleach, Volume 18",4.36,10266,,602,33.388704318936874,401.5,394–409,4.375137993467331,23.172757475083056,463.0,463
Goodreads,Manga,Bleach,8,"Bleach, Volume 08",4.36,11171,,602,33.388704318936874,401.5,394–409,4.3743351169128175,23.006644518272424,464.0,464
Goodreads,Manga,One Piece,48,"One Piece, Volume 48: Adventures of Oars",4.35,6647,,602,30.980066445182725,416.0,410–422,4.374206090150473,22.840531561461795,465.0,465
Goodreads,Manga,Bleach,22,"Bleach, Volume 22",4.35,7177,,602,30.980066445182725,416.0,410–422,4.373224474344226,22.674418604651162,466.0,466
Goodreads,Manga,Bleach,32,Bleach―ブリーチ― 32 [Burīchi 32],4.34,5102,,602,28.903654485049834,428.5,423–434,4.372967144248657,22.508305647840533,467.0,467
Goodreads,Manga,Fairy Tail,2,"Fairy Tail, Vol. 02",4.36,12976,,602,33.388704318936874,401.5,394–409,4.37296378977883,22.3421926910299,468.0,468
Goodreads,Manga,Magi,2,"Magi: The Labyrinth of Magic, Volume 2",4.3,2377,,602,19.767441860465116,483.5,474–493,4.3723329424320525,22.176079734219268,469.0,469
Goodreads,Manga,Naruto,67,NARUTO -ナルト- 67,4.33,4305,,602,27.242524916943523,438.5,435–442,4.37132211497346,22.00996677740864,470.0,470
Goodreads,Manga,Bleach,25,"Bleach, Volume 25",4.34,6334,,602,28.903654485049834,428.5,423–434,4.369645218782305,21.843853820598007,471.0,471
Goodreads,Manga,Magi,35,マギ 35,3.9,403,,602,1.744186046511628,592.0,592,4.369407873471823,21.677740863787374,472.0,472
Goodreads,Manga,Naruto,18,"Naruto, Vol. 18: Tsunade's Choice",4.35,9967,,602,30.980066445182725,416.0,410–422,4.369138829562209,21.511627906976745,473.0,473
Goodreads,Manga,Bleach,24,"Bleach, Volume 24",4.34,6640,,602,28.903654485049834,428.5,423–434,4.368921385792288,21.345514950166113,474.0,474
Goodreads,Manga,Black Clover,7,ブラッククローバー 7 [Black Clover 7],4.28,2224,,602,15.780730897009967,507.5,503–512,4.368216259156269,21.17940199335548,475.0,475
Goodreads,Manga,Naruto,69,NARUTO -ナルト- 69,4.32,4153,,602,25.0,452.0,443–461,4.3678131767897925,21.01328903654485,476.0,476
Goodreads,Manga,Hunter × Hunter,36,"Hunter × Hunter, tome 36",4.27,2034,,602,14.20265780730897,517.0,513–521,4.367764747043696,20.84717607973422,477.0,477
Goodreads,Manga,Bleach,57,Bleach―ブリーチ― 57 [Burīchi 57],4.31,3484,,602,22.425249169435215,467.5,462–473,4.367508907101995,20.68106312292359,478.0,478
Goodreads,Manga,Naruto,71,NARUTO -ナルト- 71,4.32,4235,,602,25.0,452.0,443–461,4.367426044674584,20.514950166112957,479.0,479
Goodreads,Manga,Naruto,34,"Naruto, Vol. 34: The Reunion",4.34,7476,,602,28.903654485049834,428.5,423–434,4.367112785087471,20.348837209302324,480.0,480
Goodreads,Manga,Hunter × Hunter,33,"Hunter × Hunter, tome 33",4.3,3044,,602,19.767441860465116,483.5,474–493,4.36693417640484,20.182724252491695,481.0,481
Goodreads,Manga,Bleach,60,"Bleach, Volume 60",4.3,3071,,602,19.767441860465116,483.5,474–493,4.366732556193659,20.016611295681063,482.0,482
Goodreads,Manga,Magi,36,マギ 36,3.84,393,,602,1.4119601328903655,594.0,594,4.366403192656408,19.85049833887043,483.0,483
Goodreads,Manga,Magi,37,マギ 37,3.88,426,,602,1.5780730897009967,593.0,593,4.366350758477781,19.6843853820598,484.0,484
Goodreads,Manga,One Piece,2,"One Piece, Volume 2: Buggy the Clown",4.36,34740,,602,33.388704318936874,401.5,394–409,4.366019990584923,19.51827242524917,485.0,485
Goodreads,Manga,My Hero Academia,34,僕のヒーローアカデミア 34 [Boku no Hero Academia 34],4.32,4591,,602,25.0,452.0,443–461,4.365815545136821,19.35215946843854,486.0,486
Goodreads,Manga,Hunter × Hunter,35,"Hunter × Hunter, tome 35",4.27,2266,,602,14.20265780730897,517.0,513–521,4.3649846500510945,19.186046511627907,487.0,487
Goodreads,Manga,One Piece,13,"One Piece, Volume 13: It's All Right!",4.35,14457,,602,30.980066445182725,416.0,410–422,4.364915957023114,19.019933554817275,488.0,488
Goodreads,Manga,Naruto,23,"Naruto, Vol. 23: Predicament",4.34,8769,,602,28.903654485049834,428.5,423–434,4.364721704289592,18.853820598006646,489.0,489
Goodreads,Manga,Bleach,47,Bleach―ブリーチ― 47 [Burīchi 47],4.31,4136,,602,22.425249169435215,467.5,462–473,4.363769982294646,18.687707641196013,490.0,490
Goodreads,Manga,One Piece,26,"One Piece, Volume 26: Adventure on Kami's Island",4.34,9359,,602,28.903654485049834,428.5,423–434,4.363765352092702,18.52159468438538,491.0,491
Goodreads,Manga,Naruto,70,NARUTO -ナルト- 70,4.31,4294,,602,22.425249169435215,467.5,462–473,4.362935970887141,18.35548172757475,492.0,492
Goodreads,Manga,Bleach,59,Bleach―ブリーチ― 59 [Burīchi 59],4.29,3165,,602,17.358803986710964,498.0,494–502,4.362545654699625,18.18936877076412,493.0,493
Goodreads,Manga,Naruto,55,NARUTO -ナルト- 55 巻ノ五十五,4.32,5469,,602,25.0,452.0,443–461,4.3622749872324835,18.023255813953487,494.0,494
Goodreads,Manga,Bleach,58,Bleach―ブリーチ― 58 [Burīchi 58],4.29,3261,,602,17.358803986710964,498.0,494–502,4.361784810994904,17.857142857142858,495.0,495
Goodreads,Fantasy — cycle principal,Stormlight Archive,5,Wind and Truth,4.36,162662,https://www.goodreads.com/series/49075-the-stormlight-archive,602,33.388704318936874,401.5,394–409,4.361451205796594,17.691029900332225,496.0,496
Goodreads,Manga,Bleach,45,Bleach―ブリーチ― 45 [Burīchi 45],4.3,3932,,602,19.767441860465116,483.5,474–493,4.360884245248293,17.524916943521596,497.0,497
Goodreads,Manga,Bleach,34,Bleach―ブリーチ― 34 [Burīchi 34],4.31,4844,,602,22.425249169435215,467.5,462–473,4.360224213425405,17.358803986710964,498.0,498
Goodreads,Manga,Bleach,46,Bleach―ブリーチ― 46 [Burīchi 46],4.3,4074,,602,19.767441860465116,483.5,474–493,4.360016782967125,17.19269102990033,499.0,499
Goodreads,Manga,Naruto,68,NARUTO -ナルト- 68,4.3,4095,,602,19.767441860465116,483.5,474–493,4.359890589981663,17.026578073089702,500.0,500
Goodreads,Manga,Jujutsu Kaisen,20,呪術廻戦 20 [Jujutsu Kaisen 20],4.34,12352,,602,28.903654485049834,428.5,423–434,4.359866659401017,16.86046511627907,501.0,501
Goodreads,Manga,Naruto,38,NARUTO -ナルト- 巻ノ三十八,4.32,6303,,602,25.0,452.0,443–461,4.359383975027007,16.694352159468437,502.0,502
Goodreads,Manga,Hunter × Hunter,37,"Hunter × Hunter, tome 37",4.19,1470,,602,8.887043189368772,549.0,548–550,4.359281122912306,16.528239202657808,503.0,503
Goodreads,Manga,Black Clover,3,ブラッククローバー 3 [Black Clover 3],4.28,3313,,602,15.780730897009967,507.5,503–512,4.357780377756978,16.362126245847175,504.0,504
Goodreads,Manga,Jujutsu Kaisen,18,呪術廻戦 18 [Jujutsu Kaisen 18],4.34,14971,,602,28.903654485049834,428.5,423–434,4.357372793032898,16.196013289036546,505.0,505
Goodreads,Manga,Bleach,23,"Bleach, Volume 23",4.32,7048,,602,25.0,452.0,443–461,4.357116592669669,16.029900332225914,506.0,506
Goodreads,Manga,Naruto,56,NARUTO -ナルト 56- 巻ノ五十六,4.31,5655,,602,22.425249169435215,467.5,462–473,4.356696883952532,15.863787375415283,507.0,507
Goodreads,Manga,Naruto,35,"Naruto, Vol. 35: The New Two",4.32,7249,,602,25.0,452.0,443–461,4.356548892245319,15.69767441860465,508.0,508
Goodreads,Manga,Bleach,43,Bleach―ブリーチ― 43 [Burīchi 43],4.3,4773,,602,19.767441860465116,483.5,474–493,4.356083377942136,15.53156146179402,509.0,509
Goodreads,Manga,Naruto,57,NARUTO -ナルト- 巻ノ五十七,4.3,4839,,602,19.767441860465116,483.5,474–493,4.355738458504575,15.365448504983389,510.0,510
Goodreads,Manga,Naruto,33,"Naruto, Vol. 33: The Secret Mission",4.32,7700,,602,25.0,452.0,443–461,4.355336197715053,15.199335548172758,511.0,511
Goodreads,Manga,Black Clover,5,ブラッククローバー 5 [Black Clover 5],4.25,2590,,602,12.209302325581396,529.0,528–530,4.355249898902665,15.033222591362126,512.0,512
Goodreads,Manga,Bleach,3,"Bleach, Volume 03",4.34,18189,,602,28.903654485049834,428.5,423–434,4.355051274523674,14.867109634551495,513.0,513
Goodreads,Manga,One Piece,62,"One Piece, Volume 62: Adventure on Fish-Man Island",4.31,6120,,602,22.425249169435215,467.5,462–473,4.35488926263824,14.700996677740864,514.0,514
Goodreads,Manga,One Piece,28,"One Piece, Volume 28: Wyper the Berserker",4.32,8661,,602,25.0,452.0,443–461,4.353002869924201,14.534883720930232,515.0,515
Goodreads,Manga,Naruto,52,NARUTO -ナルト- 52 巻ノ五十二,4.3,5475,,602,19.767441860465116,483.5,474–493,4.352619948752308,14.368770764119601,516.0,516
Goodreads,Manga,One Piece,27,"One Piece, Volume 27: Overture",4.32,9196,,602,25.0,452.0,443–461,4.3518326717328994,14.20265780730897,517.0,517
Goodreads,Manga,One Piece,14,"One Piece, Volume 14: Instinct",4.33,13467,,602,27.242524916943523,438.5,435–442,4.351766175130652,14.03654485049834,518.0,518
Goodreads,Manga,Jujutsu Kaisen,23,呪術廻戦 23 [Jujutsu Kaisen 23],4.32,9347,,602,25.0,452.0,443–461,4.351517258928565,13.870431893687707,519.0,519
Goodreads,Manga,Bleach,41,Bleach―ブリーチ― 41 [Burīchi 41],4.28,4142,,602,15.780730897009967,507.5,503–512,4.351354553534492,13.704318936877076,520.0,520
Goodreads,Fantasy — cycle principal,A Song of Ice and Fire,5,A Dance with Dragons,4.35,756350,https://www.goodreads.com/series/43790-a-song-of-ice-and-fire,602,30.980066445182725,416.0,410–422,4.350398209582176,13.538205980066445,521.0,521
Goodreads,Manga,Bleach,30,"Bleach, Tome 30: There is No Heart Without You",4.29,5033,,602,17.358803986710964,498.0,494–502,4.350142077473969,13.372093023255815,522.0,522
Goodreads,Manga,Bleach,42,Bleach―ブリーチ― 42 [Burīchi 42],4.28,4445,,602,15.780730897009967,507.5,503–512,4.34926309721324,13.205980066445182,523.0,523
Goodreads,Manga,Naruto,49,"Naruto, Vol. 49: The Gokage Summit Commences",4.3,6254,,602,19.767441860465116,483.5,474–493,4.349245236688911,13.039867109634551,524.0,524
Goodreads,Manga,Naruto,39,Naruto 39: 動き出す者たち [Ugokidasu Mono-Tachi] 〈ナルト 巻ノ39〉,4.3,6486,,602,19.767441860465116,483.5,474–493,4.348322273897634,12.87375415282392,525.0,525
Goodreads,Manga,Naruto,50,NARUTO -ナルト- 50 巻ノ五十,4.29,5966,,602,17.358803986710964,498.0,494–502,4.345410234636915,12.70764119601329,526.0,526
Goodreads,Manga,One Piece,4,"One Piece, Volume 4: The Black Cat Pirates",4.33,25591,,602,27.242524916943523,438.5,435–442,4.343384225624275,12.541528239202657,527.0,527
Goodreads,Manga,Bleach,21,"Bleach, Volume 21",4.3,8122,,602,19.767441860465116,483.5,474–493,4.342681313456909,12.375415282392026,528.0,528
Goodreads,Manga,One Piece,3,"One Piece, Volume 3: Don't Get Fooled Again",4.33,28794,,602,27.242524916943523,438.5,435–442,4.342148307481063,12.209302325581396,529.0,529
Goodreads,Manga,Bleach,27,Bleach―ブリーチ― 27 [Burīchi 27],4.28,5689,,602,15.780730897009967,507.5,503–512,4.341823362037893,12.043189368770765,530.0,530
Goodreads,Manga,Bleach,26,"Bleach, Volume 26",4.29,6849,,602,17.358803986710964,498.0,494–502,4.341570244275937,11.877076411960132,531.0,531
Goodreads,Manga,Bleach,35,Bleach―ブリーチ― 35 [Burīchi 35],4.26,4441,,602,12.956810631229235,524.5,522–527,4.340694563065937,11.710963455149502,532.0,532
Goodreads,Arthur — texte fondateur,Légende arthurienne — textes fondateurs,v. 1176,Cligès,3.62,505,https://www.goodreads.com/book/show/2575136,602,0.7475083056478405,598.0,598,4.339821378263674,11.544850498338871,533.0,533
Goodreads,Manga,Naruto,54,NARUTO -ナルト- 54 巻ノ五十四,4.27,5216,,602,14.20265780730897,517.0,513–521,4.339760297739735,11.378737541528238,534.0,534
Goodreads,Manga,Bleach,5,"Bleach, Volume 05",4.31,12359,,602,22.425249169435215,467.5,462–473,4.33954454523967,11.212624584717608,535.0,535
Goodreads,Manga,Naruto,32,"Naruto, Vol. 32: The Search for Sasuke",4.29,7599,,602,17.358803986710964,498.0,494–502,4.338703425671116,11.046511627906977,536.0,536
Goodreads,Manga,Jujutsu Kaisen,28,呪術廻戦 28 [Jujutsu Kaisen 28],4.27,5496,,602,14.20265780730897,517.0,513–521,4.338045156731954,10.880398671096346,537.0,537
Goodreads,Manga,Black Clover,2,ブラッククローバー 2 [Black Clover 2],4.24,4120,,602,11.544850498338871,533.0,531–535,4.335051911854368,10.714285714285714,538.0,538
Goodreads,Manga,Bleach,33,Bleach―ブリーチ― 33 [Burīchi 33],4.24,4470,,602,11.544850498338871,533.0,531–535,4.331841473335764,10.548172757475083,539.0,539
Goodreads,Manga,Bleach,10,"Bleach, Volume 10",4.29,9885,,602,17.358803986710964,498.0,494–502,4.331646792422237,10.382059800664452,540.0,540
Goodreads,Manga,Bleach,44,Bleach―ブリーチ― 44 [Burīchi 44],4.22,3880,,602,10.382059800664452,540.0,538–542,4.329445614473457,10.215946843853821,541.0,541
Goodreads,Manga,Bleach,37,Bleach―ブリーチ― 37 [Burīchi 37],4.22,4174,,602,10.382059800664452,540.0,538–542,4.326249169765247,10.049833887043189,542.0,542
Goodreads,Manga,Bleach,73,Bleach―ブリーチ― 73 [Burīchi 73],4.13,2276,,602,6.4784053156146175,563.5,563–564,4.325859982547819,9.883720930232558,543.0,543
Goodreads,Manga,Bleach,55,Bleach―ブリーチ― 55 [Burīchi 55],4.2,3556,,602,9.385382059800664,546.0,545–547,4.325671510551078,9.717607973421927,544.0,544
Goodreads,Manga,Bleach,61,Bleach―ブリーチ― 61 [Burīchi 61],4.16,2794,,602,7.475083056478406,557.5,557–558,4.323829766585145,9.551495016611296,545.0,545
Goodreads,Manga,Fairy Tail,1,"Fairy Tail, Vol. 01",4.32,133453,,602,25.0,452.0,443–461,4.323446880361705,9.385382059800664,546.0,546
Goodreads,Manga,Bleach,63,Bleach―ブリーチ― 63 [Burīchi 63],4.15,2683,,602,7.059800664451827,560.0,559–561,4.322821674239619,9.219269102990033,547.0,547
Goodreads,Manga,Bleach,2,"Bleach, Volume 02",4.3,20530,,602,19.767441860465116,483.5,474–493,4.322638178349583,9.053156146179402,548.0,548
Goodreads,Manga,Bleach,56,Bleach―ブリーチ― 56 [Burīchi 56],4.18,3275,,602,8.305647840531561,552.5,551–554,4.322378758379259,8.887043189368772,549.0,549
Goodreads,Manga,Bleach,31,Bleach 31: Bring mich nicht um mein Vergnügen,4.22,4710,,602,10.382059800664452,540.0,538–542,4.3208778370612455,8.720930232558139,550.0,550
Goodreads,Manga,Bleach,39,Bleach―ブリーチ― 39 [Burīchi 39],4.2,3961,,602,9.385382059800664,546.0,545–547,4.320506141720389,8.554817275747508,551.0,551
Goodreads,Manga,Bleach,9,"Bleach, Volume 09",4.27,9770,,602,14.20265780730897,517.0,513–521,4.319476920507062,8.388704318936878,552.0,552
Goodreads,Manga,Bleach,28,"Bleach, Volume 28",4.23,5627,,602,10.96345514950166,536.5,536–537,4.317732303263324,8.222591362126245,553.0,553
Goodreads,Manga,My Hero Academia,19,僕のヒーローアカデミア 19 [Boku No Hero Academia 19],4.26,8584,,602,12.956810631229235,524.5,522–527,4.317600750695393,8.056478405315614,554.0,554
Goodreads,Manga,Jujutsu Kaisen,29,呪術廻戦 29 [Jujutsu Kaisen 29],4.21,4829,,602,9.800664451827242,543.5,543–544,4.315254140506632,7.8903654485049834,555.0,555
Goodreads,Manga,Bleach,38,Bleach―ブリーチ― 38 [Burīchi 38],4.18,3836,,602,8.305647840531561,552.5,551–554,4.314168398770813,7.724252491694352,556.0,556
Goodreads,Arthur — texte fondateur,Légende arthurienne — textes fondateurs,v. 1250,La Mort du roi Arthur (Mort Artu),4.01,1726,https://www.goodreads.com/book/show/6044635,602,3.2392026578073088,583.0,582–584,4.312813187299581,7.558139534883721,557.0,557
Goodreads,Manga,Bleach,71,Bleach―ブリーチ― 71 [Burīchi 71],4.08,2284,,602,5.149501661129568,571.5,571–572,4.311701494214133,7.392026578073089,558.0,558
Goodreads,Manga,Bleach,62,Bleach―ブリーチ― 62 [Burīchi 62],4.11,2701,,602,5.980066445182724,566.5,566–567,4.309887387844517,7.225913621262459,559.0,559
Goodreads,Manga,Bleach,64,Bleach―ブリーチ― 64 [Burīchi 64],4.1,2605,,602,5.647840531561462,568.5,568–569,4.309079996168503,7.059800664451827,560.0,560
Goodreads,Manga,Bleach,4,"Bleach, Volume 04",4.27,15673,,602,14.20265780730897,517.0,513–521,4.305933888267921,6.893687707641196,561.0,561
Goodreads,Manga,Bleach,72,Bleach―ブリーチ― 72 [Burīchi 72],4.05,2266,,602,4.651162790697675,574.5,574–575,4.303880280375297,6.7275747508305646,562.0,562
Goodreads,Manga,Bleach,29,"Bleach, Volume 29",4.19,5232,,602,8.887043189368772,549.0,548–550,4.302034902012842,6.561461794019934,563.0,563
Goodreads,Manga,Bleach,52,Bleach―ブリーチ― 52 [Burīchi 52],4.12,3294,,602,6.229235880398671,565.0,565,4.3005701047669795,6.395348837209302,564.0,564
Goodreads,Manga,Bleach,54,Bleach―ブリーチ― 54 [Burīchi 54],4.11,3159,,602,5.980066445182724,566.5,566–567,4.299773216311315,6.229235880398671,565.0,565
Goodreads,Manga,Bleach,49,Bleach―ブリーチ― 49 [Burīchi 49],4.15,4132,,602,7.059800664451827,560.0,559–561,4.297841016254363,6.06312292358804,566.0,566
Goodreads,Manga,Bleach,67,Bleach―ブリーチ― 67 [Burīchi 67],4.04,2400,,602,4.318936877076412,576.5,576–577,4.296883601741556,5.897009966777409,567.0,567
Goodreads,Manga,Magi,1,マギ 1,4.2,6404,,602,9.385382059800664,546.0,545–547,4.296564653961847,5.730897009966777,568.0,568
Goodreads,Manga,Bleach,70,Bleach―ブリーチ― 70 [Burīchi 70],4.02,2322,,602,3.820598006644518,579.5,578–581,4.293669397704286,5.5647840531561465,569.0,569
Goodreads,Manga,Bleach,69,Bleach―ブリーチ― 69 [Burīchi 69],4.02,2345,,602,3.820598006644518,579.5,578–581,4.292905282845749,5.398671096345515,570.0,570
Goodreads,Manga,Bleach,68,Bleach―ブリーチ― 68 [Burīchi 68],4.02,2366,,602,3.820598006644518,579.5,578–581,4.292211329834941,5.232558139534884,571.0,571
Goodreads,Manga,Bleach,53,Bleach―ブリーチ― 53 [Burīchi 53],4.09,3323,,602,5.398671096345515,570.0,570,4.289184229552586,5.0664451827242525,572.0,572
Goodreads,Manga,My Hero Academia,1,"My Hero Academia, Vol. 1",4.28,158465,,602,15.780730897009967,507.5,503–512,4.2843564015481,4.900332225913621,573.0,573
Goodreads,Manga,Bleach,65,Bleach―ブリーチ― 65 [Burīchi 65],4.01,2553,,602,3.2392026578073088,583.0,582–584,4.283161123372429,4.73421926910299,574.0,574
Goodreads,Manga,Bleach,1,"Bleach, Vol. 1",4.27,202888,,602,14.20265780730897,517.0,513–521,4.273711708073511,4.568106312292358,575.0,575
Goodreads,Manga,Bleach,66,Bleach―ブリーチ― 66 [Burīchi 66],3.97,2488,,602,2.574750830564784,587.0,587,4.273404602045446,4.401993355481728,576.0,576
Goodreads,Fantasy — cycle principal,The Witcher,0.2,Sword of Destiny,4.27,234305,https://www.goodreads.com/series/306126-the-witcher,602,14.20265780730897,517.0,513–521,4.273226229529623,4.235880398671096,577.0,577
Goodreads,Manga,Bleach,50,Bleach―ブリーチ― 50 [Burīchi 50],4.04,3551,,602,4.318936877076412,576.5,576–577,4.26557391512065,4.069767441860465,578.0,578
Goodreads,Fantasy — cycle principal,The Witcher,3,Baptism of Fire,4.26,153351,https://www.goodreads.com/series/306126-the-witcher,602,12.956810631229235,524.5,522–527,4.265236366115049,3.903654485049834,579.0,579
Goodreads,Manga,Bleach,74,Bleach―ブリーチ― 74 [Burīchi 74],3.95,2580,,602,2.4086378737541527,588.0,588,4.264019742395026,3.737541528239203,580.0,580
Goodreads,Arthur — texte fondateur,Légende arthurienne — textes fondateurs,v. 1230,La Quête du Saint-Graal,3.91,2345,https://www.goodreads.com/book/show/229724.The_Quest_of_the_Holy_Grail,602,1.9933554817275747,590.5,590–591,4.261591170554398,3.5714285714285716,581.0,581
Goodreads,Manga,Black Clover,1,ブラッククローバー 1 [Black Clover 1],4.15,7979,,602,7.059800664451827,560.0,559–561,4.256840087044794,3.4053156146179404,582.0,582
Goodreads,Manga,Bleach,51,Bleach―ブリーチ― 51 [Burīchi 51],4.0,3321,,602,2.823920265780731,585.5,585–586,4.256787026368031,3.2392026578073088,583.0,583
Goodreads,Manga,Jujutsu Kaisen,21,呪術廻戦 21 [Jujutsu Kaisen 21],4.17,11670,,602,7.807308970099668,555.5,555–556,4.247675858644376,3.0730897009966776,584.0,584
Goodreads,Manga,One Piece,33,"One Piece, Volume 33: Davy Back Fight",4.13,8268,,602,6.4784053156146175,563.5,563–564,4.242982046357251,2.9069767441860463,585.0,585
Goodreads,Fantasy — cycle principal,The Witcher,4,The Tower of the Swallow,4.22,129871,https://www.goodreads.com/series/306126-the-witcher,602,10.382059800664452,540.0,538–542,4.227878091441675,2.740863787375415,586.0,586
Goodreads,Arthur — texte fondateur,Légende arthurienne — textes fondateurs,v. 1170,Erec et Enide,3.59,1652,https://www.goodreads.com/book/show/544867.Erec_and_Enide,602,0.5813953488372093,599.0,599,4.223816988195621,2.574750830564784,587.0,587
Goodreads,Manga,Jujutsu Kaisen,30,呪術廻戦 30 [Jujutsu Kaisen 30],4.0,4848,,602,2.823920265780731,585.5,585–586,4.220279062189084,2.4086378737541527,588.0,588
Goodreads,Manga,Jujutsu Kaisen,27,呪術廻戦 27 [Jujutsu Kaisen 27],4.01,5793,,602,3.2392026578073088,583.0,582–584,4.207422640660806,2.2425249169435215,589.0,589
Goodreads,Fantasy — cycle principal,A Song of Ice and Fire,4,A Feast for Crows,4.18,813469,https://www.goodreads.com/series/43790-a-song-of-ice-and-fire,602,8.305647840531561,552.5,551–554,4.1815930175721485,2.0764119601328903,590.0,590
Goodreads,Fantasy — cycle principal,The Witcher,2,The Time of Contempt,4.16,182730,https://www.goodreads.com/series/306126-the-witcher,602,7.475083056478406,557.5,557–558,4.167544737597274,1.910299003322259,591.0,591
Goodreads,Fantasy — cycle principal,The Witcher,0.1,The Last Wish,4.14,436557,https://www.goodreads.com/series/306126-the-witcher,602,6.7275747508305646,562.0,562,4.143482786775533,1.744186046511628,592.0,592
Goodreads,Arthur — texte fondateur,Légende arthurienne — textes fondateurs,v. 1200–1210,Parzival,3.73,4037,https://www.goodreads.com/book/show/560089.Parzival,602,1.079734219269103,596.0,596,4.128497635071439,1.5780730897009967,593.0,593
Goodreads,Arthur — texte fondateur,Légende arthurienne — textes fondateurs,XIIIe s.,Les quatre branches du Mabinogi et autres contes gallois,3.92,8902,https://www.goodreads.com/book/show/455219.The_Mabinogion,602,2.2425249169435215,589.0,589,4.111781220551006,1.4119601328903655,594.0,594
Goodreads,Fantasy — cycle principal,The Witcher,1,Blood of Elves,4.1,259417,https://www.goodreads.com/series/306126-the-witcher,602,5.647840531561462,568.5,568–569,4.106696545986637,1.2458471760797343,595.0,595
Goodreads,Fantasy — cycle principal,The Witcher,5,The Lady of the Lake,4.08,106091,https://www.goodreads.com/series/306126-the-witcher,602,5.149501661129568,571.5,571–572,4.096917735804309,1.079734219269103,596.0,596
Goodreads,Arthur — texte fondateur,Légende arthurienne — textes fondateurs,v. 1180–1190,Perceval ou le Conte du Graal,3.58,3713,https://www.goodreads.com/book/show/1770392.Perceval,602,0.4152823920265781,600.0,600,4.083956823428438,0.9136212624584718,597.0,597
Goodreads,Arthur — texte fondateur,Légende arthurienne — textes fondateurs,v. 1181,Lancelot ou le Chevalier de la Charrette,3.56,3970,https://www.goodreads.com/book/show/129898.Lancelot_The_Knight_of_the_Cart,602,0.24916943521594684,601.0,601,4.062773867421227,0.7475083056478405,598.0,598
Goodreads,Arthur — texte fondateur,Légende arthurienne — textes fondateurs,v. 1176,Yvain ou le Chevalier au lion,3.54,4477,https://www.goodreads.com/book/show/366629,602,0.08305647840531562,602.0,602,4.029556610004519,0.5813953488372093,599.0,599
Goodreads,Arthur — texte fondateur,Légende arthurienne — textes fondateurs,v. 1136,Historia Regum Britanniae — History of the Kings of Britain,3.71,6978,https://www.goodreads.com/book/show/129521.The_History_of_the_Kings_of_Britain,602,0.9136212624584718,597.0,597,4.026594714070305,0.4152823920265781,600.0,600
Goodreads,Arthur — texte fondateur,Légende arthurienne — textes fondateurs,1485,Le Morte d'Arthur,3.91,40103,https://www.goodreads.com/book/show/672875.Le_Morte_d_Arthur,602,1.9933554817275747,590.5,590–591,3.9729677309180653,0.24916943521594684,601.0,601
Goodreads,Arthur — texte fondateur,Légende arthurienne — textes fondateurs,fin XIVe s.,Sire Gauvain et le Chevalier vert,3.76,81476,https://www.goodreads.com/book/show/3049.Sir_Gawain_and_the_Green_Knight,602,1.2458471760797343,595.0,595,3.8032662489048326,0.08305647840531562,602.0,602
SensCritique,Fantasy — cycle principal,The Lord of the Rings,3,Le Retour du Roi,8.6,3463,https://www.senscritique.com/livre/le_retour_du_roi/8322141,599,99.49916527545909,3.5,3–4,8.514566150254408,99.91652754590984,1.0,1
SensCritique,Fantasy — cycle principal,A Song of Ice and Fire,3,Le Trône de fer — Intégrale 3,8.5,3965,https://www.senscritique.com/groupe/Le_Trone_de_fer/2845,599,99.1652754590985,5.5,5–6,8.429909169783325,99.74958263772955,2.0,2
SensCritique,Manga,One Piece,59,"La Mort de Portgas D. Ace - One Piece, tome 59",8.7,629,https://www.senscritique.com/bd/la_mort_de_portgas_d_ace_one_piece_tome_59/17476688,599,99.74958263772955,2.0,2,8.301463260624196,99.58263772954925,3.0,3
SensCritique,Fantasy — cycle principal,The Lord of the Rings,1,La Communauté de l’Anneau,8.3,7357,https://www.senscritique.com/livre/La_Communaute_de_l_Anneau_Le_Seigneur_des_anneaux_1/8957375,599,97.6627712854758,14.5,11–18,8.266921733674852,99.41569282136895,4.0,4
SensCritique,Fantasy — cycle principal,The Lord of the Rings,2,Les Deux Tours,8.3,6563,https://www.senscritique.com/livre/Les_Deux_Tours_Le_Seigneur_des_anneaux_2/8315223,599,97.6627712854758,14.5,11–18,8.263045107333573,99.24874791318865,5.0,5
SensCritique,Fantasy — cycle principal,A Song of Ice and Fire,2,Le Trône de fer — Intégrale 2,8.3,3907,https://www.senscritique.com/groupe/Le_Trone_de_fer/2845,599,97.6627712854758,14.5,11–18,8.23921597528161,99.08180300500835,6.0,6
SensCritique,Manga,One Piece,58,"L'Ère de Barbe Blanche - One Piece, tome 58",8.6,602,https://www.senscritique.com/bd/l_ere_de_barbe_blanche_one_piece_tome_58/17476682,599,99.49916527545909,3.5,3–4,8.21428820907242,98.91485809682804,7.0,7
SensCritique,Manga,One Piece,57,"Guerre au sommet - One Piece, tome 57",8.5,570,https://www.senscritique.com/bd/guerre_au_sommet_one_piece_tome_57/17476678,599,99.1652754590985,5.5,5–6,8.12561458079917,98.74791318864774,8.0,8
SensCritique,Fantasy — cycle principal,Stormlight Archive,2,Le Livre des Radieux,8.445670628183361,589,https://www.senscritique.com/groupe/les_archives_de_roshar/46557,599,98.91485809682804,7.0,7,8.094545071391947,98.58096828046745,9.0,9
SensCritique,Fantasy — cycle principal,Kingkiller Chronicle,2,La Peur du sage,8.2,1755,https://www.senscritique.com/groupe/Chronique_du_tueur_de_roi/3120,599,96.32721202003339,22.5,19–26,8.083492934511922,98.41402337228715,10.0,10
SensCritique,Fantasy — cycle principal,A Song of Ice and Fire,1,Le Trône de fer — Intégrale 1,8.1,8619,https://www.senscritique.com/groupe/Le_Trone_de_fer/2845,599,94.32387312186978,34.5,27–42,8.076450073851765,98.24707846410685,11.0,11
SensCritique,Manga,One Piece,41,"Déclaration de guerre - One Piece, tome 41",8.4,593,https://www.senscritique.com/bd/declaration_de_guerre_one_piece_tome_41/220658,599,98.58096828046745,9.0,8–10,8.062646710788757,97.9966611018364,12.5,12–13
SensCritique,Manga,One Piece,44,"""Rentrons"" - One Piece, tome 44",8.4,593,https://www.senscritique.com/bd/rentrons_one_piece_tome_44/17476610,599,98.58096828046745,9.0,8–10,8.062646710788757,97.9966611018364,12.5,12–13
SensCritique,Fantasy — cycle principal,Kingkiller Chronicle,1,Le Nom du vent,8.1,2303,https://www.senscritique.com/groupe/Chronique_du_tueur_de_roi/3120,599,94.32387312186978,34.5,27–42,8.017308390530795,97.74624373956594,14.0,14
SensCritique,Fantasy — cycle principal,Stormlight Archive,1,La Voie des rois,8.098015122873347,1058,https://www.senscritique.com/groupe/les_archives_de_roshar/46557,599,92.90484140233723,43.0,43,7.934591025342481,97.57929883138564,15.0,15
SensCritique,Fantasy — cycle principal,A Song of Ice and Fire,5,Le Trône de fer — Intégrale 5,8.0,2073,https://www.senscritique.com/groupe/Le_Trone_de_fer/2845,599,90.81803005008348,55.5,46–65,7.918262845595165,97.41235392320534,16.0,16
SensCritique,Manga,One Piece,40,"Gear - One Piece, tome 40",8.2,568,https://www.senscritique.com/bd/gear_one_piece_tome_40/129958,599,96.32721202003339,22.5,19–26,7.906193079724294,97.24540901502505,17.0,17
SensCritique,Manga,One Piece,52,"Roger & Rayleigh - One Piece, tome 52",8.2,514,https://www.senscritique.com/bd/roger_rayleigh_one_piece_tome_52/17476643,599,96.32721202003339,22.5,19–26,7.88433967243106,97.07846410684473,18.0,18
SensCritique,Manga,Fullmetal Alchemist,27,"Fullmetal Alchemist, tome 27",8.4,299,https://www.senscritique.com/bd/fullmetal_alchemist_tome_27/12986443,599,98.58096828046745,9.0,8–10,7.868553037543934,96.91151919866444,19.0,19
SensCritique,Manga,One Piece,36,"Justice N°9 - One Piece, tome 36",8.1,553,https://www.senscritique.com/bd/justice_ndeg9_one_piece_tome_36/42197,599,94.32387312186978,34.5,27–42,7.828144578019542,96.74457429048414,20.0,20
SensCritique,Manga,One Piece,43,"La Légende du héros - One Piece, tome 43",8.1,536,https://www.senscritique.com/bd/la_legende_du_heros_one_piece_tome_43/17476609,599,94.32387312186978,34.5,27–42,7.821966045701804,96.57762938230384,21.0,21
SensCritique,Manga,My Hero Academia,11,"La Fin du commencement et le commencement de la fin - My Hero Academia, tome 11",8.3,310,https://www.senscritique.com/bd/la_fin_du_commencement_et_le_commencement_de_la_fin_my_hero_academia_tome_11/25831078,599,97.6627712854758,14.5,11–18,7.820365138285345,96.41068447412354,22.0,22
SensCritique,Manga,One Piece,96,"Bouillir, tel est le propre du Oden - One Piece, tome 96",8.2,359,https://www.senscritique.com/bd/bouillir_tel_est_le_propre_du_oden_one_piece_tome_96/41655692,599,96.32721202003339,22.5,19–26,7.798652543231086,96.24373956594324,23.0,23
SensCritique,Fantasy — cycle principal,Harry Potter,3,Harry Potter et le Prisonnier d'Azkaban,7.8,59880,https://www.senscritique.com/groupe/harry_potter/600,599,82.63772954924875,104.5,89–120,7.797597527161435,96.07679465776293,24.0,24
SensCritique,Fantasy — cycle principal,Harry Potter,4,Harry Potter et la coupe de feu,7.8,56575,https://www.senscritique.com/groupe/harry_potter/600,599,82.63772954924875,104.5,89–120,7.7974577033860735,95.90984974958263,25.0,25
SensCritique,Fantasy — cycle principal,Harry Potter,7,Harry Potter et les Reliques de la Mort,7.8,35184,https://www.senscritique.com/groupe/harry_potter/600,599,82.63772954924875,104.5,89–120,7.795921307554101,95.74290484140234,26.0,26
SensCritique,Manga,Fullmetal Alchemist,25,"Fullmetal Alchemist, tome 25",8.3,260,https://www.senscritique.com/bd/fullmetal_alchemist_tome_25/12986441,599,97.6627712854758,14.5,11–18,7.769556360561334,95.57595993322204,27.0,27
SensCritique,Manga,One Piece,35,"Capitaine - One Piece, tome 35",8.0,563,https://www.senscritique.com/bd/capitaine_one_piece_tome_35/83810,599,90.81803005008348,55.5,46–65,7.759007228625742,95.40901502504174,28.0,28
SensCritique,Manga,One Piece,37,"Tom - One Piece, tome 37",8.0,551,https://www.senscritique.com/bd/tom_one_piece_tome_37/48075,599,90.81803005008348,55.5,46–65,7.755217040871494,95.24207011686144,29.0,29
SensCritique,Manga,One Piece,42,"Les Pirates contre le CP9 - One Piece, tome 42",8.0,539,https://www.senscritique.com/bd/les_pirates_contre_le_cp9_one_piece_tome_42/17476605,599,90.81803005008348,55.5,46–65,7.751305728608456,95.07512520868113,30.0,30
SensCritique,Manga,One Piece,45,"Je comprends ce que vous ressentez - One Piece, tome 45",8.0,531,https://www.senscritique.com/bd/je_comprends_ce_que_vous_ressentez_one_piece_tome_45/17476611,599,90.81803005008348,55.5,46–65,7.748627997557133,94.90818030050083,31.0,31
SensCritique,Manga,One Piece,60,"Petit frère - One Piece, tome 60",8.0,530,https://www.senscritique.com/bd/petit_frere_one_piece_tome_60/17476692,599,90.81803005008348,55.5,46–65,7.7482892212735175,94.74123539232053,32.0,32
SensCritique,Manga,One Piece,51,"Les Onze Supernovae - One Piece, tome 51",8.0,515,https://www.senscritique.com/bd/les_onze_supernovae_one_piece_tome_51/17476641,599,90.81803005008348,55.5,46–65,7.743095738906396,94.57429048414023,33.0,33
SensCritique,Manga,One Piece,56,"Merci pour tout - One Piece, tome 56",8.0,504,https://www.senscritique.com/bd/merci_pour_tout_one_piece_tome_56/17476669,599,90.81803005008348,55.5,46–65,7.7391488857331705,94.40734557595994,34.0,34
SensCritique,Manga,Fullmetal Alchemist,23,"Fullmetal Alchemist, tome 23",8.2,260,https://www.senscritique.com/bd/fullmetal_alchemist_tome_23/12986439,599,96.32721202003339,22.5,19–26,7.714471614798622,94.24040066777964,35.0,35
SensCritique,Manga,One Piece,22,"Hope ! - One Piece, tome 22",7.9,628,https://www.senscritique.com/bd/hope_one_piece_tome_22/17475463,599,87.31218697829716,76.5,66–87,7.702893574029702,94.07345575959933,36.0,36
SensCritique,Manga,One Piece,23,"L'Aventure de Vivi - One Piece, tome 23",7.9,617,https://www.senscritique.com/bd/l_aventure_de_vivi_one_piece_tome_23/17475501,599,87.31218697829716,76.5,66–87,7.700278169101266,93.90651085141903,37.0,37
SensCritique,Fantasy — cycle principal,Harry Potter,6,Harry Potter et le Prince de Sang-Mêlé,7.7,41835,https://www.senscritique.com/groupe/harry_potter/600,599,76.96160267111853,138.5,121–156,7.697070673346135,93.73956594323873,38.0,38
SensCritique,Manga,One Piece,39,"Compétition - One Piece, tome 39",7.9,551,https://www.senscritique.com/bd/competition_one_piece_tome_39/135865,599,87.31218697829716,76.5,66–87,7.683002099849214,93.48914858096828,39.5,39–40
SensCritique,Manga,One Piece,61,"À l'aube d'une grande aventure dans le Nouveau Monde - One Piece, tome 61",7.9,551,https://www.senscritique.com/bd/a_l_aube_d_une_grande_aventure_dans_le_nouveau_monde_one_piece_tome_61/10455896,599,87.31218697829716,76.5,66–87,7.683002099849214,93.48914858096828,39.5,39–40
SensCritique,Manga,One Piece,38,"Rocketman ! - One Piece, tome 38",7.9,547,https://www.senscritique.com/bd/rocketman_one_piece_tome_38/101355,599,87.31218697829716,76.5,66–87,7.681858500902438,93.23873121869784,41.0,41
SensCritique,Manga,Fullmetal Alchemist,13,"Fullmetal Alchemist, tome 13",8.1,285,https://www.senscritique.com/bd/fullmetal_alchemist_tome_13/12986429,599,94.32387312186978,34.5,27–42,7.681550507414387,93.07178631051752,42.0,42
SensCritique,Manga,Fullmetal Alchemist,15,"Fullmetal Alchemist, tome 15",8.1,284,https://www.senscritique.com/bd/fullmetal_alchemist_tome_15/12986431,599,94.32387312186978,34.5,27–42,7.680706859243852,92.90484140233723,43.0,43
SensCritique,Manga,Jujutsu Kaisen,14,"Le Drame de Shibuya : Le Bien et le Mal - Jujutsu Kaisen, tome 14",8.3,189,https://www.senscritique.com/bd/le_drame_de_shibuya_le_bien_et_le_mal_jujutsu_kaisen_tome_14/43749365,599,97.6627712854758,14.5,11–18,7.675637411932544,92.73789649415693,44.0,44
SensCritique,Manga,My Hero Academia,17,"Lemillion - My Hero Academia, tome 17",8.2,223,https://www.senscritique.com/bd/lemillion_my_hero_academia_tome_17/29968413,599,96.32721202003339,22.5,19–26,7.673173798126323,92.57095158597663,45.0,45
SensCritique,Manga,One Piece,54,"Plus personne ne m'arrêtera - One Piece, tome 54",7.9,493,https://www.senscritique.com/bd/plus_personne_ne_m_arretera_one_piece_tome_54/17476650,599,87.31218697829716,76.5,66–87,7.665149790333263,92.40400667779633,46.0,46
SensCritique,Manga,Jujutsu Kaisen,15,"Le Drame de Shibuya : Transformation - Jujutsu Kaisen, tome 15",8.3,182,https://www.senscritique.com/bd/le_drame_de_shibuya_transformation_jujutsu_kaisen_tome_15/44290421,599,97.6627712854758,14.5,11–18,7.6645446755963205,92.23706176961603,47.0,47
SensCritique,Manga,Fullmetal Alchemist,19,"Fullmetal Alchemist, tome 19",8.1,265,https://www.senscritique.com/bd/fullmetal_alchemist_tome_19/12986435,599,94.32387312186978,34.5,27–42,7.664005455314361,91.98664440734558,48.5,48–49
SensCritique,Manga,Fullmetal Alchemist,26,"Fullmetal Alchemist, tome 26",8.1,265,https://www.senscritique.com/bd/fullmetal_alchemist_tome_26/12986442,599,94.32387312186978,34.5,27–42,7.664005455314361,91.98664440734558,48.5,48–49
SensCritique,Manga,Fullmetal Alchemist,24,"Fullmetal Alchemist, tome 24",8.1,264,https://www.senscritique.com/bd/fullmetal_alchemist_tome_24/12986440,599,94.32387312186978,34.5,27–42,7.663089500388551,91.73622704507513,50.0,50
SensCritique,Fantasy — cycle principal,A Song of Ice and Fire,4,Le Trône de fer — Intégrale 4,7.7,3071,https://www.senscritique.com/groupe/Le_Trone_de_fer/2845,599,76.96160267111853,138.5,121–156,7.6624826689567325,91.56928213689483,51.0,51
SensCritique,Manga,Fullmetal Alchemist,22,"Fullmetal Alchemist, tome 22",8.1,259,https://www.senscritique.com/bd/fullmetal_alchemist_tome_22/12986438,599,94.32387312186978,34.5,27–42,7.658451384681424,91.40233722871453,52.0,52
SensCritique,Manga,My Hero Academia,29,"Katsuki Bakugo : L'Envol - My Hero Academia, tome 29",8.3,176,https://www.senscritique.com/bd/Katsuki_Bakugo_L_Envol_My_Hero_Academia_tome_29/43732783,599,97.6627712854758,14.5,11–18,7.654718046868428,91.23539232053422,53.0,53
SensCritique,Manga,One Piece,78,"L'Icône du mal - One Piece, tome 78",7.9,462,https://www.senscritique.com/bd/l_icone_du_mal_one_piece_tome_78/19736385,599,87.31218697829716,76.5,66–87,7.654348074458383,90.98497495826378,54.5,54–55
SensCritique,Manga,One Piece,79,"Lucy - One Piece, tome 79",7.9,462,https://www.senscritique.com/bd/lucy_one_piece_tome_79/21871068,599,87.31218697829716,76.5,66–87,7.654348074458383,90.98497495826378,54.5,54–55
SensCritique,Manga,One Piece,9,"Larmes - One Piece, tome 9",7.8,768,https://www.senscritique.com/bd/larmes_one_piece_tome_9/17475253,599,82.63772954924875,104.5,89–120,7.652684287943826,90.73455759599332,56.0,56
SensCritique,Manga,Hunter × Hunter,11,"4 septembre - Hunter X Hunter, tome 11",8.1,243,https://www.senscritique.com/bd/4_septembre_hunter_x_hunter_tome_11/17264831,599,94.32387312186978,34.5,27–42,7.642924400406484,90.56761268781302,57.0,57
SensCritique,Manga,Fullmetal Alchemist,10,"Fullmetal Alchemist, tome 10",8.0,307,https://www.senscritique.com/bd/fullmetal_alchemist_tome_10/12986426,599,90.81803005008348,55.5,46–65,7.640136035038439,90.40066777963273,58.0,58
SensCritique,Manga,One Piece,89,"Bad End Musical - One Piece, tome 89",7.9,425,https://www.senscritique.com/bd/bad_end_musical_one_piece_tome_89/33980402,599,87.31218697829716,76.5,66–87,7.640079438280926,90.23372287145241,59.0,59
SensCritique,Manga,One Piece,21,"Utopie - One Piece, tome 21",7.8,673,https://www.senscritique.com/bd/utopie_one_piece_tome_21/17393529,599,82.63772954924875,104.5,89–120,7.6368707369321465,90.06677796327212,60.0,60
SensCritique,Manga,One Piece,90,"La Terre Sainte de Marie Joie - One Piece, tome 90",7.9,417,https://www.senscritique.com/bd/la_terre_sainte_de_marie_joie_one_piece_tome_90/36233256,599,87.31218697829716,76.5,66–87,7.636773612376709,89.89983305509182,61.0,61
SensCritique,Manga,Fullmetal Alchemist,11,"Fullmetal Alchemist, tome 11",8.0,294,https://www.senscritique.com/bd/fullmetal_alchemist_tome_11/12986427,599,90.81803005008348,55.5,46–65,7.630890518152075,89.73288814691152,62.0,62
SensCritique,Manga,Fullmetal Alchemist,12,"Fullmetal Alchemist, tome 12",8.0,293,https://www.senscritique.com/bd/fullmetal_alchemist_tome_12/12986428,599,90.81803005008348,55.5,46–65,7.6301596082870295,89.56594323873122,63.0,63
SensCritique,Manga,One Piece,25,"L'Homme qui valait 100 millions - One Piece, tome 25",7.8,634,https://www.senscritique.com/bd/l_homme_qui_valait_100_millions_one_piece_tome_25/17393533,599,82.63772954924875,104.5,89–120,7.629350593599232,89.39899833055092,64.0,64
SensCritique,Manga,Fullmetal Alchemist,4,"Fullmetal Alchemist, tome 4",7.9,388,https://www.senscritique.com/bd/fullmetal_alchemist_tome_4/12986420,599,87.31218697829716,76.5,66–87,7.6240510036415845,89.23205342237061,65.0,65
SensCritique,Manga,One Piece,34,"Water Seven, la cité sur l'eau - One Piece, tome 34",7.8,562,https://www.senscritique.com/bd/water_seven_la_cite_sur_l_eau_one_piece_tome_34/226258,599,82.63772954924875,104.5,89–120,7.613476230213113,89.06510851419031,66.0,66
SensCritique,Manga,Fullmetal Alchemist,17,"Fullmetal Alchemist, tome 17",8.0,271,https://www.senscritique.com/bd/fullmetal_alchemist_tome_17/12986433,599,90.81803005008348,55.5,46–65,7.613313876159316,88.89816360601002,67.0,67
SensCritique,Manga,Fullmetal Alchemist,7,"Fullmetal Alchemist, tome 7",7.9,349,https://www.senscritique.com/bd/fullmetal_alchemist_tome_7/12986423,599,87.31218697829716,76.5,66–87,7.604867383573886,88.73121869782972,68.0,68
SensCritique,Manga,Fullmetal Alchemist,21,"Fullmetal Alchemist, tome 21",8.0,256,https://www.senscritique.com/bd/fullmetal_alchemist_tome_21/12986437,599,90.81803005008348,55.5,46–65,7.600920090138782,88.56427378964942,69.0,69
SensCritique,Manga,Naruto,10,"Un ninja formidable…!! - Naruto, tome 10",7.8,512,https://www.senscritique.com/bd/un_ninja_formidable_naruto_tome_10/15110278,599,82.63772954924875,104.5,89–120,7.600594754399102,88.39732888146912,70.0,70
SensCritique,Fantasy — cycle principal,Harry Potter,1,Harry Potter à l'école des sorciers,7.6,120443,https://www.senscritique.com/groupe/harry_potter/600,599,71.28547579298831,172.5,157–188,7.599154868030209,88.23038397328881,71.0,71
SensCritique,Fantasy — cycle principal,Harry Potter,5,Harry Potter et l'ordre du phénix,7.6,43582,https://www.senscritique.com/groupe/harry_potter/600,599,71.28547579298831,172.5,157–188,7.597671612599556,88.06343906510851,72.0,72
SensCritique,Manga,One Piece,55,"Des travs en enfer - One Piece, tome 55",7.8,495,https://www.senscritique.com/bd/des_travs_en_enfer_one_piece_tome_55/17476652,599,82.63772954924875,104.5,89–120,7.595800003090453,87.89649415692821,73.0,73
SensCritique,Manga,Jujutsu Kaisen,10,"La Veille de la fête - Jujutsu Kaisen, tome 10",8.1,199,https://www.senscritique.com/bd/la_veille_de_la_fete_jujutsu_kaisen_tome_10/42311760,599,94.32387312186978,34.5,27–42,7.593991732810097,87.72954924874792,74.0,74
SensCritique,Manga,Fullmetal Alchemist,9,"Fullmetal Alchemist, tome 9",7.9,323,https://www.senscritique.com/bd/fullmetal_alchemist_tome_9/12986425,599,87.31218697829716,76.5,66–87,7.590524490065328,87.56260434056762,75.0,75
SensCritique,Manga,My Hero Academia,10,"All For One - My Hero Academia, tome 10",7.9,322,https://www.senscritique.com/bd/all_for_one_my_hero_academia_tome_10/25240871,599,87.31218697829716,76.5,66–87,7.589944947911891,87.39565943238732,76.0,76
SensCritique,Manga,One Piece,107,"Le Héros de la légende - One Piece, tome 107",8.1,195,https://www.senscritique.com/bd/le_heros_de_la_legende_one_piece_tome_107/62819830,599,94.32387312186978,34.5,27–42,7.5890186785871006,87.228714524207,77.0,77
SensCritique,Manga,Naruto,15,"Le Répertoire ninpô de Naruto !! - Naruto, tome 15",7.8,468,https://www.senscritique.com/bd/le_repertoire_ninpo_de_naruto_naruto_tome_15/15113768,599,82.63772954924875,104.5,89–120,7.587692062036692,87.06176961602671,78.0,78
SensCritique,Manga,One Piece,10,"Ok, let's stand up ! - One Piece, tome 10",7.7,769,https://www.senscritique.com/bd/ok_let_s_stand_up_one_piece_tome_10/16780873,599,76.96160267111853,138.5,121–156,7.574445058292508,86.89482470784641,79.0,79
SensCritique,Manga,Naruto,26,"Séparation…!! - Naruto, tome 26",7.8,425,https://www.senscritique.com/bd/separation_naruto_tome_26/15121688,599,82.63772954924875,104.5,89–120,7.573360442990502,86.72787979966611,80.0,80
SensCritique,Manga,Fullmetal Alchemist,3,"Fullmetal Alchemist, tome 3",7.8,423,https://www.senscritique.com/bd/fullmetal_alchemist_tome_3/12986419,599,82.63772954924875,104.5,89–120,7.572646617614096,86.56093489148581,81.0,81
SensCritique,Manga,My Hero Academia,28,"Destruction massive - My Hero Academia, tome 28",8.1,179,https://www.senscritique.com/bd/Destruction_massive_My_Hero_Academia_tome_28/42830863,599,94.32387312186978,34.5,27–42,7.568108956994757,86.3939899833055,82.0,82
SensCritique,Manga,Fullmetal Alchemist,14,"Fullmetal Alchemist, tome 14",7.9,279,https://www.senscritique.com/bd/fullmetal_alchemist_tome_14/12986430,599,87.31218697829716,76.5,66–87,7.562791450478514,86.2270450751252,83.0,83
SensCritique,Fantasy — cycle principal,Stormlight Archive,4,Rythme de guerre,8.0275,200,https://www.senscritique.com/groupe/les_archives_de_roshar/46557,599,92.57095158597663,45.0,45,7.560025733458616,86.0601001669449,84.0,84
SensCritique,Manga,One Piece,20,"Bataille décisive à Alubarna - One Piece, tome 20",7.7,658,https://www.senscritique.com/bd/bataille_decisive_a_alubarna_one_piece_tome_20/17392766,599,76.96160267111853,138.5,121–156,7.558425979522931,85.89315525876461,85.0,85
SensCritique,Manga,Jujutsu Kaisen,9,"Mort prématurée - Jujutsu Kaisen, tome 9",8.0,209,https://www.senscritique.com/bd/mort_prematuree_jujutsu_kaisen_tome_9/41191248,599,90.81803005008348,55.5,46–65,7.556367226092518,85.72621035058431,86.0,86
SensCritique,Manga,Fullmetal Alchemist,18,"Fullmetal Alchemist, tome 18",7.9,268,https://www.senscritique.com/bd/fullmetal_alchemist_tome_18/12986434,599,87.31218697829716,76.5,66–87,7.5550637545519805,85.55926544240401,87.0,87
SensCritique,Manga,Fullmetal Alchemist,20,"Fullmetal Alchemist, tome 20",7.9,265,https://www.senscritique.com/bd/fullmetal_alchemist_tome_20/12986436,599,87.31218697829716,76.5,66–87,7.552894344203249,85.3923205342237,88.0,88
SensCritique,Fantasy — cycle principal,Stormlight Archive,3,Justicière,7.830959752321982,323,https://www.senscritique.com/groupe/les_archives_de_roshar/46557,599,85.3923205342237,88.0,88,7.548842247074674,85.2253756260434,89.0,89
SensCritique,Manga,One Piece,31,"Nous sommes là - One Piece, tome 31",7.7,597,https://www.senscritique.com/bd/nous_sommes_la_one_piece_tome_31/357231,599,76.96160267111853,138.5,121–156,7.547751053380655,85.0584307178631,90.0,90
SensCritique,Manga,One Piece,103,"Le Guerrier libérateur - One Piece, tome 103",7.9,256,https://www.senscritique.com/bd/le_guerrier_liberateur_one_piece_tome_103/49288332,599,87.31218697829716,76.5,66–87,7.5462192354379285,84.8914858096828,91.0,91
SensCritique,Manga,Fullmetal Alchemist,6,"Fullmetal Alchemist, tome 6",7.8,351,https://www.senscritique.com/bd/fullmetal_alchemist_tome_6/12986422,599,82.63772954924875,104.5,89–120,7.543571229458171,84.72454090150251,92.0,92
SensCritique,Manga,One Piece,30,"Capriccio - One Piece, tome 30",7.7,574,https://www.senscritique.com/bd/capriccio_one_piece_tome_30/17475526,599,76.96160267111853,138.5,121–156,7.543295931533016,84.55759599332221,93.0,93
SensCritique,Manga,Hunter × Hunter,9,"1er septembre - Hunter X Hunter, tome 9",7.9,252,https://www.senscritique.com/bd/1er_septembre_hunter_x_hunter_tome_9/17257486,599,87.31218697829716,76.5,66–87,7.543169401260668,84.3906510851419,94.0,94
SensCritique,Manga,Jujutsu Kaisen,11,"Le Drame de Shibuya : Ouverture - Jujutsu Kaisen, tome 11",8.0,196,https://www.senscritique.com/bd/le_drame_de_shibuya_ouverture_jujutsu_kaisen_tome_11/42311761,599,90.81803005008348,55.5,46–65,7.542231868100368,84.2237061769616,95.0,95
SensCritique,Manga,Hunter × Hunter,10,"3 septembre - Hunter X Hunter, tome 10",7.9,248,https://www.senscritique.com/bd/3_septembre_hunter_x_hunter_tome_10/17257487,599,87.31218697829716,76.5,66–87,7.5400665264890225,84.0567612687813,96.0,96
SensCritique,Fantasy — cycle principal,The Witcher,2,Le Temps du mépris,7.6,1414,https://www.senscritique.com/groupe/Sorceleur/3026,599,71.28547579298831,172.5,157–188,7.537288193225677,83.889816360601,97.0,97
SensCritique,Manga,Jujutsu Kaisen,13,"Le Drame de Shibuya : Tonnerre - Jujutsu Kaisen, tome 13",8.0,191,https://www.senscritique.com/bd/le_drame_de_shibuya_tonnerre_jujutsu_kaisen_tome_13/43116623,599,90.81803005008348,55.5,46–65,7.536552362741811,83.7228714524207,98.0,98
SensCritique,Manga,Fullmetal Alchemist,8,"Fullmetal Alchemist, tome 8",7.8,335,https://www.senscritique.com/bd/fullmetal_alchemist_tome_8/12986424,599,82.63772954924875,104.5,89–120,7.536070570722029,83.5559265442404,99.0,99
SensCritique,Manga,One Piece,109,"Toujours de ton côté - One Piece, tome 109",8.1,156,https://www.senscritique.com/bd/toujours_de_ton_cote_one_piece_tome_109/94412288,599,94.32387312186978,34.5,27–42,7.53486576680693,83.3889816360601,100.0,100
SensCritique,Manga,My Hero Academia,30,"Danse macabre - My Hero Academia, tome 30",8.1,155,https://www.senscritique.com/bd/Danse_macabre_My_Hero_Academia_tome_30/44507280,599,94.32387312186978,34.5,27–42,7.533325891512125,83.2220367278798,101.0,101
SensCritique,Manga,One Piece,100,"Le Fluide royal - One Piece, tome 100",7.8,325,https://www.senscritique.com/bd/le_fluide_royal_one_piece_tome_100/44882612,599,82.63772954924875,104.5,89–120,7.531155683770857,83.0550918196995,102.0,102
SensCritique,Manga,One Piece,77,"Smile - One Piece, tome 77",7.7,504,https://www.senscritique.com/bd/smile_one_piece_tome_77/17468815,599,76.96160267111853,138.5,121–156,7.527975701375628,82.8881469115192,103.0,103
SensCritique,Manga,One Piece,53,"Le Tempérament d'un roi - One Piece, tome 53",7.7,500,https://www.senscritique.com/bd/le_temperament_d_un_roi_one_piece_tome_53/17476646,599,76.96160267111853,138.5,121–156,7.5270092727316715,82.7212020033389,104.0,104
SensCritique,Manga,Fullmetal Alchemist,1,"Fullmetal Alchemist, tome 1",7.7,496,https://www.senscritique.com/bd/fullmetal_alchemist_tome_1/14955031,599,76.96160267111853,138.5,121–156,7.526031923990043,82.5542570951586,105.0,105
SensCritique,Manga,One Piece,76,"Poursuis ta route ! - One Piece, tome 76",7.7,473,https://www.senscritique.com/bd/poursuis_ta_route_one_piece_tome_76/17311836,599,76.96160267111853,138.5,121–156,7.520190660124015,82.38731218697829,106.0,106
SensCritique,Manga,One Piece,73,"L'Opération Dressrosa S.O.P. - One Piece, tome 73",7.7,465,https://www.senscritique.com/bd/l_operation_dressrosa_s_o_p_one_piece_tome_73/15796182,599,76.96160267111853,138.5,121–156,7.518065882104801,82.220367278798,107.0,107
SensCritique,Manga,My Hero Academia,27,"One's Justice - My Hero Academia, tome 27",8.0,175,https://www.senscritique.com/bd/One_s_Justice_My_Hero_Academia_tome_27/42475323,599,90.81803005008348,55.5,46–65,7.517391736912015,82.0534223706177,108.0,108
SensCritique,Manga,One Piece,75,"Ma gratitude - One Piece, tome 75",7.7,460,https://www.senscritique.com/bd/ma_gratitude_one_piece_tome_75/15796217,599,76.96160267111853,138.5,121–156,7.516712205632366,81.8864774624374,109.0,109
SensCritique,Manga,Fullmetal Alchemist,2,"Fullmetal Alchemist, tome 2",7.7,459,https://www.senscritique.com/bd/fullmetal_alchemist_tome_2/12986418,599,76.96160267111853,138.5,121–156,7.516439049455961,81.7195325542571,110.0,110
SensCritique,Manga,One Piece,71,"Le Colisée de tous les dangers - One Piece, tome 71",7.7,452,https://www.senscritique.com/bd/le_colisee_de_tous_les_dangers_one_piece_tome_71/15796155,599,76.96160267111853,138.5,121–156,7.514503918953238,81.55258764607679,111.0,111
SensCritique,Manga,One Piece,80,"Vers une bataille sans précédent - One Piece, tome 80",7.7,442,https://www.senscritique.com/bd/vers_une_bataille_sans_precedent_one_piece_tome_80/23050179,599,76.96160267111853,138.5,121–156,7.511667587438763,81.38564273789649,112.0,112
SensCritique,Manga,Jujutsu Kaisen,16,"Le Drame de Shibuya : Fermeture - Jujutsu Kaisen, tome 16",8.0,169,https://www.senscritique.com/bd/le_drame_de_shibuya_fermeture_jujutsu_kaisen_tome_16/44883308,599,90.81803005008348,55.5,46–65,7.5097916067846455,81.21869782971619,113.0,113
SensCritique,Manga,One Piece,84,"Luffy versus Sanji - One Piece, tome 84",7.7,420,https://www.senscritique.com/bd/luffy_versus_sanji_one_piece_tome_84/24259293,599,76.96160267111853,138.5,121–156,7.505111712317959,81.0517529215359,114.0,114
SensCritique,Manga,Hunter × Hunter,29,"Hunter X Hunter, tome 29",7.9,207,https://www.senscritique.com/bd/hunter_x_hunter_tome_29/17265939,599,87.31218697829716,76.5,66–87,7.504846305930669,80.8848080133556,115.0,115
SensCritique,Manga,One Piece,86,"Opération Régicide - One Piece, tome 86",7.7,414,https://www.senscritique.com/bd/operation_regicide_one_piece_tome_86/26324557,599,76.96160267111853,138.5,121–156,7.503243773458387,80.7178631051753,116.0,116
SensCritique,Manga,Fullmetal Alchemist,16,"Fullmetal Alchemist, tome 16",7.8,271,https://www.senscritique.com/bd/fullmetal_alchemist_tome_16/12986432,599,82.63772954924875,104.5,89–120,7.501098555248344,80.55091819699499,117.0,117
SensCritique,Manga,Naruto,43,"Celui qui sait - Naruto, tome 43",7.7,399,https://www.senscritique.com/bd/celui_qui_sait_naruto_tome_43/15491267,599,76.96160267111853,138.5,121–156,7.498413424197954,80.38397328881469,118.0,118
SensCritique,Manga,Hunter × Hunter,34,"Hunter X Hunter, tome 34",7.8,256,https://www.senscritique.com/bd/hunter_x_hunter_tome_34/27513418,599,82.63772954924875,104.5,89–120,7.491518380737073,80.21702838063439,119.0,119
SensCritique,Manga,One Piece,11,"Le Plus Grand Bandit d'East Blue - One Piece, tome 11",7.6,727,https://www.senscritique.com/bd/le_plus_grand_bandit_d_east_blue_one_piece_tome_11/17475301,599,71.28547579298831,172.5,157–188,7.491406392103248,80.05008347245409,120.0,120
SensCritique,Manga,Fullmetal Alchemist,5,"Fullmetal Alchemist, tome 5",7.7,374,https://www.senscritique.com/bd/fullmetal_alchemist_tome_5/12986421,599,76.96160267111853,138.5,121–156,7.489813314308789,79.88313856427379,121.0,121
SensCritique,Manga,One Piece,95,"L'Aventure d'Oden - One Piece, tome 95",7.7,364,https://www.senscritique.com/bd/l_aventure_d_oden_one_piece_tome_95/40976621,599,76.96160267111853,138.5,121–156,7.4861642399044275,79.7161936560935,122.0,122
SensCritique,Manga,One Piece,18,"Ace entre en scène - One Piece, tome 18",7.6,677,https://www.senscritique.com/bd/ace_entre_en_scene_one_piece_tome_18/17393530,599,71.28547579298831,172.5,157–188,7.48529876511243,79.54924874791318,123.0,123
SensCritique,Manga,One Piece,16,"Successeurs - One Piece, tome 16",7.6,672,https://www.senscritique.com/bd/successeurs_one_piece_tome_16/17475338,599,71.28547579298831,172.5,157–188,7.484650002471662,79.38230383973288,124.0,124
SensCritique,Manga,One Piece,104,"Momonosuké Kozuki, shogun du pays des Wa - One Piece, tome 104",7.8,241,https://www.senscritique.com/bd/momonosuke_kozuki_shogun_du_pays_des_wa_one_piece_tome_104/52281472,599,82.63772954924875,104.5,89–120,7.481303757582672,79.21535893155259,125.0,125
SensCritique,Manga,My Hero Academia,16,"Red Riot - My Hero Academia, tome 16",7.8,237,https://www.senscritique.com/bd/red_riot_my_hero_academia_tome_16/28463756,599,82.63772954924875,104.5,89–120,7.478464592839533,79.04841402337229,126.0,126
SensCritique,Manga,Hunter × Hunter,2,"Bataille dans le brouillard - Hunter x Hunter, tome 2",7.7,343,https://www.senscritique.com/bd/bataille_dans_le_brouillard_hunter_x_hunter_tome_2/17255100,599,76.96160267111853,138.5,121–156,7.478073157090001,78.88146911519199,127.0,127
SensCritique,Manga,Hunter × Hunter,12,"4 septembre - Hunter X Hunter, tome 12",7.8,236,https://www.senscritique.com/bd/4_septembre_hunter_x_hunter_tome_12/17264865,599,82.63772954924875,104.5,89–120,7.477746879877121,78.71452420701169,128.0,128
SensCritique,Manga,Naruto,4,"Le Pont des héros ? - Naruto, tome 4",7.6,622,https://www.senscritique.com/bd/le_pont_des_heros_naruto_tome_4/13019808,599,71.28547579298831,172.5,157–188,7.477734534993944,78.54757929883138,129.0,129
SensCritique,Manga,Hunter × Hunter,13,"10 septembre - Hunter X Hunter, tome 13",7.8,233,https://www.senscritique.com/bd/10_septembre_hunter_x_hunter_tome_13/17264915,599,82.63772954924875,104.5,89–120,7.475574386932472,78.38063439065108,130.0,130
SensCritique,Manga,One Piece,105,"Le Rêve de Luffy - One Piece, tome 105",7.8,231,https://www.senscritique.com/bd/le_reve_de_luffy_one_piece_tome_105/55050723,599,82.63772954924875,104.5,89–120,7.474109711478443,78.21368948247078,131.0,131
SensCritique,Manga,Hunter × Hunter,3,"L'Arrivée - Hunter x Hunter, tome 3",7.7,324,https://www.senscritique.com/bd/l_arrivee_hunter_x_hunter_tome_3/17255103,599,76.96160267111853,138.5,121–156,7.470206347359982,78.04674457429049,132.0,132
SensCritique,Manga,Hunter × Hunter,16,"Duels - Hunter X Hunter, tome 16",7.8,224,https://www.senscritique.com/bd/duels_hunter_x_hunter_tome_16/17265059,599,82.63772954924875,104.5,89–120,7.468877527947133,77.87979966611019,133.0,133
SensCritique,Fantasy — cycle principal,The Witcher,0.2,L'Épée de la providence,7.5,1970,https://www.senscritique.com/groupe/Sorceleur/3026,599,66.02671118530886,204.0,189–219,7.462983777353323,77.71285475792989,134.0,134
SensCritique,Manga,One Piece,99,"Luffy au chapeau de paille - One Piece, tome 99",7.7,307,https://www.senscritique.com/bd/luffy_au_chapeau_de_paille_one_piece_tome_99/44863391,599,76.96160267111853,138.5,121–156,7.4626793876395965,77.54590984974958,135.0,135
SensCritique,Manga,Hunter × Hunter,4,"Le Dernier Tour ! - Hunter x Hunter, tome 4",7.7,297,https://www.senscritique.com/bd/le_dernier_tour_hunter_x_hunter_tome_4/17255104,599,76.96160267111853,138.5,121–156,7.458016900166897,77.37896494156928,136.0,136
SensCritique,Manga,One Piece,50,"De nouveau face au mur - One Piece, tome 50",7.6,505,https://www.senscritique.com/bd/de_nouveau_face_au_mur_one_piece_tome_50/17476633,599,71.28547579298831,172.5,157–188,7.457783266645676,77.21202003338898,137.0,137
SensCritique,Manga,Hunter × Hunter,27,"Hunter X Hunter, tome 27",7.8,209,https://www.senscritique.com/bd/hunter_x_hunter_tome_27/17265767,599,82.63772954924875,104.5,89–120,7.457079815166153,77.04507512520868,138.0,138
SensCritique,Manga,Hunter × Hunter,28,"Hunter X Hunter, tome 28",7.8,204,https://www.senscritique.com/bd/hunter_x_hunter_tome_28/17265866,599,82.63772954924875,104.5,89–120,7.452958178329207,76.87813021702839,139.0,139
SensCritique,Manga,One Piece,74,"Je serai toujours à tes côtés - One Piece, tome 74",7.6,463,https://www.senscritique.com/bd/je_serai_toujours_a_tes_cotes_one_piece_tome_74/15796201,599,71.28547579298831,172.5,157–188,7.448934225459185,76.71118530884809,140.0,140
SensCritique,Manga,One Piece,72,"Les Oubliés de Dressrosa - One Piece, tome 72",7.6,456,https://www.senscritique.com/bd/les_oublies_de_dressrosa_one_piece_tome_72/15796170,599,71.28547579298831,172.5,157–188,7.447351200875674,76.54424040066777,141.0,141
SensCritique,Manga,One Piece,1,"À l'Aube d'une grande aventure - One Piece, tome 1",7.5,1318,https://www.senscritique.com/bd/a_l_aube_d_une_grande_aventure_one_piece_tome_1/11576617,599,66.02671118530886,204.0,189–219,7.4472095439117325,76.37729549248748,142.0,142
SensCritique,Manga,One Piece,82,"Un monde en pleine agitation - One Piece, tome 82",7.6,444,https://www.senscritique.com/bd/un_monde_en_pleine_agitation_one_piece_tome_82/21710517,599,71.28547579298831,172.5,157–188,7.44455884479413,76.21035058430718,143.0,143
SensCritique,Manga,Jujutsu Kaisen,12,"Le Drame de Shibuya : Nécromancie - Jujutsu Kaisen, tome 12",7.8,193,https://www.senscritique.com/bd/le_drame_de_shibuya_necromancie_jujutsu_kaisen_tome_12/42698035,599,82.63772954924875,104.5,89–120,7.443532351073951,76.04340567612688,144.0,144
SensCritique,Fantasy — cycle principal,The Witcher,3,Le Baptême du feu,7.5,1204,https://www.senscritique.com/groupe/Sorceleur/3026,599,66.02671118530886,204.0,189–219,7.4429594648198805,75.87646076794658,145.0,145
SensCritique,Manga,Naruto,27,"Le Jour du départ !! - Naruto, tome 27",7.6,436,https://www.senscritique.com/bd/le_jour_du_depart_naruto_tome_27/15121709,599,71.28547579298831,172.5,157–188,7.4426398181866515,75.70951585976627,146.0,146
SensCritique,Manga,Hunter × Hunter,8,"Ouverture des enchères ! - Hunter x Hunter, tome 8",7.7,259,https://www.senscritique.com/bd/ouverture_des_encheres_hunter_x_hunter_tome_8/17257485,599,76.96160267111853,138.5,121–156,7.438493847526433,75.54257095158597,147.0,147
SensCritique,Manga,My Hero Academia,25,"Tomura Shigaraki : Les Origines - My Hero Academia, tome 25",7.8,186,https://www.senscritique.com/bd/tomura_shigaraki_les_origines_my_hero_academia_tome_25/40708398,599,82.63772954924875,104.5,89–120,7.437262819560176,75.37562604340567,148.0,148
SensCritique,Fantasy — cycle principal,The Witcher,4,La Tour de l'hirondelle,7.5,1053,https://www.senscritique.com/groupe/Sorceleur/3026,599,66.02671118530886,204.0,189–219,7.436150673663993,75.20868113522538,149.0,149
SensCritique,Manga,Hunter × Hunter,1,"Le Jour du départ - Hunter X Hunter, tome 1",7.6,401,https://www.senscritique.com/bd/le_jour_du_depart_hunter_x_hunter_tome_1/17255099,599,71.28547579298831,172.5,157–188,7.433655142226673,75.04173622704508,150.0,150
SensCritique,Manga,One Piece,91,"Aventure au pays des samouraïs - One Piece, tome 91",7.6,397,https://www.senscritique.com/bd/aventure_au_pays_des_samourais_one_piece_tome_91/38386619,599,71.28547579298831,172.5,157–188,7.432562565164121,74.87479131886478,151.0,151
SensCritique,Manga,One Piece,85,"Menteur - One Piece, tome 85",7.6,396,https://www.senscritique.com/bd/menteur_one_piece_tome_85/25189017,599,71.28547579298831,172.5,157–188,7.4322871746463,74.70784641068447,152.0,152
SensCritique,Manga,My Hero Academia,14,"Overhaul - My Hero Academia, tome 14",7.7,246,https://www.senscritique.com/bd/overhaul_my_hero_academia_tome_14/27214279,599,76.96160267111853,138.5,121–156,7.431071183809935,74.54090150250417,153.0,153
SensCritique,Manga,Naruto,42,"Le Secret du Kaléidoscope Hypnotique… !! - Naruto, tome 42",7.6,387,https://www.senscritique.com/bd/le_secret_du_kaleidoscope_hypnotique_naruto_tome_42/15491266,599,71.28547579298831,172.5,157–188,7.429767282445659,74.37395659432387,154.0,154
SensCritique,Manga,Bleach,13,"The Undead - Bleach, tome 13",7.8,170,https://www.senscritique.com/bd/the_undead_bleach_tome_13/17772296,599,82.63772954924875,104.5,89–120,7.422069639227618,74.20701168614357,155.0,155
SensCritique,Manga,My Hero Academia,9,"My Hero - My Hero Academia, tome 9",7.6,361,https://www.senscritique.com/bd/my_hero_my_hero_academia_tome_9/22195665,599,71.28547579298831,172.5,157–188,7.4220429357503495,74.04006677796328,156.0,156
SensCritique,Manga,Naruto,47,"Le Sceau brisé !! - Naruto, tome 47",7.6,360,https://www.senscritique.com/bd/le_sceau_brise_naruto_tome_47/16066598,599,71.28547579298831,172.5,157–188,7.421731822001661,73.87312186978298,157.0,157
SensCritique,Manga,Hunter × Hunter,17,"Trois clans en lutte - Hunter X Hunter, tome 17",7.7,223,https://www.senscritique.com/bd/trois_clans_en_lutte_hunter_x_hunter_tome_17/17265192,599,76.96160267111853,138.5,121–156,7.416851959045863,73.70617696160267,158.0,158
SensCritique,Manga,One Piece,97,"Ma bible - One Piece, tome 97",7.6,344,https://www.senscritique.com/bd/ma_bible_one_piece_tome_97/42861159,599,71.28547579298831,172.5,157–188,7.416601802490918,73.53923205342237,159.0,159
SensCritique,Manga,One Piece,12,"Et ainsi débuta la légende - One Piece, tome 12",7.5,745,https://www.senscritique.com/bd/et_ainsi_debuta_la_legende_one_piece_tome_12/17392707,599,66.02671118530886,204.0,189–219,7.415601465188035,73.37228714524207,160.0,160
SensCritique,Manga,Bleach,19,"The Black Moon Rising - Bleach, tome 19",7.8,163,https://www.senscritique.com/bd/the_black_moon_rising_bleach_tome_19/17955029,599,82.63772954924875,104.5,89–120,7.4150149391598665,73.20534223706177,161.0,161
SensCritique,Manga,Hunter × Hunter,18,"Rencontre fortuite - Hunter X Hunter, tome 18",7.7,220,https://www.senscritique.com/bd/rencontre_fortuite_hunter_x_hunter_tome_18/17265266,599,76.96160267111853,138.5,121–156,7.414885653205903,73.03839732888147,162.0,162
SensCritique,Manga,Bleach,20,"End of Hypnosis - Bleach, tome 20",7.8,162,https://www.senscritique.com/bd/end_of_hypnosis_bleach_tome_20/17955055,599,82.63772954924875,104.5,89–120,7.41398556733944,72.87145242070117,163.0,163
SensCritique,Manga,My Hero Academia,18,"Un avenir radieux - My Hero Academia, tome 18",7.7,213,https://www.senscritique.com/bd/un_avenir_radieux_my_hero_academia_tome_18/32060425,599,76.96160267111853,138.5,121–156,7.410189652199883,72.70450751252086,164.0,164
SensCritique,Manga,One Piece,19,"Rébellion - One Piece, tome 19",7.5,672,https://www.senscritique.com/bd/rebellion_one_piece_tome_19/17392805,599,66.02671118530886,204.0,189–219,7.408631902924151,72.53756260434056,165.0,165
SensCritique,Manga,Hunter × Hunter,19,"NGL - Hunter X Hunter, tome 19",7.7,209,https://www.senscritique.com/bd/ngl_hunter_x_hunter_tome_19/17265409,599,76.96160267111853,138.5,121–156,7.407436109702969,72.37061769616027,166.0,166
SensCritique,Manga,One Piece,32,"Love Song - One Piece, tome 32",7.5,588,https://www.senscritique.com/bd/love_song_one_piece_tome_32/12742,599,66.02671118530886,204.0,189–219,7.399038252731187,72.20367278797997,167.0,167
SensCritique,Fantasy — cycle principal,Harry Potter,2,Harry Potter et la chambre des secrets,7.4,56842,https://www.senscritique.com/groupe/harry_potter/600,599,60.85141903171953,235.0,220–250,7.398955911981369,72.03672787979967,168.0,168
SensCritique,Manga,Naruto,9,"Neji et Hinata - Naruto, tome 9",7.5,516,https://www.senscritique.com/bd/neji_et_hinata_naruto_tome_9/16638079,599,66.02671118530886,204.0,189–219,7.389053024979327,71.86978297161937,169.0,169
SensCritique,Manga,One Piece,49,"Nightmare Luffy - One Piece, tome 49",7.5,503,https://www.senscritique.com/bd/nightmare_luffy_one_piece_tome_49/17476631,599,66.02671118530886,204.0,189–219,7.387035807251678,71.70283806343906,170.0,170
SensCritique,Manga,Hunter × Hunter,7,"Ça ne fait que commencer - Hunter x Hunter, tome 7",7.6,264,https://www.senscritique.com/bd/ca_ne_fait_que_commencer_hunter_x_hunter_tome_7/17257484,599,71.28547579298831,172.5,157–188,7.385778576018803,71.53589315525876,171.0,171
SensCritique,Manga,Naruto,13,"La Fin de l’examen…!! - Naruto, tome 13",7.5,478,https://www.senscritique.com/bd/la_fin_de_lexamen_naruto_tome_13/15112501,599,66.02671118530886,204.0,189–219,7.3829429017173185,71.36894824707846,172.0,172
SensCritique,Manga,Naruto,12,"L’oiseau s’est envolé !! - Naruto, tome 12",7.5,476,https://www.senscritique.com/bd/loiseau_sest_envole_naruto_tome_12/15111816,599,66.02671118530886,204.0,189–219,7.382602619454869,71.20200333889817,173.0,173
SensCritique,Manga,One Piece,81,"À la rencontre de Maître Chavipère - One Piece, tome 81",7.5,465,https://www.senscritique.com/bd/a_la_rencontre_de_maitre_chavipere_one_piece_tome_81/23518173,599,66.02671118530886,204.0,189–219,7.380695128781315,71.03505843071787,174.0,174
SensCritique,Manga,Naruto,19,"Le Successeur - Naruto, tome 19",7.5,459,https://www.senscritique.com/bd/le_successeur_naruto_tome_19/15121105,599,66.02671118530886,204.0,189–219,7.379628319202608,70.86811352253756,175.0,175
SensCritique,Manga,One Piece,70,"Doflamingo sort de l'ombre - One piece, tome 70",7.5,450,https://www.senscritique.com/bd/doflamingo_sort_de_l_ombre_one_piece_tome_70/15796131,599,66.02671118530886,204.0,189–219,7.377991846200831,70.70116861435726,176.0,176
SensCritique,Manga,My Hero Academia,5,"Shoto Todoroki : Les Origines - My Hero Academia, tome 5",7.5,432,https://www.senscritique.com/bd/shoto_todoroki_les_origines_my_hero_academia_tome_5/21409761,599,66.02671118530886,204.0,189–219,7.374581680411413,70.53422370617696,177.0,177
SensCritique,Arthur — texte fondateur,Légende arthurienne — textes fondateurs,v. 1250,La Mort du roi Arthur,7.8,125,https://www.senscritique.com/livre/La_mort_du_roi_Arthur/265306,599,82.63772954924875,104.5,89–120,7.371604160786202,70.36727879799666,178.0,178
SensCritique,Fantasy — cycle principal,The Witcher,1,Le Sang des elfes,7.4,1786,https://www.senscritique.com/groupe/Sorceleur/3026,599,60.85141903171953,235.0,220–250,7.3701854865790555,70.20033388981636,179.0,179
SensCritique,Manga,My Hero Academia,6,"Frémissements - My Hero Academia, tome 6",7.5,409,https://www.senscritique.com/bd/fremissements_my_hero_academia_tome_6/21418000,599,66.02671118530886,204.0,189–219,7.369936557463688,70.03338898163607,180.0,180
SensCritique,Manga,One Piece,87,"Impitoyable - One Piece, tome 87",7.5,405,https://www.senscritique.com/bd/impitoyable_one_piece_tome_87/28305267,599,66.02671118530886,204.0,189–219,7.3690933584845215,69.86644407345575,181.0,181
SensCritique,Manga,Hunter × Hunter,15,"Progrès rapides - Hunter X Hunter, tome 15",7.6,225,https://www.senscritique.com/bd/progres_rapides_hunter_x_hunter_tome_15/17265034,599,71.28547579298831,172.5,157–188,7.366660416899199,69.69949916527545,182.0,182
SensCritique,Manga,One Piece,88,"Lionne - One Piece, tome 88",7.5,388,https://www.senscritique.com/bd/lionne_one_piece_tome_88/30535729,599,66.02671118530886,204.0,189–219,7.365384336974916,69.53255425709516,183.0,183
SensCritique,Manga,One Piece,110,"Les Remous d'une époque - One Piece, tome 110",7.7,152,https://www.senscritique.com/bd/les_remous_d_une_epoque_one_piece_tome_110/101714540,599,76.96160267111853,138.5,121–156,7.361622533475138,69.36560934891486,184.0,184
SensCritique,Manga,Hunter × Hunter,24,"Hunter X Hunter, tome 24",7.6,211,https://www.senscritique.com/bd/hunter_x_hunter_tome_24/17265643,599,71.28547579298831,172.5,157–188,7.358937593817849,69.19866444073456,185.0,185
SensCritique,Manga,Hunter × Hunter,26,"Hunter X Hunter, tome 26",7.6,209,https://www.senscritique.com/bd/hunter_x_hunter_tome_26/17265684,599,71.28547579298831,172.5,157–188,7.357792404239786,69.03171953255426,186.0,186
SensCritique,Manga,Hunter × Hunter,25,"Hunter X Hunter, tome 25",7.6,207,https://www.senscritique.com/bd/hunter_x_hunter_tome_25/17265671,599,71.28547579298831,172.5,157–188,7.356636282064319,68.86477462437395,187.0,187
SensCritique,Manga,Hunter × Hunter,30,"Hunter X Hunter, tome 30",7.6,203,https://www.senscritique.com/bd/hunter_x_hunter_tome_30/17265956,599,71.28547579298831,172.5,157–188,7.354290607674579,68.69782971619365,188.0,188
SensCritique,Manga,Jujutsu Kaisen,17,"Parer à toute éventualité - Jujutsu Kaisen, tome 17",7.7,140,https://www.senscritique.com/bd/parer_a_toute_eventualite_jujutsu_kaisen_tome_17/45427291,599,76.96160267111853,138.5,121–156,7.350086938025426,68.53088480801335,189.0,189
SensCritique,Fantasy — cycle principal,The Witcher,5,La Dame du lac,7.4,980,https://www.senscritique.com/groupe/Sorceleur/3026,599,60.85141903171953,235.0,220–250,7.350025672973952,68.36393989983306,190.0,190
SensCritique,Manga,One Piece,98,"Les Neuf Rônins - One Piece, tome 98",7.5,324,https://www.senscritique.com/bd/les_neuf_ronins_one_piece_tome_98/43812985,599,66.02671118530886,204.0,189–219,7.349310824971922,68.19699499165276,191.0,191
SensCritique,Manga,My Hero Academia,32,"The Next - My Hero Academia, tome 32",7.7,136,https://www.senscritique.com/bd/the_next_my_hero_academia_tome_32/45429921,599,76.96160267111853,138.5,121–156,7.346064948807328,68.03005008347246,192.0,192
SensCritique,Manga,One Piece,6,"Le Serment - One Piece, tome 6",7.4,876,https://www.senscritique.com/bd/le_serment_one_piece_tome_6/15796047,599,60.85141903171953,235.0,220–250,7.345248715243521,67.86310517529215,193.0,193
SensCritique,Manga,My Hero Academia,24,"All It Takes Is One Bad Day - My Hero Academia, tome 24",7.6,185,https://www.senscritique.com/bd/all_it_takes_is_one_bad_day_my_hero_academia_tome_24/39758925,599,71.28547579298831,172.5,157–188,7.343150131448237,67.69616026711185,194.0,194
SensCritique,Manga,One Piece,8,"""Je ne mourrai pas !"" - One Piece, tome 8",7.4,773,https://www.senscritique.com/bd/je_ne_mourrai_pas_one_piece_tome_8/15796095,599,60.85141903171953,235.0,220–250,7.3395234539948735,67.52921535893155,195.0,195
SensCritique,Manga,One Piece,108,"Un monde dans lequel mieux vaut mourir - One Piece, tome 108",7.6,178,https://www.senscritique.com/bd/un_monde_dans_lequel_mieux_vaut_mourir_one_piece_tome_108/78299658,599,71.28547579298831,172.5,157–188,7.338540005602436,67.36227045075125,196.0,196
SensCritique,Manga,My Hero Academia,36,"Deux poings incandescents - My Hero Academia, tome 36",7.8,100,https://www.senscritique.com/bd/deux_poings_incandescents_my_hero_academia_tome_36/51287667,599,82.63772954924875,104.5,89–120,7.337277571105608,67.19532554257096,197.0,197
SensCritique,Manga,My Hero Academia,33,"De la seconde A au OFA - My Hero Academia, tome 33",7.7,127,https://www.senscritique.com/bd/de_la_seconde_a_au_ofa_my_hero_academia_tome_33/46154155,599,76.96160267111853,138.5,121–156,7.336668443023451,67.02838063439066,198.0,198
SensCritique,Manga,One Piece,101,"Place aux têtes d'affiche - One Piece, tome 101",7.5,280,https://www.senscritique.com/bd/place_aux_tetes_d_affiche_one_piece_tome_101/45492118,599,66.02671118530886,204.0,189–219,7.335834557286484,66.86143572621035,199.0,199
SensCritique,Manga,One Piece,24,"Croire en ses rêves - One Piece, tome 24",7.4,636,https://www.senscritique.com/bd/croire_en_ses_reves_one_piece_tome_24/17392593,599,60.85141903171953,235.0,220–250,7.329753068614329,66.69449081803005,200.0,200
SensCritique,Manga,Bleach,40,"The Lust - Bleach, tome 40",7.7,119,https://www.senscritique.com/bd/the_lust_bleach_tome_40/19601376,599,76.96160267111853,138.5,121–156,7.327887015664502,66.52754590984975,201.0,201
SensCritique,Fantasy — cycle principal,Stormlight Archive,5,Vent et vérité,8.086206896551724,58,https://www.senscritique.com/groupe/les_archives_de_roshar/46557,599,92.73789649415693,44.0,44,7.326780008092408,66.36060100166945,202.0,202
SensCritique,Manga,Naruto,5,"Les Rivaux ! - Naruto, tome 5",7.4,581,https://www.senscritique.com/bd/les_rivaux_naruto_tome_5/13019810,599,60.85141903171953,235.0,220–250,7.324880961141173,66.19365609348915,203.0,203
SensCritique,Manga,One Piece,102,"Un moment décisif - One Piece, tome 102",7.5,249,https://www.senscritique.com/bd/un_moment_decisif_one_piece_tome_102/46655924,599,66.02671118530886,204.0,189–219,7.3247952325053145,66.02671118530886,204.0,204
SensCritique,Manga,My Hero Academia,15,"Lutte contre le destin - My Hero Academia, tome 15",7.5,235,https://www.senscritique.com/bd/lutte_contre_le_destin_my_hero_academia_tome_15/27279646,599,66.02671118530886,204.0,189–219,7.3193078348656595,65.85976627712854,205.0,205
SensCritique,Manga,One Piece,114,"L'Incident de God Valley - One Piece, tome 114",8.2,48,https://www.senscritique.com/bd/l_incident_de_god_valley_one_piece_tome_114/135021501,599,96.32721202003339,22.5,19–26,7.318579239172885,65.69282136894824,206.0,206
SensCritique,Manga,Naruto,8,"Au péril de sa vie !! - Naruto, tome 8",7.4,519,https://www.senscritique.com/bd/au_peril_de_sa_vie_naruto_tome_8/15108981,599,60.85141903171953,235.0,220–250,7.318509715711286,65.52587646076795,207.0,207
SensCritique,Manga,Hunter × Hunter,14,"Les Secrets de l'île - Hunter X Hunter, tome 14",7.5,229,https://www.senscritique.com/bd/les_secrets_de_l_ile_hunter_x_hunter_tome_14/17264963,599,66.02671118530886,204.0,189–219,7.316849438061111,65.35893155258765,208.0,208
SensCritique,Manga,Jujutsu Kaisen,8,"Trésor caché - Jujutsu Kaisen, tome 8",7.5,218,https://www.senscritique.com/bd/tresor_cache_jujutsu_kaisen_tome_8/41191243,599,66.02671118530886,204.0,189–219,7.31216419112779,65.19198664440735,209.0,209
SensCritique,Manga,Naruto,14,"Hokage contre Hokage !! - Naruto, tome 14",7.4,460,https://www.senscritique.com/bd/hokage_contre_hokage_naruto_tome_14/15113098,599,60.85141903171953,235.0,220–250,7.311355062775223,65.02504173622704,210.0,210
SensCritique,Manga,Naruto,16,"La Bataille de Konoha, dernier acte !! - Naruto, tome 16",7.4,451,https://www.senscritique.com/bd/la_bataille_de_konoha_dernier_acte_naruto_tome_16/15115061,599,60.85141903171953,235.0,220–250,7.310151737835521,64.85809682804674,211.0,211
SensCritique,Manga,One Piece,69,"SAD - One Piece, tome 69",7.4,447,https://www.senscritique.com/bd/sad_one_piece_tome_69/17476738,599,60.85141903171953,235.0,220–250,7.309606376608422,64.69115191986644,212.0,212
SensCritique,Manga,Hunter × Hunter,21,"Retrouvailles - Hunter X Hunter, tome 21",7.5,208,https://www.senscritique.com/bd/retrouvailles_hunter_x_hunter_tome_21/17265527,599,66.02671118530886,204.0,189–219,7.307691909964166,64.52420701168614,213.0,213
SensCritique,Manga,Hunter × Hunter,22,"Hunter X Hunter, tome 22",7.5,204,https://www.senscritique.com/bd/hunter_x_hunter_tome_22/17265590,599,66.02671118530886,204.0,189–219,7.305842793713822,64.35726210350585,214.0,214
SensCritique,Manga,My Hero Academia,31,"Izuku Midoriya et Toshinori Yagi - My Hero Academia, tome 31",7.6,133,https://www.senscritique.com/bd/izuku_midoriya_et_toshinori_yagi_my_hero_academia_tome_31/45244515,599,71.28547579298831,172.5,157–188,7.304436528072319,64.19031719532555,215.0,215
SensCritique,Manga,One Piece,94,"Les Rêves des guerriers - One Piece, tome 94",7.4,371,https://www.senscritique.com/bd/les_reves_des_guerriers_one_piece_tome_94/40359519,599,60.85141903171953,235.0,220–250,7.297822645257205,64.02337228714524,216.0,216
SensCritique,Manga,Naruto,46,"Le Retour de Naruto !! - Naruto, tome 46",7.4,367,https://www.senscritique.com/bd/le_retour_de_naruto_naruto_tome_46/16066596,599,60.85141903171953,235.0,220–250,7.297116756796115,63.856427378964945,217.0,217
SensCritique,Manga,One Piece,92,"La Grande Courtisane Komurasaki - One Piece, tome 92",7.4,363,https://www.senscritique.com/bd/la_grande_courtisane_komurasaki_one_piece_tome_92/38953059,599,60.85141903171953,235.0,220–250,7.296401047278175,63.68948247078464,218.0,218
SensCritique,Arthur — texte fondateur,Légende arthurienne — textes fondateurs,fin XIVe s.,Sire Gauvain et le Chevalier vert,8.2,40,https://www.senscritique.com/livre/sire_gauvain_et_le_chevalier_vert/394266,599,96.32721202003339,22.5,19–26,7.290597627718056,63.52253756260434,219.0,219
SensCritique,Manga,My Hero Academia,34,"America - My Hero Academia, tome 34",7.6,117,https://www.senscritique.com/bd/america_my_hero_academia_tome_34/47497514,599,71.28547579298831,172.5,157–188,7.290062620622949,63.35559265442404,220.0,220
SensCritique,Fantasy — cycle principal,The Witcher,0.1,Le Dernier Vœu,7.3,3047,https://www.senscritique.com/groupe/Sorceleur/3026,599,55.75959933222037,265.5,251–280,7.288226634607226,63.18864774624374,221.0,221
SensCritique,Arthur — texte fondateur,Légende arthurienne — textes fondateurs,v. 1180–1190,Perceval ou le Conte du Graal,7.3,2196,https://www.senscritique.com/livre/perceval_ou_le_conte_du_graal/11855564,599,55.75959933222037,265.5,251–280,7.284065864694747,63.02170283806344,222.0,222
SensCritique,Manga,Hunter × Hunter,5,"Jin Freecss - Hunter x Hunter, tome 5",7.4,292,https://www.senscritique.com/bd/jin_freecss_hunter_x_hunter_tome_5/17257481,599,60.85141903171953,235.0,220–250,7.281806750366965,62.854757929883135,223.0,223
SensCritique,Manga,My Hero Academia,13,"On va causer de ton alter ! - My Hero Academia, tome 13",7.4,284,https://www.senscritique.com/bd/On_va_causer_de_ton_alter_My_Hero_Academia_tome_13/27214275,599,60.85141903171953,235.0,220–250,7.279900407630948,62.68781302170284,224.0,224
SensCritique,Manga,Hunter × Hunter,6,"La Condition d'Hisoka - Hunter x Hunter, tome 6",7.4,279,https://www.senscritique.com/bd/la_condition_d_hisoka_hunter_x_hunter_tome_6/17257483,599,60.85141903171953,235.0,220–250,7.278677397525357,62.52086811352254,225.0,225
SensCritique,Manga,My Hero Academia,37,"Défenseurs et attaquants - My Hero Academia, tome 37",7.6,93,https://www.senscritique.com/bd/defenseurs_et_attaquants_my_hero_academia_tome_37/54703332,599,71.28547579298831,172.5,157–188,7.265674105524426,62.353923205342234,226.0,226
SensCritique,Manga,Jujutsu Kaisen,6,"Rayon noir - Jujutsu Kaisen, tome 6",7.4,225,https://www.senscritique.com/bd/rayon_noir_jujutsu_kaisen_tome_6/39805049,599,60.85141903171953,235.0,220–250,7.263685588523913,62.186978297161936,227.0,227
SensCritique,Manga,One Piece,7,"Vieux Machin - One Piece, tome 7",7.3,836,https://www.senscritique.com/bd/vieux_machin_one_piece_tome_7/15796078,599,55.75959933222037,265.5,251–280,7.263387979184112,62.02003338898164,228.0,228
SensCritique,Manga,Hunter × Hunter,32,"Hunter X Hunter, tome 32",7.4,221,https://www.senscritique.com/bd/hunter_x_hunter_tome_32/17265986,599,60.85141903171953,235.0,220–250,7.262426332990648,61.85308848080133,229.0,229
SensCritique,Manga,One Piece,13,"Sois forte ! - One Piece, tome 13",7.3,759,https://www.senscritique.com/bd/sois_forte_one_piece_tome_13/10455901,599,55.75959933222037,265.5,251–280,7.2604846572450565,61.686143572621035,230.0,230
SensCritique,Manga,One Piece,106,"Le Rêve d'un génie - One Piece, tome 106",7.4,214,https://www.senscritique.com/bd/le_reve_d_un_genie_one_piece_tome_106/56406321,599,60.85141903171953,235.0,220–250,7.260165732828522,61.51919866444074,231.0,231
SensCritique,Manga,My Hero Academia,40,"The End of an Era, and... - My Hero Academia, tome 40",7.7,68,https://www.senscritique.com/bd/the_end_of_an_era_and_my_hero_academia_tome_40/82379268,599,76.96160267111853,138.5,121–156,7.260109293517679,61.35225375626043,232.0,232
SensCritique,Manga,One Piece,14,"L'Instinct - One Piece, tome 14",7.3,733,https://www.senscritique.com/bd/l_instinct_one_piece_tome_14/10455903,599,55.75959933222037,265.5,251–280,7.259397462629576,61.18530884808013,233.0,233
SensCritique,Manga,Hunter × Hunter,23,"Hunter X Hunter, tome 23",7.4,211,https://www.senscritique.com/bd/hunter_x_hunter_tome_23/17265627,599,60.85141903171953,235.0,220–250,7.259174000437235,61.018363939899835,234.0,234
SensCritique,Manga,My Hero Academia,21,"L'Étoffe des héros - My Hero Academia, tome 21",7.4,208,https://www.senscritique.com/bd/l_etoffe_des_heros_my_hero_academia_tome_21/38376615,599,60.85141903171953,235.0,220–250,7.258168100440358,60.85141903171953,235.0,235
SensCritique,Manga,Naruto,2,"Un client embarrassant - Naruto, tome 2",7.3,681,https://www.senscritique.com/bd/un_client_embarrassant_naruto_tome_2/13019803,599,55.75959933222037,265.5,251–280,7.257033149143282,60.68447412353923,236.0,236
SensCritique,Manga,One Piece,112,"Haley - One Piece, tome 112",7.5,120,https://www.senscritique.com/bd/haley_one_piece_tome_112/116714949,599,66.02671118530886,204.0,189–219,7.2567186812799696,60.517529215358934,237.0,237
SensCritique,Manga,One Piece,17,"Les Cerisiers d'Hiluluk - One Piece, tome 17",7.3,655,https://www.senscritique.com/bd/les_cerisiers_d_hiluluk_one_piece_tome_17/17475357,599,55.75959933222037,265.5,251–280,7.255744639198327,60.35058430717863,238.0,238
SensCritique,Manga,Naruto,3,"Se battre pour ses rêves !! - Naruto, tome 3",7.3,636,https://www.senscritique.com/bd/se_battre_pour_ses_reves_naruto_tome_3/13019804,599,55.75959933222037,265.5,251–280,7.254753068614328,60.18363939899833,239.0,239
SensCritique,Manga,Bleach,45,"The Burnout Inferno - Bleach, tome 45",7.5,116,https://www.senscritique.com/bd/the_burnout_inferno_bleach_tome_45/19601416,599,66.02671118530886,204.0,189–219,7.253751835929726,60.01669449081803,240.0,240
SensCritique,Manga,Hunter × Hunter,31,"Hunter X Hunter, tome 31",7.4,195,https://www.senscritique.com/bd/hunter_x_hunter_tome_31/17265959,599,60.85141903171953,235.0,220–250,7.253637843206265,59.84974958263773,241.0,241
SensCritique,Manga,One Piece,28,"Wiper le démon furieux - One Piece, tome 28",7.3,608,https://www.senscritique.com/bd/wiper_le_demon_furieux_one_piece_tome_28/17393531,599,55.75959933222037,265.5,251–280,7.2532080514450605,59.68280467445743,242.0,242
SensCritique,Manga,One Piece,26,"Aventure sur l'île de Dieu - One Piece, tome 26",7.3,588,https://www.senscritique.com/bd/aventure_sur_l_ile_de_dieu_one_piece_tome_26/17475520,599,55.75959933222037,265.5,251–280,7.252038252731187,59.432387312186975,243.5,243–244
SensCritique,Manga,One Piece,29,"Oratorio - One Piece, tome 29",7.3,588,https://www.senscritique.com/bd/oratorio_one_piece_tome_29/17393532,599,55.75959933222037,265.5,251–280,7.252038252731187,59.432387312186975,243.5,243–244
SensCritique,Manga,Hunter × Hunter,35,"Hunter X Hunter, tome 35",7.4,182,https://www.senscritique.com/bd/hunter_x_hunter_tome_35/30683474,599,60.85141903171953,235.0,220–250,7.248808634987183,59.18196994991653,245.0,245
SensCritique,Manga,Naruto,7,"La Voie à suivre !! - Naruto, tome 7",7.3,535,https://www.senscritique.com/bd/la_voie_a_suivre_naruto_tome_7/16638077,599,55.75959933222037,265.5,251–280,7.248635344290428,59.01502504173623,246.0,246
SensCritique,Manga,One Piece,46,"Aventure sur l'île fantôme - One Piece, tome 46",7.3,528,https://www.senscritique.com/bd/aventure_sur_l_ile_fantome_one_piece_tome_46/17476613,599,55.75959933222037,265.5,251–280,7.248149462412095,58.848080133555925,247.0,247
SensCritique,Manga,One Piece,48,"L'Aventure d'Oz - One Piece, tome 48",7.3,510,https://www.senscritique.com/bd/l_aventure_d_oz_one_piece_tome_48/17476630,599,55.75959933222037,265.5,251–280,7.246856789729848,58.68113522537563,248.0,248
SensCritique,Web-serial,Parahumans,1,Worm,9.7,11,https://www.senscritique.com/livre/Worm/38052934,599,99.91652754590984,1.0,1,7.2463255703361,58.51419031719533,249.0,249
SensCritique,Manga,Bleach,12,"Flower on the Precipice - Bleach, tome 12",7.4,171,https://www.senscritique.com/bd/flower_on_the_precipice_bleach_tome_12/17772148,599,60.85141903171953,235.0,220–250,7.2444663242426905,58.347245409015024,250.0,250
SensCritique,Manga,My Hero Academia,35,"Battle Flame - My Hero Academia, tome 35",7.5,104,https://www.senscritique.com/bd/battle_flame_my_hero_academia_tome_35/48208266,599,66.02671118530886,204.0,189–219,7.244400639825791,58.180300500834726,251.0,251
SensCritique,Arthur — texte fondateur,Légende arthurienne — textes fondateurs,1485,Le Roman du Roi Arthur... (Le Morte d'Arthur),8.0,34,https://www.senscritique.com/livre/le_roman_du_roi_arthur_et_de_ses_chevaliers_de_la_table_ronde/19355884,599,90.81803005008348,55.5,46–65,7.240774805629878,58.01335559265443,252.0,252
SensCritique,Manga,Naruto,25,"Frères - Naruto, tome 25",7.3,434,https://www.senscritique.com/bd/freres_naruto_tome_25/15121671,599,55.75959933222037,265.5,251–280,7.2406046473451235,57.76293823038397,253.5,253–254
SensCritique,Manga,One Piece,83,"Charlotte Linlin - One Piece, tome 83",7.3,434,https://www.senscritique.com/bd/charlotte_linlin_one_piece_tome_83/23908643,599,55.75959933222037,265.5,251–280,7.2406046473451235,57.76293823038397,253.5,253–254
SensCritique,Manga,Naruto,24,"Tournant décisif !! - Naruto, tome 24",7.3,433,https://www.senscritique.com/bd/tournant_decisif_naruto_tome_24/15121641,599,55.75959933222037,265.5,251–280,7.240512561527055,57.51252086811352,255.0,255
SensCritique,Manga,Bleach,17,"Rosa Rubicundior, Lilio Candidior - Bleach, tome 17",7.4,161,https://www.senscritique.com/bd/rosa_rubicundior_lilio_candidior_bleach_tome_17/17954943,599,60.85141903171953,235.0,220–250,7.240296520603084,57.34557595993322,256.0,256
SensCritique,Manga,Bleach,18,"The Deathberry Returns - Bleach, tome 18",7.4,157,https://www.senscritique.com/bd/the_deathberry_returns_bleach_tome_18/17954973,599,60.85141903171953,235.0,220–250,7.23856531757439,57.17863105175292,257.0,257
SensCritique,Manga,Naruto,37,"Le Combat de Shikamaru !! - Naruto, tome 37",7.3,377,https://www.senscritique.com/bd/le_combat_de_shikamaru_naruto_tome_37/15428727,599,55.75959933222037,265.5,251–280,7.234856709991426,57.01168614357262,258.0,258
SensCritique,Manga,My Hero Academia,7,"Katsuki Bakugo : Les Origines - My Hero Academia, tome 7",7.3,365,https://www.senscritique.com/bd/katsuki_bakugo_les_origines_my_hero_academia_tome_7/21418001,599,55.75959933222037,265.5,251–280,7.23350191019922,56.84474123539232,259.0,259
SensCritique,Manga,One Piece,93,"La Coqueluche du village d'Ebisu - One Piece, tome 93",7.3,362,https://www.senscritique.com/bd/la_coqueluche_du_village_d_ebisu_one_piece_tome_93/39719883,599,55.75959933222037,265.5,251–280,7.23315435920723,56.67779632721202,260.0,260
SensCritique,Manga,My Hero Academia,41,"Overlay - My Hero Academia, tome 41",7.6,65,https://www.senscritique.com/bd/overlay_my_hero_academia_tome_41/96350690,599,71.28547579298831,172.5,157–188,7.2318794302705784,56.51085141903172,261.0,261
SensCritique,Manga,One Piece,111,"Aventure à Elbaph - One Piece, tome 111",7.4,136,https://www.senscritique.com/bd/aventure_a_elbaph_one_piece_tome_111/107077714,599,60.85141903171953,235.0,220–250,7.228823569496984,56.34390651085142,262.0,262
SensCritique,Manga,My Hero Academia,12,"L'Examen - My Hero Academia, tome 12",7.3,287,https://www.senscritique.com/bd/l_examen_my_hero_academia_tome_12/27214233,599,55.75959933222037,265.5,251–280,7.223107419208318,56.17696160267112,263.0,263
SensCritique,Manga,Hunter × Hunter,33,"Hunter X Hunter, tome 33",7.3,274,https://www.senscritique.com/bd/hunter_x_hunter_tome_33/24490019,599,55.75959933222037,265.5,251–280,7.221050621779733,56.010016694490815,264.0,264
SensCritique,Manga,Jujutsu Kaisen,4,"Je vais te tuer - Jujutsu Kaisen, tome 4",7.3,248,https://www.senscritique.com/bd/je_vais_te_tuer_jujutsu_kaisen_tome_4/39801649,599,55.75959933222037,265.5,251–280,7.216588265619457,55.84307178631052,265.0,265
SensCritique,Manga,Demon Slayer,8,"Demon Slayer, tome 8",7.3,220,https://www.senscritique.com/bd/demon_slayer_tome_8/38783510,599,55.75959933222037,265.5,251–280,7.2111819495021985,55.67612687813022,266.0,266
SensCritique,Manga,Hunter × Hunter,20,"Points faibles - Hunter X Hunter, tome 20",7.3,207,https://www.senscritique.com/bd/points_faibles_hunter_x_hunter_tome_20/17265461,599,55.75959933222037,265.5,251–280,7.208426258197972,55.509181969949914,267.0,267
SensCritique,Manga,Demon Slayer,11,"Demon Slayer, tome 11",7.3,198,https://www.senscritique.com/bd/demon_slayer_tome_11/38808492,599,55.75959933222037,265.5,251–280,7.206416102890122,55.342237061769616,268.0,268
SensCritique,Manga,One Piece,113,"La Naissance de Loki - One Piece, tome 113",7.5,58,https://www.senscritique.com/bd/la_naissance_de_loki_one_piece_tome_113/127695530,599,66.02671118530886,204.0,189–219,7.200854082166482,55.17529215358932,269.0,269
SensCritique,Manga,Bleach,11,"A Star and a Stray Dog - Bleach, tome 11",7.3,173,https://www.senscritique.com/bd/a_star_and_a_stray_dog_bleach_tome_11/17771486,599,55.75959933222037,265.5,251–280,7.200339226454416,55.00834724540901,270.0,270
SensCritique,Manga,Bleach,16,"Night of Wijnruit - Bleach, tome 16",7.3,163,https://www.senscritique.com/bd/night_of_wijnruit_bleach_tome_16/17954881,599,55.75959933222037,265.5,251–280,7.197681605826533,54.841402337228715,271.0,271
SensCritique,Manga,My Hero Academia,39,"Un combat sans alter - My Hero Academia, tome 39",7.4,76,https://www.senscritique.com/bd/un_combat_sans_alter_my_hero_academia_tome_39/61894132,599,60.85141903171953,235.0,220–250,7.193161813142187,54.67445742904842,272.0,272
SensCritique,Arthur — texte fondateur,Légende arthurienne — textes fondateurs,v. 1181,Lancelot ou le Chevalier de la Charrette,7.2,1500,https://www.senscritique.com/livre/lancelot_ou_le_chevalier_de_la_charrette/118663,599,50.1669449081803,299.0,281–317,7.189971146136069,54.50751252086811,273.0,273
SensCritique,Manga,Bleach,32,"Howling - Bleach, tome 32",7.3,126,https://www.senscritique.com/bd/howling_bleach_tome_32/19574745,599,55.75959933222037,265.5,251–280,7.186481071553107,54.34056761268781,274.0,274
SensCritique,Manga,One Piece,3,"Une Vérité qui blesse - One Piece, tome 3",7.2,1057,https://www.senscritique.com/bd/une_verite_qui_blesse_one_piece_tome_3/13112218,599,50.1669449081803,299.0,281–317,7.18647013568554,54.173622704507515,275.0,275
SensCritique,Manga,One Piece,4,"Attaque au clair de lune - One Piece, tome 4",7.2,985,https://www.senscritique.com/bd/attaque_au_clair_de_lune_one_piece_tome_4/10386608,599,50.1669449081803,299.0,281–317,7.185656309260611,54.00667779632721,276.0,276
SensCritique,Manga,One Piece,5,"Pour qui sonne le glas - One Piece, tome 5",7.2,912,https://www.senscritique.com/bd/pour_qui_sonne_le_glas_one_piece_tome_5/15796008,599,50.1669449081803,299.0,281–317,7.184724735039992,53.83973288814691,277.0,277
SensCritique,Manga,Naruto,1,"Naruto Uzumaki !! - Naruto, tome 1",7.2,835,https://www.senscritique.com/bd/naruto_uzumaki_naruto_tome_1/13019798,599,50.1669449081803,299.0,281–317,7.1836013392406395,53.672787979966614,278.0,278
SensCritique,Arthur — texte fondateur,Légende arthurienne — textes fondateurs,v. 1230,La Quête du Saint-Graal,7.6,32,https://www.senscritique.com/livre/la_quete_du_saint_graal/425611,599,71.28547579298831,172.5,157–188,7.182092631905534,53.50584307178631,279.0,279
SensCritique,Manga,One Piece,15,"Droit devant !! - One Piece, tome 15",7.2,707,https://www.senscritique.com/bd/droit_devant_one_piece_tome_15/15796121,599,50.1669449081803,299.0,281–317,7.181317303792111,53.33889816360601,280.0,280
SensCritique,Manga,My Hero Academia,42,"La cavalerie est là - My Hero Academia, tome 42",7.4,60,https://www.senscritique.com/bd/la_cavalerie_est_la_my_hero_academia_tome_42/103641731,599,60.85141903171953,235.0,220–250,7.1809948609740815,53.17195325542571,281.0,281
SensCritique,Manga,My Hero Academia,2,"Déchaîne-toi, maudit nerd ! - My Hero Academia, tome 2",7.2,594,https://www.senscritique.com/bd/dechaine_toi_maudit_nerd_my_hero_academia_tome_2/18352864,599,50.1669449081803,299.0,281–317,7.178698017599194,53.00500834724541,282.0,282
SensCritique,Manga,One Piece,27,"Prélude - One Piece, tome 27",7.2,576,https://www.senscritique.com/bd/prelude_one_piece_tome_27/17475523,599,50.1669449081803,299.0,281–317,7.178211424092575,52.83806343906511,283.0,283
SensCritique,Manga,Naruto,6,"La Détermination de Sakura !! - Naruto, tome 6",7.2,558,https://www.senscritique.com/bd/la_determination_de_sakura_naruto_tome_6/16638075,599,50.1669449081803,299.0,281–317,7.177702080759675,52.67111853088481,284.0,284
SensCritique,Manga,One Piece,47,"Temps couvert avec chutes d'os par moments - One Piece, tome 47",7.2,511,https://www.senscritique.com/bd/temps_couvert_avec_chutes_d_os_par_moments_one_piece_tome_47/17476616,599,50.1669449081803,299.0,281–317,7.176252561804911,52.504173622704506,285.0,285
SensCritique,Manga,My Hero Academia,3,"All Might - My Hero Academia, tome 3",7.2,486,https://www.senscritique.com/bd/all_might_my_hero_academia_tome_3/19653538,599,50.1669449081803,299.0,281–317,7.175402008860961,52.33722871452421,286.0,286
SensCritique,Manga,Naruto,11,"Mon nouveau prof !! - Naruto, tome 11",7.2,484,https://www.senscritique.com/bd/mon_nouveau_prof_naruto_tome_11/15111009,599,50.1669449081803,299.0,281–317,7.175331324978377,52.1702838063439,287.0,287
SensCritique,Manga,My Hero Academia,4,"Celui qui avait tout - My Hero Academia, tome 4",7.2,475,https://www.senscritique.com/bd/celui_qui_avait_tout_my_hero_academia_tome_4/19653539,599,50.1669449081803,299.0,281–317,7.175008154563246,52.003338898163605,288.0,288
SensCritique,Manga,Naruto,17,"La Puissance d'Itachi !! - Naruto, tome 17",7.2,448,https://www.senscritique.com/bd/la_puissance_d_itachi_naruto_tome_17/15117312,599,50.1669449081803,299.0,281–317,7.173985760886288,51.83639398998331,289.0,289
SensCritique,Manga,Naruto,18,"La Décision de Tsunade !! - Naruto, tome 18",7.2,447,https://www.senscritique.com/bd/la_decision_de_tsunade_naruto_tome_18/15120515,599,50.1669449081803,299.0,281–317,7.173946285561382,51.58597662771285,290.5,290–291
SensCritique,Manga,One Piece,68,"Alliance entre pirates - One Piece, tome 68",7.2,447,https://www.senscritique.com/bd/alliance_entre_pirates_one_piece_tome_68/17476732,599,50.1669449081803,299.0,281–317,7.173946285561382,51.58597662771285,290.5,290–291
SensCritique,Manga,Naruto,22,"Réincarnation…!! - Naruto, tome 22",7.2,439,https://www.senscritique.com/bd/reincarnation_naruto_tome_22/15121614,599,50.1669449081803,299.0,281–317,7.173626117027573,51.335559265442406,292.0,292
SensCritique,Manga,Naruto,21,"Sans pitié !! - Naruto, tome 21",7.2,429,https://www.senscritique.com/bd/sans_pitie_naruto_tome_21/15121587,599,50.1669449081803,299.0,281–317,7.173214667995242,51.1686143572621,293.0,293
SensCritique,Manga,My Hero Academia,8,"Momo Yaoyorozu : L'Envol - My Hero Academia, tome 8",7.2,352,https://www.senscritique.com/bd/momo_yaoyorozu_l_envol_my_hero_academia_tome_8/22195137,599,50.1669449081803,299.0,281–317,7.169557805292466,51.0016694490818,294.0,294
SensCritique,Manga,My Hero Academia,38,"Hope - My Hero Academia, tome 38",7.3,80,https://www.senscritique.com/bd/hope_my_hero_academia_tome_38/56076046,599,55.75959933222037,265.5,251–280,7.1685979526881844,50.834724540901504,295.0,295
SensCritique,Arthur — texte fondateur,Légende arthurienne — textes fondateurs,XIIIe s.,Les quatre branches du Mabinogi et autres contes gallois,7.9,14,https://www.senscritique.com/livre/les_quatre_branches_du_mabinogi_et_autres_contes_gallois/107405,599,87.31218697829716,76.5,66–87,7.16739204506615,50.6677796327212,296.0,296
SensCritique,Arthur — texte fondateur,Légende arthurienne — textes fondateurs,v. 1200–1210,Parzival,8.0,11,https://www.senscritique.com/livre/parzival/470906,599,90.81803005008348,55.5,46–65,7.162469068093947,50.5008347245409,297.0,297
SensCritique,Manga,Jujutsu Kaisen,7,"Instinct grégaire - Jujutsu Kaisen, tome 7",7.2,218,https://www.senscritique.com/bd/instinct_gregaire_jujutsu_kaisen_tome_7/41191239,599,50.1669449081803,299.0,281–317,7.160071167871977,50.3338898163606,298.0,298
SensCritique,Manga,Demon Slayer,10,"Demon Slayer, tome 10",7.2,203,https://www.senscritique.com/bd/demon_slayer_tome_10/38783512,599,50.1669449081803,299.0,281–317,7.158627957072169,50.1669449081803,299.0,299
SensCritique,Manga,Magi,5,"Magi : The Labyrinth of Magic, tome 5",7.5,24,https://www.senscritique.com/bd/magi_the_labyrinth_of_magic_tome_5/17931383,599,66.02671118530886,204.0,189–219,7.15775678891928,50.0,300.0,300
SensCritique,Manga,My Hero Academia,23,"Mêlée générale - My Hero Academia, tome 23",7.2,193,https://www.senscritique.com/bd/melee_generale_my_hero_academia_tome_23/39247104,599,50.1669449081803,299.0,281–317,7.157606425148026,49.8330550918197,301.0,301
SensCritique,Manga,Bleach,7,The Broken Coda - Bleach tome 7,7.2,187,https://www.senscritique.com/bd/the_broken_coda_bleach_tome_7/17771225,599,50.1669449081803,299.0,281–317,7.156968927781831,49.6661101836394,302.0,302
SensCritique,Manga,Bleach,8,"The Blade and Me - Bleach, tome 8",7.2,182,https://www.senscritique.com/bd/the_blade_and_me_bleach_tome_8/17771314,599,50.1669449081803,299.0,281–317,7.156422848185153,49.41569282136895,303.5,303–304
SensCritique,Manga,Demon Slayer,18,"Demon Slayer, tome 18",7.2,182,https://www.senscritique.com/bd/demon_slayer_tome_18/40740294,599,50.1669449081803,299.0,281–317,7.156422848185153,49.41569282136895,303.5,303–304
SensCritique,Manga,Bleach,15,"Beginning of the Death of Tomorrow - Bleach, tome 15",7.2,168,https://www.senscritique.com/bd/beginning_of_the_death_of_tomorrow_bleach_tome_15/17954834,599,50.1669449081803,299.0,281–317,7.154817374170922,49.165275459098496,305.0,305
SensCritique,Manga,Bleach,14,"White Tower Rocks - Bleach, tome 14",7.2,167,https://www.senscritique.com/bd/white_tower_rocks_bleach_tome_14/17772402,599,50.1669449081803,299.0,281–317,7.1546981587993415,48.9983305509182,306.0,306
SensCritique,Manga,Bleach,24,"Immanent God Blues - Bleach, tome 24",7.2,149,https://www.senscritique.com/bd/immanent_god_blues_bleach_tome_24/19150323,599,50.1669449081803,299.0,281–317,7.152439341232549,48.8313856427379,307.0,307
SensCritique,Manga,Bleach,34,"King of the Kill - Bleach, tome 34",7.2,121,https://www.senscritique.com/bd/king_of_the_kill_bleach_tome_34/19574756,599,50.1669449081803,299.0,281–317,7.148440246801652,48.580968280467445,308.5,308–309
SensCritique,Manga,Bleach,41,"Heart - Bleach, tome 41",7.2,121,https://www.senscritique.com/bd/heart_bleach_tome_41/19601377,599,50.1669449081803,299.0,281–317,7.148440246801652,48.580968280467445,308.5,308–309
SensCritique,Manga,Bleach,48,"God Is Dead - Bleach, tome 48",7.2,114,https://www.senscritique.com/bd/god_is_dead_bleach_tome_48/19601422,599,50.1669449081803,299.0,281–317,7.147333135536657,48.330550918197,310.0,310
SensCritique,Manga,Bleach,43,"Kingdom Of Hollows - Bleach, tome 43",7.2,112,https://www.senscritique.com/bd/kingdom_of_hollows_bleach_tome_43/19601413,599,50.1669449081803,299.0,281–317,7.147008031435031,48.16360601001669,311.0,311
SensCritique,Manga,Bleach,58,"The Fire - Bleach, 58",7.2,100,https://www.senscritique.com/bd/the_fire_bleach_58/18004952,599,50.1669449081803,299.0,281–317,7.144969878797917,47.996661101836395,312.0,312
SensCritique,Arthur — texte fondateur,Légende arthurienne — textes fondateurs,v. 1136,Histoire des rois de Bretagne,7.4,21,https://www.senscritique.com/livre/histoire_des_rois_de_bretagne/114941,599,60.85141903171953,235.0,220–250,7.144337348433263,47.8297161936561,313.0,313
SensCritique,Manga,Jujutsu Kaisen,24,"Naissance de la matrice : récursion - Jujutsu Kaisen, tome 24",7.2,76,https://www.senscritique.com/bd/jujutsu_kaisen_tome_24/59972803,599,50.1669449081803,299.0,281–317,7.14038403536441,47.66277128547579,314.0,314
SensCritique,Manga,Black Clover,25,"Black Clover, tome 25",7.2,37,https://www.senscritique.com/bd/black_clover_tome_25/43802860,599,50.1669449081803,299.0,281–317,7.131046595120282,47.495826377295494,315.0,315
SensCritique,Manga,Black Clover,26,"Black Clover, tome 26",7.2,35,https://www.senscritique.com/bd/black_clover_tome_26/43802884,599,50.1669449081803,299.0,281–317,7.130488267955264,47.32888146911519,316.0,316
SensCritique,Manga,Magi,12,"Magi : The Labyrinth of Magic, tome 12",7.2,18,https://www.senscritique.com/bd/magi_the_labyrinth_of_magic_tome_12/17931496,599,50.1669449081803,299.0,281–317,7.125350444282391,47.16193656093489,317.0,317
SensCritique,Manga,Magi,18,"Magi : The Labyrinth of Magic, tome 18",7.1,16,https://www.senscritique.com/bd/magi_the_labyrinth_of_magic_tome_18/17931623,599,45.40901502504174,327.5,318–337,7.117678079758553,46.99499165275459,318.0,318
SensCritique,Manga,Black Clover,27,"Black Clover, tome 27",7.1,31,https://www.senscritique.com/bd/black_clover_tome_27/44863075,599,45.40901502504174,327.5,318–337,7.116586840267284,46.82804674457429,319.0,319
SensCritique,Manga,Black Clover,24,"Black Clover, tome 24",7.1,37,https://www.senscritique.com/bd/black_clover_tome_24/43214519,599,45.40901502504174,327.5,318–337,7.116187157369278,46.66110183639399,320.0,320
SensCritique,Manga,Jujutsu Kaisen,20,"Sendai : En pleines festivités - Jujutsu Kaisen, tome 20",7.1,94,https://www.senscritique.com/bd/jujutsu_kaisen_tome_20/50657086,599,45.40901502504174,327.5,318–337,7.113171902565196,46.49415692821369,321.0,321
SensCritique,Manga,Jujutsu Kaisen,19,"Tokyo 1 : Un homme en colère - Jujutsu Kaisen, tome 19",7.1,108,https://www.senscritique.com/bd/jujutsu_kaisen_tome_19/47245073,599,45.40901502504174,327.5,318–337,7.112595631827969,46.327212020033386,322.0,322
SensCritique,Arthur — texte fondateur,Légende arthurienne — textes fondateurs,v. 1176,Cligès,7.1,117,https://www.senscritique.com/livre/Cliges/121006,599,45.40901502504174,327.5,318–337,7.112251070470974,46.16026711185309,323.0,323
SensCritique,Manga,Bleach,35,"Higher Than the Moon - Bleach, tome 35",7.1,122,https://www.senscritique.com/bd/higher_than_the_moon_bleach_tome_35/19574758,599,45.40901502504174,327.5,318–337,7.112067671212426,45.99332220367279,324.0,324
SensCritique,Manga,Bleach,23,"Mala Suerte ! - Bleach, tome 23",7.1,145,https://www.senscritique.com/bd/mala_suerte_bleach_tome_23/19150322,599,45.40901502504174,327.5,318–337,7.111290202198739,45.826377295492485,325.0,325
SensCritique,Manga,Bleach,22,"Conquistadores - Bleach, tome 22",7.1,149,https://www.senscritique.com/bd/conquistadores_bleach_tome_22/19150321,599,45.40901502504174,327.5,318–337,7.111165103005401,45.65943238731219,326.0,326
SensCritique,Manga,Demon Slayer,20,"Demon Slayer, tome 20",7.1,174,https://www.senscritique.com/bd/demon_slayer_tome_20/41806213,599,45.40901502504174,327.5,318–337,7.110441974572409,45.49248747913189,327.0,327
SensCritique,Manga,My Hero Academia,26,"Sous un ciel d'azur - My Hero Academia, tome 26",7.1,178,https://www.senscritique.com/bd/sous_un_ciel_d_azur_my_hero_academia_tome_26/41334983,599,45.40901502504174,327.5,318–337,7.110334877397308,45.32554257095158,328.0,328
SensCritique,Manga,Magi,19,"Magi : The Labyrinth of Magic, tome 19",7.0,17,https://www.senscritique.com/bd/magi_the_labyrinth_of_magic_tome_19/17931624,599,40.81803005008347,355.0,338–372,7.110177302117687,45.158597662771285,329.0,329
SensCritique,Manga,Magi,17,"Magi : The Labyrinth of Magic, tome 17",7.0,18,https://www.senscritique.com/bd/magi_the_labyrinth_of_magic_tome_17/17931622,599,40.81803005008347,355.0,338–372,7.109698270369348,44.99165275459099,330.0,330
SensCritique,Manga,Magi,8,"Magi : The Labyrinth of Magic, tome 8",7.0,19,https://www.senscritique.com/bd/magi_the_labyrinth_of_magic_tome_8/17931456,599,40.81803005008347,355.0,338–372,7.109223386082036,44.82470784641068,331.0,331
SensCritique,Manga,Magi,7,"Magi : The Labyrinth of Magic, tome 7",7.0,20,https://www.senscritique.com/bd/magi_the_labyrinth_of_magic_tome_7/17931455,599,40.81803005008347,355.0,338–372,7.108752595624785,44.657762938230384,332.0,332
SensCritique,Manga,Jujutsu Kaisen,2,"Malédiction - Jujutsu Kaisen, tome 2",7.1,309,https://www.senscritique.com/bd/malediction_jujutsu_kaisen_tome_2/39730507,599,45.40901502504174,327.5,318–337,7.107736280585318,44.490818030050086,333.0,333
SensCritique,Manga,Naruto,48,"Hourras au village !! - Naruto, tome 48",7.1,353,https://www.senscritique.com/bd/hourras_au_village_naruto_tome_48/16066599,599,45.40901502504174,327.5,318–337,7.1071338091769025,44.32387312186978,334.0,334
SensCritique,Manga,Naruto,36,"L'Unité 10 - Naruto, tome 36",7.1,375,https://www.senscritique.com/bd/l_unite_10_naruto_tome_36/15428726,599,45.40901502504174,327.5,318–337,7.10686644324523,44.15692821368948,335.0,335
SensCritique,Arthur — texte fondateur,Légende arthurienne — textes fondateurs,v. 1170,Erec et Enide,7.1,388,https://www.senscritique.com/livre/erec_et_enide/152126,599,45.40901502504174,327.5,318–337,7.10671767030825,43.989983305509185,336.0,336
SensCritique,Manga,Naruto,31,"Testament !! - Naruto, tome 31",7.1,401,https://www.senscritique.com/bd/testament_naruto_tome_31/15302847,599,45.40901502504174,327.5,318–337,7.106575207479527,43.82303839732888,337.0,337
SensCritique,Manga,Magi,4,"Magi : The Labyrinth of Magic, tome 4",7.0,25,https://www.senscritique.com/bd/magi_the_labyrinth_of_magic_tome_4/17931382,599,40.81803005008347,355.0,338–372,7.1064582370673,43.65609348914858,338.0,338
SensCritique,Manga,Naruto,20,"Naruto versus Sasuke !! - Naruto, tome 20",7.1,431,https://www.senscritique.com/bd/naruto_versus_sasuke_naruto_tome_20/15121110,599,45.40901502504174,327.5,318–337,7.1062684326360035,43.48914858096828,339.0,339
SensCritique,Manga,One Piece,67,"Cool Fight - One Piece, tome 67",7.1,451,https://www.senscritique.com/bd/cool_fight_one_piece_tome_67/17476731,599,45.40901502504174,327.5,318–337,7.106079339645476,43.32220367278798,340.0,340
SensCritique,Manga,Magi,3,"Magi : The Labyrinth of Magic, tome 3",7.0,28,https://www.senscritique.com/bd/magi_the_labyrinth_of_magic_tome_3/17931381,599,40.81803005008347,355.0,338–372,7.105127509103959,43.15525876460768,341.0,341
SensCritique,Manga,My Hero Academia,1,"Izuku Midoriya : Les Origines - My Hero Academia, tome 1",7.1,834,https://www.senscritique.com/bd/izuku_midoriya_les_origines_my_hero_academia_tome_1/18352863,599,45.40901502504174,327.5,318–337,7.103853348169168,42.98831385642738,342.0,342
SensCritique,Manga,Magi,2,"Magi : The Labyrinth of Magic, tome 2",7.0,32,https://www.senscritique.com/bd/magi_the_labyrinth_of_magic_tome_2/17931380,599,40.81803005008347,355.0,338–372,7.103404107315369,42.82136894824708,343.0,343
SensCritique,Manga,One Piece,2,"Luffy versus la bande à Baggy !! - One Piece, tome 2",7.1,1154,https://www.senscritique.com/bd/luffy_versus_la_bande_a_baggy_one_piece_tome_2/13038425,599,45.40901502504174,327.5,318–337,7.102950660457504,42.65442404006678,344.0,344
SensCritique,Manga,Magi,13,"Magi : The Labyrinth of Magic, tome 13",6.9,17,https://www.senscritique.com/bd/magi_the_labyrinth_of_magic_tome_13/17931497,599,36.143572621035055,383.0,373–393,7.10275372133166,42.48747913188648,345.0,345
SensCritique,Manga,Magi,14,"Magi : The Labyrinth of Magic, tome 14",6.9,18,https://www.senscritique.com/bd/magi_the_labyrinth_of_magic_tome_14/17931618,599,36.143572621035055,383.0,373–393,7.101872183412827,42.320534223706176,346.0,346
SensCritique,Manga,Magi,15,"Magi : The Labyrinth of Magic, tome 15",6.9,19,https://www.senscritique.com/bd/magi_the_labyrinth_of_magic_tome_15/17931626,599,36.143572621035055,383.0,373–393,7.1009982778569265,41.98664440734557,348.0,347–349
SensCritique,Manga,Magi,20,"Magi : The Labyrinth of Magic, tome 20",6.9,19,https://www.senscritique.com/bd/magi_the_labyrinth_of_magic_tome_20/17931648,599,36.143572621035055,383.0,373–393,7.1009982778569265,41.98664440734557,348.0,347–349
SensCritique,Manga,Magi,9,"Magi : The Labyrinth of Magic, tome 9",6.9,19,https://www.senscritique.com/bd/magi_the_labyrinth_of_magic_tome_9/17931458,599,36.143572621035055,383.0,373–393,7.1009982778569265,41.98664440734557,348.0,347–349
SensCritique,Manga,Black Clover,30,"Black Clover, tome 30",6.9,21,https://www.senscritique.com/bd/black_clover_tome_30/46721179,599,36.143572621035055,383.0,373–393,7.099272970750859,41.56928213689483,350.5,350–351
SensCritique,Manga,Magi,6,"Magi : The Labyrinth of Magic, tome 6",6.9,21,https://www.senscritique.com/bd/magi_the_labyrinth_of_magic_tome_6/17931384,599,36.143572621035055,383.0,373–393,7.099272970750859,41.56928213689483,350.5,350–351
SensCritique,Manga,Black Clover,29,"Black Clover, tome 29",6.9,22,https://www.senscritique.com/bd/black_clover_tome_29/45493564,599,36.143572621035055,383.0,373–393,7.098421376858761,41.31886477462437,352.0,352
SensCritique,Manga,Black Clover,35,"Black Clover, tome 35",6.6,9,https://www.senscritique.com/bd/black_clover_tome_35/82303083,599,26.71118530884808,439.5,431–448,7.0978760279862,41.151919866444075,353.0,353
SensCritique,Manga,Magi,11,"Magi : The Labyrinth of Magic, tome 11",6.8,18,https://www.senscritique.com/bd/magi_the_labyrinth_of_magic_tome_11/17931460,599,32.721202003338895,403.5,394–413,7.094046096456306,40.81803005008347,355.0,354–356
SensCritique,Manga,Magi,16,"Magi : The Labyrinth of Magic, tome 16",6.8,18,https://www.senscritique.com/bd/magi_the_labyrinth_of_magic_tome_16/17931621,599,32.721202003338895,403.5,394–413,7.094046096456306,40.81803005008347,355.0,354–356
SensCritique,Manga,Magi,22,"Magi : The Labyrinth of Magic, tome 22",6.8,18,https://www.senscritique.com/bd/magi_the_labyrinth_of_magic_tome_22/19949733,599,32.721202003338895,403.5,394–413,7.094046096456306,40.81803005008347,355.0,354–356
SensCritique,Manga,Black Clover,36,"Black Clover, tome 36",6.4,8,https://www.senscritique.com/bd/black_clover_tome_36/98762091,599,19.69949916527546,481.5,470–493,7.092866373567955,40.48414023372287,357.0,357
SensCritique,Manga,Jujutsu Kaisen,25,"La Bataille du no man's land de Shinjuku - Jujutsu Kaisen, tome 25",7.0,69,https://www.senscritique.com/bd/jujutsu_kaisen_tome_25/69385675,599,40.81803005008347,355.0,338–372,7.089788619875267,40.31719532554257,358.0,358
SensCritique,Manga,Magi,26,"Magi : The Labyrinth of Magic, tome 26",6.7,16,https://www.senscritique.com/bd/magi_the_labyrinth_of_magic_tome_26/25240861,599,29.63272120200334,422.0,414–430,7.089607904319957,40.15025041736227,359.0,359
SensCritique,Manga,Jujutsu Kaisen,23,"L'Étoile et l'Énergie - Jujutsu Kaisen, tome 23",7.0,80,https://www.senscritique.com/bd/l_etoile_et_l_energie_jujutsu_kaisen_tome_23/56531390,599,40.81803005008347,355.0,338–372,7.086406171866267,39.98330550918197,360.0,360
SensCritique,Manga,Magi,10,"Magi : The Labyrinth of Magic, tome 10",6.7,18,https://www.senscritique.com/bd/magi_the_labyrinth_of_magic_tome_10/17931459,599,29.63272120200334,422.0,414–430,7.086220009499783,39.81636060100167,361.0,361
SensCritique,Manga,Black Clover,31,"Black Clover, tome 31",6.7,19,https://www.senscritique.com/bd/black_clover_tome_31/51514749,599,29.63272120200334,422.0,414–430,7.084548061406711,39.64941569282137,362.0,362
SensCritique,Manga,Magi,33,"Magi : The Labyrinth of Magic, tome 33",6.4,12,https://www.senscritique.com/bd/magi_the_labyrinth_of_magic_tome_33/38052002,599,19.69949916527546,481.5,470–493,7.0804937597542414,39.482470784641066,363.0,363
SensCritique,Manga,Magi,28,"Magi : The Labyrinth of Magic, tome 28",6.5,15,https://www.senscritique.com/bd/magi_the_labyrinth_of_magic_tome_28/32119665,599,23.45575959933222,459.0,449–469,7.078108379669384,39.23205342237062,364.5,364–365
SensCritique,Manga,Magi,30,"Magi : The Labyrinth of Magic, tome 30",6.5,15,https://www.senscritique.com/bd/magi_the_labyrinth_of_magic_tome_30/35828245,599,23.45575959933222,459.0,449–469,7.078108379669384,39.23205342237062,364.5,364–365
SensCritique,Manga,Bleach,44,"Vice It - Bleach, tome 44",7.0,112,https://www.senscritique.com/bd/vice_it_bleach_tome_44/19601414,599,40.81803005008347,355.0,338–372,7.077872228965894,38.981636060100165,366.0,366
SensCritique,Manga,Magi,35,"Magi : The Labyrinth of Magic, tome 35",6.4,13,https://www.senscritique.com/bd/magi_the_labyrinth_of_magic_tome_35/38101213,599,19.69949916527546,481.5,470–493,7.077469343044223,38.81469115191987,367.0,367
SensCritique,Manga,Bleach,42,"Shock of the Queen - Bleach, tome 42",7.0,116,https://www.senscritique.com/bd/shock_of_the_queen_bleach_tome_42/19601378,599,40.81803005008347,355.0,338–372,7.076922567637043,38.64774624373957,368.0,368
SensCritique,Manga,Bleach,37,"Beauty Is So Solitary - Bleach, tome 37",7.0,119,https://www.senscritique.com/bd/beauty_is_so_solitary_bleach_tome_37/19601370,599,40.81803005008347,355.0,338–372,7.0762253842445615,38.313856427378965,370.0,369–371
SensCritique,Manga,Bleach,39,"El Verdugo - Bleach, tome 39",7.0,119,https://www.senscritique.com/bd/el_verdugo_bleach_tome_39/19601375,599,40.81803005008347,355.0,338–372,7.0762253842445615,38.313856427378965,370.0,369–371
SensCritique,Manga,Jujutsu Kaisen,18,"La Passion - Jujutsu Kaisen, tome 18",7.0,119,https://www.senscritique.com/bd/jujutsu_kaisen_tome_18/45492410,599,40.81803005008347,355.0,338–372,7.0762253842445615,38.313856427378965,370.0,369–371
SensCritique,Manga,Bleach,36,"Turn Back the Pendulum - Bleach, tome 36",7.0,120,https://www.senscritique.com/bd/turn_back_the_pendulum_bleach_tome_36/19601369,599,40.81803005008347,355.0,338–372,7.075995789713705,37.97996661101836,372.0,372
SensCritique,Manga,Black Clover,32,"Black Clover, tome 32",6.5,16,https://www.senscritique.com/bd/black_clover_tome_32/54702961,599,23.45575959933222,459.0,449–469,7.075572816600658,37.813021702838064,373.0,373
SensCritique,Manga,Bleach,33,"The Bad Joke - Bleach, tome 33",7.0,125,https://www.senscritique.com/bd/the_bad_joke_bleach_tome_33/19574751,599,40.81803005008347,355.0,338–372,7.074868255741691,37.646076794657766,374.0,374
SensCritique,Manga,Black Clover,34,"Black Clover, tome 34",6.4,14,https://www.senscritique.com/bd/black_clover_tome_34/58782624,599,19.69949916527546,481.5,470–493,7.07447169108385,37.47913188647746,375.0,375
SensCritique,Manga,Magi,23,"Magi : The Labyrinth of Magic, tome 23",6.5,17,https://www.senscritique.com/bd/magi_the_labyrinth_of_magic_tome_23/22128312,599,23.45575959933222,459.0,449–469,7.073059398187556,37.145242070116865,377.0,376–378
SensCritique,Manga,Magi,24,"Magi : The Labyrinth of Magic, tome 24",6.5,17,https://www.senscritique.com/bd/magi_the_labyrinth_of_magic_tome_24/23872721,599,23.45575959933222,459.0,449–469,7.073059398187556,37.145242070116865,377.0,376–378
SensCritique,Manga,Magi,27,"Magi : The Labyrinth of Magic, tome 27",6.5,17,https://www.senscritique.com/bd/magi_the_labyrinth_of_magic_tome_27/25831099,599,23.45575959933222,459.0,449–469,7.073059398187556,37.145242070116865,377.0,376–378
SensCritique,Manga,Magi,29,"Magi : The Labyrinth of Magic, tome 29",6.4,15,https://www.senscritique.com/bd/magi_the_labyrinth_of_magic_tome_29/33881133,599,19.69949916527546,481.5,470–493,7.071500450153965,36.81135225375626,379.0,379
SensCritique,Manga,Bleach,25,"No Shaking Throne - Bleach, tome 25",7.0,145,https://www.senscritique.com/bd/no_shaking_throne_bleach_tome_25/19150324,599,40.81803005008347,355.0,338–372,7.07067395570014,36.64440734557596,380.0,380
SensCritique,Manga,Hunter × Hunter,36,"Hunter X Hunter, tome 36",7.0,149,https://www.senscritique.com/bd/hunter_x_hunter_tome_36/38467507,599,40.81803005008347,355.0,338–372,7.069890864778254,36.47746243739566,381.0,381
SensCritique,Manga,Black Clover,28,"Black Clover, tome 28",6.7,30,https://www.senscritique.com/bd/black_clover_tome_28/45417192,599,29.63272120200334,422.0,414–430,7.067068604070042,36.31051752921536,382.0,382
SensCritique,Manga,Magi,31,"Magi : The Labyrinth of Magic, tome 31",6.2,13,https://www.senscritique.com/bd/magi_the_labyrinth_of_magic_tome_31/38010298,599,12.854757929883139,522.5,512–533,7.065913787488667,36.143572621035055,383.0,383
SensCritique,Manga,Demon Slayer,19,"Demon Slayer, tome 19",7.0,173,https://www.senscritique.com/bd/demon_slayer_tome_19/41233205,599,40.81803005008347,355.0,338–372,7.065534031649221,35.97662771285476,384.0,384
SensCritique,Manga,Magi,34,"Magi : The Labyrinth of Magic, tome 34",6.1,12,https://www.senscritique.com/bd/magi_the_labyrinth_of_magic_tome_34/38077094,599,9.348914858096828,543.5,534–553,7.064422331182813,35.80968280467446,385.0,385
SensCritique,Manga,Demon Slayer,16,"Demon Slayer, tome 16",7.0,188,https://www.senscritique.com/bd/demon_slayer_tome_16/39728327,599,40.81803005008347,355.0,338–372,7.063076505462375,35.642737896494154,386.0,386
SensCritique,Manga,Magi,32,"Magi : The Labyrinth of Magic, tome 32",6.2,14,https://www.senscritique.com/bd/magi_the_labyrinth_of_magic_tome_32/38048450,599,12.854757929883139,522.5,512–533,7.062082310552877,35.475792988313856,387.0,387
SensCritique,Manga,Magi,25,"Magi : The Labyrinth of Magic, tome 25",6.3,16,https://www.senscritique.com/bd/magi_the_labyrinth_of_magic_tome_25/24906742,599,16.19365609348915,502.5,494–511,7.06153772888136,35.30884808013356,388.0,388
SensCritique,Manga,Bleach,6,"The Death Trilogy Overture - Bleach, tome 6",7.0,199,https://www.senscritique.com/bd/the_death_trilogy_overture_bleach_tome_6/17690244,599,40.81803005008347,355.0,338–372,7.061388326484063,35.14190317195325,389.0,389
SensCritique,Manga,My Hero Academia,20,"La fête de Yuei commence - My Hero Academia, tome 20",7.0,204,https://www.senscritique.com/bd/la_fete_de_yuei_commence_my_hero_academia_tome_20/36276636,599,40.81803005008347,355.0,338–372,7.0606504860215145,34.974958263772955,390.0,390
SensCritique,Manga,One Piece,115,"Ce qu'il y a de plus fort au monde - One Piece, tome 115",6.6,27,https://www.senscritique.com/bd/ce_qu_il_y_a_de_plus_fort_au_monde_one_piece_tome_115/138065785,599,26.71118530884808,439.5,431–448,7.060379088639959,34.80801335559266,391.0,391
SensCritique,Manga,Demon Slayer,7,"Demon Slayer, tome 7",7.0,212,https://www.senscritique.com/bd/demon_slayer_tome_7/38783509,599,40.81803005008347,355.0,338–372,7.059506137228656,34.5575959933222,392.5,392–393
SensCritique,Manga,Demon Slayer,9,"Demon Slayer, tome 9",7.0,212,https://www.senscritique.com/bd/demon_slayer_tome_9/38783511,599,40.81803005008347,355.0,338–372,7.059506137228656,34.5575959933222,392.5,392–393
SensCritique,Manga,Black Clover,16,"Black Clover, tome 16",6.8,49,https://www.senscritique.com/bd/black_clover_tome_16/38837618,599,32.721202003338895,403.5,394–413,7.059121081168391,34.307178631051755,394.0,394
SensCritique,Manga,Magi,21,"Magi : The Labyrinth of Magic, tome 21",6.4,20,https://www.senscritique.com/bd/magi_the_labyrinth_of_magic_tome_21/17931649,599,19.69949916527546,481.5,470–493,7.05702845769375,34.14023372287145,395.0,395
SensCritique,Manga,Black Clover,23,"Black Clover, tome 23",6.7,37,https://www.senscritique.com/bd/black_clover_tome_23/42714971,599,29.63272120200334,422.0,414–430,7.056749406365262,33.97328881469115,396.0,396
SensCritique,Manga,Jujutsu Kaisen,5,"Le Tournoi - Jujutsu Kaisen, tome 5",7.0,238,https://www.senscritique.com/bd/le_tournoi_jujutsu_kaisen_tome_5/39804365,599,40.81803005008347,355.0,338–372,7.056068004855445,33.806343906510854,397.0,397
SensCritique,Manga,Black Clover,14,"Black Clover, tome 14",6.8,54,https://www.senscritique.com/bd/black_clover_tome_14/36165934,599,32.721202003338895,403.5,394–413,7.054250384153948,33.63939899833055,398.0,398
SensCritique,Manga,Jujutsu Kaisen,3,"Retour de bâton - Jujutsu Kaisen, tome 3",7.0,269,https://www.senscritique.com/bd/retour_de_baton_jujutsu_kaisen_tome_3/39801230,599,40.81803005008347,355.0,338–372,7.052454474396986,33.47245409015025,399.0,399
SensCritique,Manga,Bleach,57,"Out Of Bloom - Bleach, tome 57",6.9,93,https://www.senscritique.com/bd/out_of_bloom_bleach_tome_57/17472995,599,36.143572621035055,383.0,373–393,7.052231482573608,33.30550918196995,400.0,400
SensCritique,Manga,Magi,36,"Magi : The Labyrinth of Magic, tome 36",5.9,13,https://www.senscritique.com/bd/magi_the_labyrinth_of_magic_tome_36/38141249,599,3.672787979966611,577.5,570–585,7.048580454155334,33.13856427378965,401.0,401
SensCritique,Manga,Black Clover,33,"Black Clover, tome 33",6.1,16,https://www.senscritique.com/bd/black_clover_tome_33/55983196,599,9.348914858096828,543.5,534–553,7.047502641162062,32.97161936560935,402.0,402
SensCritique,Manga,Naruto,53,"La Naissance de Naruto - Naruto, tome 53",7.0,339,https://www.senscritique.com/bd/la_naissance_de_naruto_naruto_tome_53/15799655,599,40.81803005008347,355.0,338–372,7.045790566578857,32.80467445742905,403.0,403
SensCritique,Manga,Naruto,45,"Konoha, théâtre de guerre !! - Naruto, tome 45",7.0,360,https://www.senscritique.com/bd/konoha_theatre_de_guerre_naruto_tome_45/15491269,599,40.81803005008347,355.0,338–372,7.044109444379283,32.637729549248746,404.0,404
SensCritique,Manga,Bleach,46,"Back From Blind - Bleach, tome 46",6.9,113,https://www.senscritique.com/bd/back_from_blind_bleach_tome_46/19601420,599,36.143572621035055,383.0,373–393,7.042863391338308,32.47078464106845,405.0,405
SensCritique,Manga,Magi,37,"Magi : The Labyrinth of Magic, tome 37",5.8,13,https://www.senscritique.com/bd/magi_the_labyrinth_of_magic_tome_37/38209253,599,1.5859766277128549,590.0,586–594,7.042802676377557,32.30383973288815,406.0,406
SensCritique,Manga,Naruto,41,"Le Choix de Jiraya !! - Naruto, tome 41",7.0,379,https://www.senscritique.com/bd/le_choix_de_jiraya_naruto_tome_41/15491265,599,40.81803005008347,355.0,338–372,7.042691374255415,32.136894824707845,407.0,407
SensCritique,Manga,Naruto,40,"L'Art ultime !! - Naruto, tome 40",7.0,383,https://www.senscritique.com/bd/l_art_ultime_naruto_tome_40/15428731,599,40.81803005008347,355.0,338–372,7.042404373420084,31.969949916527547,408.0,408
SensCritique,Manga,Bleach,47,"End Of The Chrysalis Age - Bleach, tome 47",6.9,117,https://www.senscritique.com/bd/end_of_the_chrysalis_age_bleach_tome_47/19601421,599,36.143572621035055,383.0,373–393,7.041126450410183,31.803005008347245,409.0,409
SensCritique,Manga,Naruto,30,"Chiyo et Sakura - Naruto, tome 30",7.0,411,https://www.senscritique.com/bd/chiyo_et_sakura_naruto_tome_30/15121768,599,40.81803005008347,355.0,338–372,7.04049855888435,31.636060100166944,410.0,410
SensCritique,Manga,Naruto,23,"Crise…!! - Naruto, tome 23",7.0,425,https://www.senscritique.com/bd/crise_naruto_tome_23/15121633,599,40.81803005008347,355.0,338–372,7.039608480667112,31.469115191986646,411.0,411
SensCritique,Manga,Bleach,31,"Don't Kill My Volupture - Bleach, tome 31",6.9,124,https://www.senscritique.com/bd/don_t_kill_my_volupture_bleach_tome_31/19574744,599,36.143572621035055,383.0,373–393,7.038186316026637,31.302170283806344,412.0,412
SensCritique,Manga,Black Clover,15,"Black Clover, tome 15",6.7,51,https://www.senscritique.com/bd/black_clover_tome_15/38363234,599,29.63272120200334,422.0,414–430,7.0377589436690124,31.135225375626042,413.0,413
SensCritique,Manga,One Piece,66,"Vers le soleil - One Piece, tome 66",7.0,461,https://www.senscritique.com/bd/vers_le_soleil_one_piece_tome_66/17476717,599,40.81803005008347,355.0,338–372,7.0374897506462855,30.968280467445744,414.0,414
SensCritique,Manga,One Piece,64,"100 000 vs 10 - One Piece, tome 64",7.0,479,https://www.senscritique.com/bd/100_000_vs_10_one_piece_tome_64/17476713,599,40.81803005008347,355.0,338–372,7.036513172481838,30.801335559265443,415.0,415
SensCritique,Manga,Jujutsu Kaisen,22,"Sakurajima : Réincarnation - Jujutsu Kaisen, tome 22",6.8,86,https://www.senscritique.com/bd/jujutsu_kaisen_tome_22/55311000,599,32.721202003338895,403.5,394–413,7.026948329479699,30.63439065108514,416.0,416
SensCritique,Manga,Magi,1,"Magi : The Labyrinth of Magic, tome 1",6.6,48,https://www.senscritique.com/bd/magi_the_labyrinth_of_magic_tome_1/17931352,599,26.71118530884808,439.5,431–448,7.02319462378827,30.467445742904843,417.0,417
SensCritique,Manga,Bleach,10,"Tattoo on the Sky - Bleach, tome 10",6.9,176,https://www.senscritique.com/bd/tattoo_on_the_sky_bleach_tome_10/17771465,599,36.143572621035055,383.0,373–393,7.019666500476676,30.30050083472454,418.0,418
SensCritique,Manga,Demon Slayer,17,"Demon Slayer, tome 17",6.9,188,https://www.senscritique.com/bd/demon_slayer_tome_17/40364233,599,36.143572621035055,383.0,373–393,7.016076505462376,30.13355592654424,419.0,419
SensCritique,Manga,My Hero Academia,22,"L'Héritage - My Hero Academia, tome 22",6.9,199,https://www.senscritique.com/bd/l_heritage_my_hero_academia_tome_22/38916976,599,36.143572621035055,383.0,373–393,7.012969834999879,29.96661101836394,420.0,420
SensCritique,Arthur — texte fondateur,Légende arthurienne — textes fondateurs,v. 1176,Le Chevalier au lion,7.0,1932,https://www.senscritique.com/livre/le_chevalier_au_lion/120877,599,40.81803005008347,355.0,338–372,7.011768004750444,29.79966611018364,421.0,421
SensCritique,Manga,Black Clover,13,"Black Clover, tome 13",6.6,58,https://www.senscritique.com/bd/black_clover_tome_13/35794242,599,26.71118530884808,439.5,431–448,7.007520748833149,29.63272120200334,422.0,422
SensCritique,Manga,Black Clover,4,"Black Clover, tome 4",6.8,115,https://www.senscritique.com/bd/black_clover_tome_4/24067924,599,32.721202003338895,403.5,394–413,7.006821413409633,29.465776293823037,423.0,423
SensCritique,Manga,Bleach,38,"Fear For Fight - Bleach, tome 38",6.8,116,https://www.senscritique.com/bd/fear_for_fight_bleach_tome_38/19601371,599,32.721202003338895,403.5,394–413,7.00619086031997,29.29883138564274,424.0,424
SensCritique,Manga,Demon Slayer,5,"Demon Slayer, tome 5",6.9,244,https://www.senscritique.com/bd/demon_slayer_tome_5/38783505,599,36.143572621035055,383.0,373–393,7.001821496019628,29.131886477462437,425.0,425
SensCritique,Manga,Black Clover,21,"Black Clover, tome 21",6.4,42,https://www.senscritique.com/bd/black_clover_tome_21/40913695,599,19.69949916527546,481.5,470–493,7.000120481043111,28.964941569282136,426.0,426
SensCritique,Manga,Bleach,30,"There Is No Heart Without You - Bleach, tome 30",6.8,126,https://www.senscritique.com/bd/there_is_no_heart_without_you_bleach_tome_30/19574743,599,32.721202003338895,403.5,394–413,7.0000905390087285,28.797996661101838,427.0,427
SensCritique,Manga,Jujutsu Kaisen,26,"Vers le sud - Jujutsu Kaisen, tome 26",6.6,65,https://www.senscritique.com/bd/jujutsu_kaisen_tome_26/83168041,599,26.71118530884808,439.5,431–448,6.997222390559386,28.631051752921536,428.0,428
SensCritique,Manga,Jujutsu Kaisen,21,"Tokyo 2 : Grande chance - Jujutsu Kaisen, tome 21",6.7,87,https://www.senscritique.com/bd/jujutsu_kaisen_tome_21/55310377,599,29.63272120200334,422.0,414–430,6.997092314999833,28.464106844741234,429.0,429
SensCritique,Manga,Black Clover,19,"Black Clover, tome 19",6.4,47,https://www.senscritique.com/bd/black_clover_tome_19/39746741,599,19.69949916527546,481.5,470–493,6.988535143571236,28.297161936560936,430.0,430
SensCritique,Manga,Bleach,59,"The Battle - Bleach, tome 59",6.7,98,https://www.senscritique.com/bd/the_battle_bleach_tome_59/18004953,599,29.63272120200334,422.0,414–430,6.986550329628872,28.130217028380635,431.0,431
SensCritique,Manga,Bleach,21,"Be My Family Or Not - Bleach, tome 21",6.8,151,https://www.senscritique.com/bd/be_my_family_or_not_bleach_tome_21/19150320,599,32.721202003338895,403.5,394–413,6.986310198856612,27.963272120200333,432.0,432
SensCritique,Manga,Black Clover,22,"Black Clover, tome 22",6.3,42,https://www.senscritique.com/bd/black_clover_tome_22/41365220,599,16.19365609348915,502.5,494–511,6.9835850479722446,27.796327212020035,433.0,433
SensCritique,Manga,Bleach,70,"Friend - Bleach, tome 70",6.6,75,https://www.senscritique.com/bd/friend_bleach_tome_70/23348929,599,26.71118530884808,439.5,431–448,6.983381889146168,27.629382303839733,434.0,434
SensCritique,Manga,Bleach,60,"Everything But The Rain - Bleach, tome 60",6.7,103,https://www.senscritique.com/bd/everything_but_the_rain_bleach_tome_60/18004954,599,29.63272120200334,422.0,414–430,6.982001911698255,27.462437395659432,435.0,435
SensCritique,Manga,Demon Slayer,21,"Demon Slayer, tome 21",6.8,165,https://www.senscritique.com/bd/demon_slayer_tome_21/42471434,599,32.721202003338895,403.5,394–413,6.979391517731963,27.29549248747913,436.0,436
SensCritique,Manga,Naruto,29,"Kakashi versus Itachi !! - Naruto, tome 29",6.9,411,https://www.senscritique.com/bd/kakashi_versus_itachi_naruto_tome_29/15121746,599,36.143572621035055,383.0,373–393,6.97452745134021,27.128547579298832,437.0,437
SensCritique,Manga,Naruto,28,"Le Retour au pays !! - Naruto, tome 28",6.9,419,https://www.senscritique.com/bd/le_retour_au_pays_naruto_tome_28/15121725,599,36.143572621035055,383.0,373–393,6.973582570816086,26.96160267111853,438.0,438
SensCritique,Manga,One Piece,65,"Table rase - One Piece, tome 65",6.9,460,https://www.senscritique.com/bd/table_rase_one_piece_tome_65/17476714,599,36.143572621035055,383.0,373–393,6.969093158013318,26.79465776293823,439.0,439
SensCritique,Manga,One Piece,63,"Otohime et Tiger - One Piece, tome 63",6.9,464,https://www.senscritique.com/bd/otohime_et_tiger_one_piece_tome_63/17476712,599,36.143572621035055,383.0,373–393,6.9686843227588025,26.62771285475793,440.0,440
SensCritique,Manga,Demon Slayer,14,"Demon Slayer, tome 14",6.8,189,https://www.senscritique.com/bd/demon_slayer_tome_14/38843570,599,32.721202003338895,403.5,394–413,6.9686548682916465,26.46076794657763,441.0,441
SensCritique,Manga,Black Clover,12,"Black Clover, tome 12",6.4,60,https://www.senscritique.com/bd/black_clover_tome_12/33476586,599,19.69949916527546,481.5,470–493,6.960406625679964,26.293823038397328,442.0,442
SensCritique,Manga,Black Clover,17,"Black Clover, tome 17",6.3,51,https://www.senscritique.com/bd/black_clover_tome_17/39566097,599,16.19365609348915,502.5,494–511,6.960192403745057,26.12687813021703,443.0,443
SensCritique,Manga,Black Clover,10,"Black Clover, tome 10",6.5,74,https://www.senscritique.com/bd/black_clover_tome_10/29079324,599,23.45575959933222,459.0,449–469,6.9588482593879375,25.959933222036728,444.0,444
SensCritique,Manga,One Piece,33,"Davy Back Fight !! - One Piece, tome 33",6.9,599,https://www.senscritique.com/bd/davy_back_fight_one_piece_tome_33/219045,599,36.143572621035055,383.0,373–393,6.957251050782923,25.792988313856426,445.0,445
SensCritique,Manga,Black Clover,6,"Black Clover, tome 6",6.6,97,https://www.senscritique.com/bd/black_clover_tome_6/25465596,599,26.71118530884808,439.5,431–448,6.9560860912134315,25.62604340567613,446.0,446
SensCritique,Manga,Black Clover,9,"Black Clover, tome 9",6.5,76,https://www.senscritique.com/bd/black_clover_tome_9/28518886,599,23.45575959933222,459.0,449–469,6.955661813142188,25.459098497495827,447.0,447
SensCritique,Manga,Bleach,27,"Goodbye Halcyon Days - Bleach, tome 27",6.7,137,https://www.senscritique.com/bd/goodbye_halcyon_days_bleach_tome_27/19150326,599,29.63272120200334,422.0,414–430,6.954528946088682,25.292153589315525,448.0,448
SensCritique,Manga,Bleach,71,"Baby, Hold Your Hand - Bleach, tome 71",6.5,78,https://www.senscritique.com/bd/baby_hold_your_hand_bleach_tome_71/23348927,599,23.45575959933222,459.0,449–469,6.952519317879139,25.125208681135227,449.0,449
SensCritique,Manga,Black Clover,11,"Black Clover, tome 11",6.4,64,https://www.senscritique.com/bd/black_clover_tome_11/29641704,599,19.69949916527546,481.5,470–493,6.952284790525182,24.958263772954925,450.0,450
SensCritique,Manga,Hunter × Hunter,38,"Hunter x Hunter, tome 38",6.4,65,https://www.senscritique.com/bd/hunter_x_hunter_tome_38/98192299,599,19.69949916527546,481.5,470–493,6.950290982617148,24.791318864774624,451.0,451
SensCritique,Manga,Black Clover,18,"Black Clover, tome 18",6.2,48,https://www.senscritique.com/bd/black_clover_tome_18/39746740,599,12.854757929883139,522.5,512–533,6.949348469942117,24.624373956594322,452.0,452
SensCritique,Manga,Black Clover,8,"Black Clover, tome 8",6.5,83,https://www.senscritique.com/bd/black_clover_tome_8/27658500,599,23.45575959933222,459.0,449–469,6.944849498932034,24.457429048414024,453.0,453
SensCritique,Manga,Demon Slayer,4,"Demon Slayer, tome 4",6.8,262,https://www.senscritique.com/bd/demon_slayer_tome_4/37830220,599,32.721202003338895,403.5,394–413,6.942680595326899,24.290484140233723,454.0,454
SensCritique,Manga,Bleach,1,"The Death and the Strawberry - Bleach, tome 1",6.8,277,https://www.senscritique.com/bd/the_death_and_the_strawberry_bleach_tome_1/15331210,599,32.721202003338895,403.5,394–413,6.938303889948774,24.12353923205342,455.0,455
SensCritique,Manga,Fairy Tail,12,"Fairy Tail, tome 12",6.7,162,https://www.senscritique.com/bd/fairy_tail_tome_12/17805507,599,29.63272120200334,422.0,414–430,6.9375149791041455,23.956594323873123,456.0,456
SensCritique,Manga,Fairy Tail,47,"Fairy Tail, tome 47",6.5,89,https://www.senscritique.com/bd/fairy_tail_tome_47/17806735,599,23.45575959933222,459.0,449–469,6.935982067059634,23.78964941569282,457.0,457
SensCritique,Manga,Jujutsu Kaisen,28,"La Bataille du no man's land de Shinjuku : avance - Jujutsu Kaisen, tome 28",6.1,48,https://www.senscritique.com/bd/jujutsu_kaisen_tome_28/100041901,599,9.348914858096828,543.5,534–553,6.930886931480577,23.62270450751252,458.0,458
SensCritique,Manga,Bleach,9,"Fourteen Days for Conspiracy - Bleach, tome 9",6.7,176,https://www.senscritique.com/bd/fourteen_days_for_conspiracy_bleach_tome_9/17771393,599,29.63272120200334,422.0,414–430,6.928944850992139,23.45575959933222,459.0,459
SensCritique,Manga,Fairy Tail,53,"Fairy Tail, tome 53",6.4,77,https://www.senscritique.com/bd/fairy_tail_tome_53/22732103,599,19.69949916527546,481.5,470–493,6.9274415300517305,23.28881469115192,460.0,460
SensCritique,Manga,Demon Slayer,2,"Demon Slayer, tome 2",6.8,335,https://www.senscritique.com/bd/demon_slayer_tome_2/27747295,599,32.721202003338895,403.5,394–413,6.923639126480713,23.12186978297162,461.0,461
SensCritique,Manga,Demon Slayer,13,"Demon Slayer, tome 13",6.7,187,https://www.senscritique.com/bd/demon_slayer_tome_13/38843568,599,29.63272120200334,422.0,414–430,6.922633088182833,22.95492487479132,462.0,462
SensCritique,Manga,Black Clover,3,"Black Clover, tome 3",6.6,130,https://www.senscritique.com/bd/black_clover_tome_3/23512820,599,26.71118530884808,439.5,431–448,6.921726906973538,22.78797996661102,463.0,463
SensCritique,Manga,Demon Slayer,15,"Demon Slayer, tome 15",6.7,189,https://www.senscritique.com/bd/demon_slayer_tome_15/39048593,599,29.63272120200334,422.0,414–430,6.921522698715586,22.621035058430717,464.0,464
SensCritique,Manga,Bleach,28,"Baron’s Lecture Full Course - Bleach, tome 28",6.6,135,https://www.senscritique.com/bd/barons_lecture_full_course_bleach_tome_28/19150327,599,26.71118530884808,439.5,431–448,6.917091072579106,22.45409015025042,465.0,465
SensCritique,Manga,Naruto,44,"Traditions d'ermite… !! - Naruto, tome 44",6.8,369,https://www.senscritique.com/bd/traditions_d_ermite_naruto_tome_44/15491268,599,32.721202003338895,403.5,394–413,6.916403790335542,22.287145242070117,466.0,466
SensCritique,Manga,Naruto,38,"Le Fruit de l'entraînement…!! - Naruto, tome 38",6.8,374,https://www.senscritique.com/bd/le_fruit_de_l_entrainement_naruto_tome_38/15428728,599,32.721202003338895,403.5,394–413,6.915410583933362,22.120200333889816,467.0,467
SensCritique,Manga,Jujutsu Kaisen,1,"Ryomen Sukuna - Jujutsu Kaisen, tome 1",6.8,375,https://www.senscritique.com/bd/ryomen_sukuna_jujutsu_kaisen_tome_1/39730504,599,32.721202003338895,403.5,394–413,6.915213973057837,21.953255425709514,468.0,468
SensCritique,Manga,Bleach,56,"March Of The Starcross - Bleach, tome 56",6.5,105,https://www.senscritique.com/bd/march_of_the_starcross_bleach_tome_56/17525093,599,23.45575959933222,459.0,449–469,6.913976663044006,21.786310517529216,469.0,469
SensCritique,Manga,Naruto,33,"Mission top secret…!! - Naruto, tome 33",6.8,388,https://www.senscritique.com/bd/mission_top_secret_naruto_tome_33/15316946,599,32.721202003338895,403.5,394–413,6.9127176703082505,21.619365609348915,470.0,470
SensCritique,Manga,Bleach,5,"Rightarm of the Giant - Bleach, tome 5",6.7,206,https://www.senscritique.com/bd/rightarm_of_the_giant_bleach_tome_5/17690243,599,29.63272120200334,422.0,414–430,6.91251340235634,21.452420701168613,471.0,471
SensCritique,Manga,Bleach,26,"The Mascaron Drive - Bleach, tome 26",6.6,142,https://www.senscritique.com/bd/the_mascaron_drive_bleach_tome_26/19150325,599,26.71118530884808,439.5,431–448,6.910820910126978,21.285475792988315,472.0,472
SensCritique,Manga,Bleach,67,"Black - Bleach, tome 67",6.4,87,https://www.senscritique.com/bd/black_bleach_tome_67/19138792,599,19.69949916527546,481.5,470–493,6.909801345100168,21.118530884808013,473.0,473
SensCritique,Manga,Fairy Tail,46,"Fairy Tail, tome 46",6.4,88,https://www.senscritique.com/bd/fairy_tail_tome_46/17806734,599,19.69949916527546,481.5,470–493,6.908102007283167,20.95158597662771,474.0,474
SensCritique,Manga,Fairy Tail,54,"Fairy Tail, tome 54",6.3,74,https://www.senscritique.com/bd/fairy_tail_tome_54/23751262,599,16.19365609348915,502.5,494–511,6.907100007639686,20.784641068447414,475.0,475
SensCritique,Manga,Demon Slayer,6,"Demon Slayer, tome 6",6.7,218,https://www.senscritique.com/bd/demon_slayer_tome_6/38783507,599,29.63272120200334,422.0,414–430,6.906582795778954,20.617696160267112,476.0,476
SensCritique,Manga,Black Clover,20,"Black Clover, tome 20",5.9,45,https://www.senscritique.com/bd/black_clover_tome_20/40393613,599,3.672787979966611,577.5,570–585,6.9055665454667325,20.45075125208681,477.0,477
SensCritique,Manga,Jujutsu Kaisen,27,"Stupid Survivor !! - Jujutsu Kaisen, tome 27",6.1,57,https://www.senscritique.com/bd/jujutsu_kaisen_tome_27/93750661,599,9.348914858096828,543.5,534–553,6.903087740464499,20.283806343906512,478.0,478
SensCritique,Manga,Bleach,73,"Battlefield Burning - Bleach, tome 73",6.3,76,https://www.senscritique.com/bd/battlefield_burning_bleach_tome_73/25314342,599,16.19365609348915,502.5,494–511,6.90288403536441,20.11686143572621,479.0,479
SensCritique,Manga,Black Clover,7,"Black Clover, tome 7",6.4,93,https://www.senscritique.com/bd/black_clover_tome_7/25972873,599,19.69949916527546,481.5,470–493,6.899772466180164,19.94991652754591,480.0,480
SensCritique,Manga,One Piece,62,"Périple sur l'île des hommes-poissons - One Piece, tome 62",6.8,505,https://www.senscritique.com/bd/periple_sur_l_ile_des_hommes_poissons_one_piece_tome_62/17476710,599,32.721202003338895,403.5,394–413,6.894324410299791,19.78297161936561,481.0,481
SensCritique,Manga,Jujutsu Kaisen,29,"Jujutsu Kaisen, tome 29",5.8,44,https://www.senscritique.com/bd/jujutsu_kaisen_tome_29/103535926,599,1.5859766277128549,590.0,586–594,6.892307039784962,19.61602671118531,482.0,482
SensCritique,Manga,Bleach,29,"The Slashing Opera - Bleach, tome 29",6.5,128,https://www.senscritique.com/bd/the_slashing_opera_bleach_tome_29/19574742,599,23.45575959933222,459.0,449–469,6.8859723593675,19.449081803005008,483.0,483
SensCritique,Manga,Bleach,68,"The Ordinary Peace - Bleach, tome 68",6.3,85,https://www.senscritique.com/bd/the_ordinary_peace_bleach_tome_68/19145735,599,16.19365609348915,502.5,494–511,6.8846148221715495,19.282136894824706,484.0,484
SensCritique,Manga,Fairy Tail,45,"Fairy Tail, tome 45",6.3,86,https://www.senscritique.com/bd/fairy_tail_tome_45/17806733,599,16.19365609348915,502.5,494–511,6.882653027466276,19.115191986644408,485.0,485
SensCritique,Manga,Fairy Tail,49,"Fairy Tail, tome 49",6.3,90,https://www.senscritique.com/bd/fairy_tail_tome_49/18437426,599,16.19365609348915,502.5,494–511,6.874935768824337,18.948247078464107,486.0,486
SensCritique,Manga,Bleach,64,"Death In Vision - Bleach, tome 64",6.3,91,https://www.senscritique.com/bd/death_in_vision_bleach_tome_64/19118472,599,16.19365609348915,502.5,494–511,6.873038291039439,18.781302170283805,487.0,487
SensCritique,Manga,Demon Slayer,12,"Demon Slayer, tome 12",6.6,200,https://www.senscritique.com/bd/demon_slayer_tome_12/38808494,599,26.71118530884808,439.5,431–448,6.867064568410073,18.614357262103507,488.0,488
SensCritique,Manga,Bleach,61,"The Last 9 Days - Bleach, tome 61",6.3,96,https://www.senscritique.com/bd/the_last_9_days_bleach_tome_61/19106877,599,16.19365609348915,502.5,494–511,6.863735721379708,18.447412353923205,489.0,489
SensCritique,Manga,Fairy Tail,62,"Fairy Tail, tome 62",6.0,63,https://www.senscritique.com/bd/fairy_tail_tome_62/29400243,599,6.343906510851419,561.5,554–569,6.862656735218001,18.280467445742904,490.0,490
SensCritique,Manga,Hunter × Hunter,37,"Hunter x Hunter, tome 37",6.2,84,https://www.senscritique.com/bd/hunter_x_hunter_tome_37/51283399,599,12.854757929883139,522.5,512–533,6.858211493868074,18.113522537562606,491.0,491
SensCritique,Manga,Fairy Tail,55,"Fairy Tail, tome 55",6.1,73,https://www.senscritique.com/bd/fairy_tail_tome_55/24474008,599,9.348914858096828,543.5,534–553,6.85800211292965,17.946577629382304,492.0,492
SensCritique,Manga,Bleach,62,"Heart of Wolf - Bleach, tome 62",6.3,100,https://www.senscritique.com/bd/heart_of_wolf_bleach_tome_62/15331212,599,16.19365609348915,502.5,494–511,6.856508340336378,17.779632721202002,493.0,493
SensCritique,Manga,Bleach,69,"Against The Judgement - Bleach, tome 69",6.2,85,https://www.senscritique.com/bd/against_the_judgement_bleach_tome_69/19145736,599,12.854757929883139,522.5,512–533,6.855995293552021,17.612687813021704,494.0,494
SensCritique,Manga,Demon Slayer,22,"Demon Slayer, tome 22",6.5,158,https://www.senscritique.com/bd/demon_slayer_tome_22/43116622,599,23.45575959933222,459.0,449–469,6.854677303202568,17.445742904841403,495.0,495
SensCritique,Manga,Bleach,55,"The Blood Warfare - Bleach, tome 55",6.3,104,https://www.senscritique.com/bd/the_blood_warfare_bleach_tome_55/17525094,599,16.19365609348915,502.5,494–511,6.849463930965032,17.2787979966611,496.0,496
SensCritique,Manga,Bleach,3,"Memories in the Rain - Bleach, tome 3",6.6,233,https://www.senscritique.com/bd/memories_in_the_rain_bleach_tome_3/15411210,599,26.71118530884808,439.5,431–448,6.847259780190899,17.111853088480803,497.0,497
SensCritique,Manga,Fairy Tail,58,"Fairy Tail, tome 58",6.0,68,https://www.senscritique.com/bd/fairy_tail_tome_58/25314348,599,6.343906510851419,561.5,554–569,6.847252150660537,16.9449081803005,498.0,498
SensCritique,Manga,Demon Slayer,1,"Demon Slayer, tome 1",6.7,408,https://www.senscritique.com/bd/demon_slayer_tome_1/27747294,599,29.63272120200334,422.0,414–430,6.843275164814436,16.7779632721202,499.0,499
SensCritique,Manga,Fairy Tail,63,"Fairy Tail, tome 63",5.9,62,https://www.senscritique.com/bd/fairy_tail_tome_63/31322683,599,3.672787979966611,577.5,570–585,6.843177380237044,16.6110183639399,500.0,500
SensCritique,Manga,Fairy Tail,52,"Fairy Tail, tome 52",6.1,79,https://www.senscritique.com/bd/fairy_tail_tome_52/22128310,599,9.348914858096828,543.5,534–553,6.842373203384708,16.4440734557596,501.0,501
SensCritique,Manga,Fairy Tail,60,"Fairy Tail, tome 60",5.9,64,https://www.senscritique.com/bd/fairy_tail_tome_60/27747305,599,3.672787979966611,577.5,570–585,6.836342761539675,16.19365609348915,502.5,502–503
SensCritique,Manga,Fairy Tail,61,"Fairy Tail, tome 61",5.9,64,https://www.senscritique.com/bd/fairy_tail_tome_61/28492150,599,3.672787979966611,577.5,570–585,6.836342761539675,16.19365609348915,502.5,502–503
SensCritique,Manga,Fairy Tail,7,"Fairy Tail, tome 7",6.5,179,https://www.senscritique.com/bd/fairy_tail_tome_7/17805482,599,23.45575959933222,459.0,449–469,6.835628138580435,15.943238731218697,504.0,504
SensCritique,Manga,Jujutsu Kaisen,30,"Jujutsu Kaisen, tome 30",5.4,42,https://www.senscritique.com/bd/jujutsu_kaisen_tome_30/103535927,599,0.08347245409015025,599.0,599,6.834766150334449,15.776293823038397,505.0,505
SensCritique,Manga,Fairy Tail,28,"Fairy Tail, tome 28",6.3,113,https://www.senscritique.com/bd/fairy_tail_tome_28/17806509,599,16.19365609348915,502.5,494–511,6.834248006722923,15.609348914858098,506.0,506
SensCritique,Manga,Fairy Tail,39,"Fairy Tail, tome 39",6.2,96,https://www.senscritique.com/bd/fairy_tail_tome_39/17806661,599,12.854757929883139,522.5,512–533,6.832566890210877,15.442404006677796,507.0,507
SensCritique,Manga,Fairy Tail,8,"Fairy Tail, tome 8",6.5,183,https://www.senscritique.com/bd/fairy_tail_tome_8/17805502,599,23.45575959933222,459.0,449–469,6.832229372620127,15.275459098497496,508.0,508
SensCritique,Manga,Fairy Tail,30,"Fairy Tail, tome 30",6.3,115,https://www.senscritique.com/bd/fairy_tail_tome_30/17806528,599,16.19365609348915,502.5,494–511,6.830980434816361,15.108514190317194,509.0,509
SensCritique,Manga,Fairy Tail,6,"Fairy Tail, tome 6",6.5,185,https://www.senscritique.com/bd/fairy_tail_tome_6/17805441,599,23.45575959933222,459.0,449–469,6.8305556730099495,14.941569282136895,510.0,510
SensCritique,Manga,Fairy Tail,56,Fairy Tail tome 56,6.0,74,https://www.senscritique.com/bd/fairy_tail_tome_56/24947033,599,6.343906510851419,561.5,554–569,6.829477630017308,14.774624373956595,511.0,511
SensCritique,Manga,Bleach,2,"Goodbye Parakeet, Goodnite my Sista - Bleach, tome 2",6.6,269,https://www.senscritique.com/bd/goodbye_parakeet_goodnite_my_sista_bleach_tome_2/15331211,599,26.71118530884808,439.5,431–448,6.828753850696362,14.607679465776293,512.0,512
SensCritique,Manga,Fairy Tail,57,"Fairy Tail, tome 57",5.9,67,https://www.senscritique.com/bd/fairy_tail_tome_57/25314347,599,3.672787979966611,577.5,570–585,6.826274559802688,14.440734557595993,513.0,513
SensCritique,Manga,Fairy Tail,44,"Fairy Tail, tome 44",6.1,86,https://www.senscritique.com/bd/fairy_tail_tome_44/17806732,599,9.348914858096828,543.5,534–553,6.824934906660907,14.273789649415694,514.0,514
SensCritique,Manga,Fairy Tail,15,"Fairy Tail, tome 15",6.4,149,https://www.senscritique.com/bd/fairy_tail_tome_15/17805521,599,19.69949916527546,481.5,470–493,6.8222454354153745,14.106844741235392,515.0,515
SensCritique,Manga,Fairy Tail,48,"Fairy Tail, tome 48",6.1,88,https://www.senscritique.com/bd/fairy_tail_tome_48/18309374,599,9.348914858096828,543.5,534–553,6.820102007283167,13.939899833055092,516.0,516
SensCritique,Manga,Fairy Tail,59,"Fairy Tail, tome 59",5.9,69,https://www.senscritique.com/bd/fairy_tail_tome_59/27053325,599,3.672787979966611,577.5,570–585,6.819681858309432,13.77295492487479,517.0,517
SensCritique,Manga,Demon Slayer,3,"Demon Slayer, tome 3",6.6,289,https://www.senscritique.com/bd/demon_slayer_tome_3/29585660,599,26.71118530884808,439.5,431–448,6.819621960449002,13.60601001669449,518.0,518
SensCritique,Manga,Black Clover,5,"Black Clover, tome 5",6.2,103,https://www.senscritique.com/bd/black_clover_tome_5/25113916,599,12.854757929883139,522.5,512–533,6.818509848206191,13.43906510851419,519.0,519
SensCritique,Manga,Fairy Tail,51,"Fairy Tail, tome 51",6.0,78,https://www.senscritique.com/bd/fairy_tail_tome_51/20241698,599,6.343906510851419,561.5,554–569,6.818036559258449,13.27212020033389,520.0,520
SensCritique,Manga,Bleach,54,"Goodbye To Our Xcution - Bleach, tome 54",6.2,104,https://www.senscritique.com/bd/goodbye_to_our_xcution_bleach_tome_54/17525095,599,12.854757929883139,522.5,512–533,6.816552538559969,13.021702838063439,521.5,521–522
SensCritique,Manga,Fairy Tail,37,"Fairy Tail, tome 37",6.2,104,https://www.senscritique.com/bd/fairy_tail_tome_37/17806655,599,12.854757929883139,522.5,512–533,6.816552538559969,13.021702838063439,521.5,521–522
SensCritique,Manga,Fairy Tail,14,"Fairy Tail, tome 14",6.4,154,https://www.senscritique.com/bd/fairy_tail_tome_14/17805520,599,19.69949916527546,481.5,470–493,6.816477055150138,12.771285475792988,523.0,523
SensCritique,Manga,Bleach,66,"Sorry I Am Strong - Bleach, tome 66",6.1,90,https://www.senscritique.com/bd/sorry_i_am_strong_bleach_tome_66/19118741,599,9.348914858096828,543.5,534–553,6.815333119817715,12.604340567612688,524.0,524
SensCritique,Manga,Bleach,72,"My Last Words - Bleach, tome 72",6.0,79,https://www.senscritique.com/bd/my_last_words_bleach_tome_72/23348928,599,6.343906510851419,561.5,554–569,6.8152254370616845,12.437395659432386,525.0,525
SensCritique,Manga,Fairy Tail,36,"Fairy Tail, tome 36",6.2,105,https://www.senscritique.com/bd/fairy_tail_tome_36/17806642,599,12.854757929883139,522.5,512–533,6.814607577870505,12.270450751252087,526.0,526
SensCritique,Manga,My Hero Academia,19,"La Fête de Yuei - My Hero Academia, tome 19",6.5,207,https://www.senscritique.com/bd/la_fete_de_yuei_my_hero_academia_tome_19/35286457,599,23.45575959933222,459.0,449–469,6.813199527887709,12.103505843071787,527.0,527
SensCritique,Manga,Black Clover,2,"Black Clover, tome 2",6.4,162,https://www.senscritique.com/bd/black_clover_tome_2/22563596,599,19.69949916527546,481.5,470–493,6.8075684550399735,11.936560934891485,528.0,528
SensCritique,Manga,Fairy Tail,11,"Fairy Tail, tome 11",6.4,163,https://www.senscritique.com/bd/fairy_tail_tome_11/17805505,599,19.69949916527546,481.5,470–493,6.806481605826534,11.769616026711185,529.0,529
SensCritique,Manga,Fairy Tail,10,"Fairy Tail, tome 10",6.4,170,https://www.senscritique.com/bd/fairy_tail_tome_10/17805504,599,19.69949916527546,481.5,470–493,6.799032990012958,11.602671118530886,530.0,530
SensCritique,Manga,Fairy Tail,26,"Fairy Tail, tome 26",6.2,114,https://www.senscritique.com/bd/fairy_tail_tome_26/17806488,599,12.854757929883139,522.5,512–533,6.797639884002915,11.435726210350584,531.0,531
SensCritique,Manga,Naruto,51,"Sasuke vs Danzô… !! - Naruto, tome 51",6.6,345,https://www.senscritique.com/bd/sasuke_vs_danzo_naruto_tome_51/16625346,599,26.71118530884808,439.5,431–448,6.797541476095063,11.268781302170284,532.0,532
SensCritique,Manga,Bleach,74,"The Death And The Strawberry - Bleach, tome 74",5.9,76,https://www.senscritique.com/bd/the_death_and_the_strawberry_bleach_tome_74/27157125,599,3.672787979966611,577.5,570–585,6.797328479808855,11.101836393989982,533.0,533
SensCritique,Manga,Naruto,49,"Le Conseil des cinq Kage… !! - Naruto, tome 49",6.6,355,https://www.senscritique.com/bd/le_conseil_des_cinq_kage_naruto_tome_49/16066601,599,26.71118530884808,439.5,431–448,6.7940574994443566,10.934891485809683,534.0,534
SensCritique,Manga,Fairy Tail,29,"Fairy Tail, tome 29",6.2,116,https://www.senscritique.com/bd/fairy_tail_tome_29/17806521,599,12.854757929883139,522.5,512–533,6.793995738368751,10.767946577629383,535.0,535
SensCritique,Manga,Naruto,34,"Les Retrouvailles…!! - Naruto, tome 34",6.6,379,https://www.senscritique.com/bd/les_retrouvailles_naruto_tome_34/15317731,599,26.71118530884808,439.5,431–448,6.786176991852708,10.601001669449081,536.0,536
SensCritique,Manga,Naruto,35,"Un nouveau duo !! - Naruto, tome 35",6.6,380,https://www.senscritique.com/bd/un_nouveau_duo_naruto_tome_35/15428725,599,26.71118530884808,439.5,431–448,6.785862503690794,10.434056761268781,537.0,537
SensCritique,Manga,Fairy Tail,38,"Fairy Tail, tome 38",6.1,104,https://www.senscritique.com/bd/fairy_tail_tome_38/17806659,599,9.348914858096828,543.5,534–553,6.783641146154905,10.267111853088482,538.0,538
SensCritique,Manga,Fairy Tail,50,"Fairy Tail, tome 50",6.0,91,https://www.senscritique.com/bd/fairy_tail_tome_50/19441662,599,6.343906510851419,561.5,554–569,6.782939281138448,10.10016694490818,539.0,539
SensCritique,Manga,Fairy Tail,43,"Fairy Tail, tome 43",6.0,93,https://www.senscritique.com/bd/fairy_tail_tome_43/17806731,599,6.343906510851419,561.5,554–569,6.777805253065409,9.93322203672788,540.0,540
SensCritique,Manga,Fairy Tail,13,"Fairy Tail, tome 13",6.3,155,https://www.senscritique.com/bd/fairy_tail_tome_13/17805519,599,16.19365609348915,502.5,494–511,6.773107907860899,9.766277128547578,541.0,541
SensCritique,Manga,Fairy Tail,33,"Fairy Tail, tome 33",6.1,109,https://www.senscritique.com/bd/fairy_tail_tome_33/17806627,599,9.348914858096828,543.5,534–553,6.772992530171184,9.599332220367279,542.0,542
SensCritique,Manga,Bleach,63,"Hear, Fear, Here - Bleach, tome 63",6.0,97,https://www.senscritique.com/bd/hear_fear_here_bleach_tome_63/19117931,599,6.343906510851419,561.5,554–569,6.767736576650323,9.432387312186979,543.0,543
SensCritique,Manga,Bleach,52,"End Of Bond - Bleach, tome 52",6.0,99,https://www.senscritique.com/bd/end_of_bond_bleach_tome_52/19601429,599,6.343906510851419,561.5,554–569,6.762799363938746,9.265442404006677,544.0,544
SensCritique,Manga,Fairy Tail,34,"Fairy Tail, tome 34",6.1,114,https://www.senscritique.com/bd/fairy_tail_tome_34/17806634,599,9.348914858096828,543.5,534–553,6.76267055884954,9.098497495826377,545.0,545
SensCritique,Manga,Bleach,65,"Marching Out The Zombies - Bleach, tome 65",5.9,88,https://www.senscritique.com/bd/marching_out_the_zombies_bleach_tome_65/19118740,599,3.672787979966611,577.5,570–585,6.761435340616501,8.931552587646078,546.0,546
SensCritique,Manga,Fairy Tail,27,"Fairy Tail, tome 27",6.1,115,https://www.senscritique.com/bd/fairy_tail_tome_27/17806491,599,9.348914858096828,543.5,534–553,6.760644043379052,8.764607679465776,547.0,547
SensCritique,Manga,Naruto,72,"Naruto Uzumaki !! - Naruto, tome 72",6.5,300,https://www.senscritique.com/bd/naruto_uzumaki_naruto_tome_72/18158800,599,23.45575959933222,459.0,449–469,6.75630976989248,8.597662771285476,548.0,548
SensCritique,Manga,Bleach,4,"Quincy Archer Hates You - Bleach, tome 4",6.4,216,https://www.senscritique.com/bd/quincy_archer_hates_you_bleach_tome_4/17690242,599,19.69949916527546,481.5,470–493,6.756146266787267,8.430717863105174,549.0,549
SensCritique,Manga,Fairy Tail,25,"Fairy Tail, tome 25",6.1,118,https://www.senscritique.com/bd/fairy_tail_tome_25/17806482,599,9.348914858096828,543.5,534–553,6.754638188439243,8.263772954924875,550.0,550
SensCritique,Manga,Fairy Tail,19,"Fairy Tail, tome 19",6.2,140,https://www.senscritique.com/bd/fairy_tail_tome_19/17805587,599,12.854757929883139,522.5,512–533,6.753496028934517,8.096828046744575,551.0,551
SensCritique,Manga,Fairy Tail,9,"Fairy Tail, tome 9",6.3,177,https://www.senscritique.com/bd/fairy_tail_tome_9/17805503,599,16.19365609348915,502.5,494–511,6.746351162429178,7.929883138564274,552.0,552
SensCritique,Manga,Fairy Tail,35,"Fairy Tail, tome 35",6.0,107,https://www.senscritique.com/bd/fairy_tail_tome_35/17806644,599,6.343906510851419,561.5,554–569,6.7436695993258615,7.762938230383973,553.0,553
SensCritique,Manga,Fairy Tail,24,"Fairy Tail, tome 24",6.1,124,https://www.senscritique.com/bd/fairy_tail_tome_24/17806474,599,9.348914858096828,543.5,534–553,6.742948220788541,7.595993322203673,554.0,554
SensCritique,Manga,Fairy Tail,32,"Fairy Tail, tome 32",6.0,109,https://www.senscritique.com/bd/fairy_tail_tome_32/17806618,599,6.343906510851419,561.5,554–569,6.739036143878349,7.429048414023372,555.0,555
SensCritique,Manga,Fairy Tail,42,"Fairy Tail, tome 42",5.9,98,https://www.senscritique.com/bd/fairy_tail_tome_42/17806704,599,3.672787979966611,577.5,570–585,6.73364710382242,7.262103505843072,556.0,556
SensCritique,Manga,Naruto,39,"Ceux qui font bouger les choses - Naruto, tome 39",6.5,372,https://www.senscritique.com/bd/ceux_qui_font_bouger_les_choses_naruto_tome_39/15428729,599,23.45575959933222,459.0,449–469,6.724709935248202,7.095158597662771,557.0,557
SensCritique,Manga,Naruto,32,"Sur les traces de Sasuke !! - Naruto, tome 32",6.5,392,https://www.senscritique.com/bd/sur_les_traces_de_sasuke_naruto_tome_32/15316653,599,23.45575959933222,459.0,449–469,6.71726920891548,6.928213689482471,558.0,558
SensCritique,Manga,Fairy Tail,18,"Fairy Tail, tome 18",6.1,138,https://www.senscritique.com/bd/fairy_tail_tome_18/17805586,599,9.348914858096828,543.5,534–553,6.717230291957001,6.76126878130217,559.0,559
SensCritique,Manga,Fairy Tail,5,"Fairy Tail, tome 5",6.3,205,https://www.senscritique.com/bd/fairy_tail_tome_5/17805440,599,16.19365609348915,502.5,494–511,6.716380340971103,6.59432387312187,560.0,560
SensCritique,Manga,Fairy Tail,31,"Fairy Tail, tome 31",5.9,106,https://www.senscritique.com/bd/fairy_tail_tome_31/17806609,599,3.672787979966611,577.5,570–585,6.712674849638209,6.427378964941569,561.0,561
SensCritique,Manga,Fairy Tail,40,"Fairy Tail, tome 40",5.8,98,https://www.senscritique.com/bd/fairy_tail_tome_40/17806671,599,1.5859766277128549,590.0,586–594,6.702034200596613,6.260434056761269,562.0,562
SensCritique,Manga,Fairy Tail,1,"Fairy Tail, tome 1",6.4,296,https://www.senscritique.com/bd/fairy_tail_tome_1/17805436,599,19.69949916527546,481.5,470–493,6.700060240521556,6.093489148580968,563.0,563
SensCritique,Manga,Naruto,65,"Hashirama et Madara - Naruto, tome 65",6.4,309,https://www.senscritique.com/bd/hashirama_et_madara_naruto_tome_65/13019806,599,19.69949916527546,481.5,470–493,6.692573132792611,5.926544240400668,564.0,564
SensCritique,Manga,Bleach,49,"The Lost Agent - Bleach, tome 49",5.8,105,https://www.senscritique.com/bd/the_lost_agent_bleach_tome_49/19601424,599,1.5859766277128549,590.0,586–594,6.682115464305836,5.759599332220367,565.0,565
SensCritique,Manga,Fairy Tail,41,"Fairy Tail, tome 41",5.7,95,https://www.senscritique.com/bd/fairy_tail_tome_41/17806676,599,0.5008347245409015,596.5,595–598,6.679904241644788,5.592654424040067,566.0,566
SensCritique,Manga,Bleach,50,"The Six Fullbringers - Bleach, tome 50",5.8,106,https://www.senscritique.com/bd/the_six_fullbringers_bleach_tome_50/19601426,599,1.5859766277128549,590.0,586–594,6.679341516304874,5.425709515859766,567.0,567
SensCritique,Manga,Naruto,50,"Duel à mort dans la prison aqueuse !! - Naruto, tome 50",6.4,337,https://www.senscritique.com/bd/duel_a_mort_dans_la_prison_aqueuse_naruto_tome_50/16066602,599,19.69949916527546,481.5,470–493,6.677651370100091,5.258764607679466,568.0,568
SensCritique,Manga,Bleach,51,"Love Me Bitterly Loth Me Sweetly - Bleach, tome 51",5.7,97,https://www.senscritique.com/bd/love_me_bitterly_loth_me_sweetly_bleach_tome_51/19601427,599,0.5008347245409015,596.5,595–598,6.6735618193687705,5.091819699499165,569.0,569
SensCritique,Manga,Bleach,53,"The Deathberry Returns 2 - Bleach, tome 53",5.7,99,https://www.senscritique.com/bd/the_deathberry_returns_2_bleach_tome_53/19601431,599,0.5008347245409015,596.5,595–598,6.667300971655788,4.924874791318865,570.0,570
SensCritique,Manga,Fairy Tail,4,"Fairy Tail, tome 4",6.2,205,https://www.senscritique.com/bd/fairy_tail_tome_4/17805439,599,12.854757929883139,522.5,512–533,6.667219669508273,4.757929883138564,571.0,571
SensCritique,Manga,Fairy Tail,17,"Fairy Tail, tome 17",6.0,145,https://www.senscritique.com/bd/fairy_tail_tome_17/17805523,599,6.343906510851419,561.5,554–569,6.664511490714146,4.590984974958264,572.0,572
SensCritique,Manga,Fairy Tail,21,"Fairy Tail, tome 21",5.9,129,https://www.senscritique.com/bd/fairy_tail_tome_21/17805589,599,3.672787979966611,577.5,570–585,6.6578610034749275,4.424040066777963,573.0,573
SensCritique,Manga,Fairy Tail,23,"Fairy Tail, tome 23",5.8,120,https://www.senscritique.com/bd/fairy_tail_tome_23/17805889,599,1.5859766277128549,590.0,586–594,6.642260849954669,4.257095158597663,574.0,574
SensCritique,Manga,Fairy Tail,16,"Fairy Tail, tome 16",5.9,144,https://www.senscritique.com/bd/fairy_tail_tome_16/17805522,599,3.672787979966611,577.5,570–585,6.625928657822894,4.090150250417362,575.0,575
SensCritique,Manga,Naruto,52,"Réalités multiples - Naruto, tome 52",6.3,333,https://www.senscritique.com/bd/realites_multiples_naruto_tome_52/15796395,599,16.19365609348915,502.5,494–511,6.618588260889817,3.9232053422370616,576.0,576
SensCritique,Manga,Fairy Tail,2,"Fairy Tail, tome 2",6.2,259,https://www.senscritique.com/bd/fairy_tail_tome_2/17805437,599,12.854757929883139,522.5,512–533,6.613653083195223,3.7562604340567614,577.0,577
SensCritique,Manga,Fairy Tail,20,"Fairy Tail, tome 20",5.8,135,https://www.senscritique.com/bd/fairy_tail_tome_20/17805834,599,1.5859766277128549,590.0,586–594,6.605851879495533,3.5893155258764606,578.0,578
SensCritique,Manga,Black Clover,1,"Le Serment - Black Clover, tome 1",6.2,285,https://www.senscritique.com/bd/black_clover_tome_1/21325917,599,12.854757929883139,522.5,512–533,6.592013284074346,3.4223706176961604,579.0,579
SensCritique,Manga,Naruto,66,"Protection mutuelle - Naruto, tome 66",6.2,289,https://www.senscritique.com/bd/protection_mutuelle_naruto_tome_66/16626845,599,12.854757929883139,522.5,512–533,6.588883437494911,3.2554257095158596,580.0,580
SensCritique,Manga,Naruto,63,"Monde onirique - Naruto, tome 63",6.2,293,https://www.senscritique.com/bd/monde_onirique_naruto_tome_63/16626840,599,12.854757929883139,522.5,512–533,6.585803172643466,3.0884808013355594,581.0,581
SensCritique,Manga,Fairy Tail,3,"Fairy Tail, tome 3",6.1,234,https://www.senscritique.com/bd/fairy_tail_tome_3/17805438,599,9.348914858096828,543.5,534–553,6.584373547499888,2.9215358931552586,582.0,582
SensCritique,Manga,Fairy Tail,22,"Fairy Tail, tome 22",5.7,129,https://www.senscritique.com/bd/fairy_tail_tome_22/17805888,599,0.5008347245409015,596.5,595–598,6.582201179428006,2.7545909849749584,583.0,583
SensCritique,Manga,Naruto,58,"Naruto vs Itachi !! - Naruto, tome 58",6.2,304,https://www.senscritique.com/bd/naruto_vs_itachi_naruto_tome_58/16625349,599,12.854757929883139,522.5,512–533,6.577578686404942,2.5876460767946576,584.0,584
SensCritique,Manga,Naruto,61,"Frères unis dans le combat !! - Naruto, tome 61",6.2,310,https://www.senscritique.com/bd/freres_unis_dans_le_combat_naruto_tome_61/16626837,599,12.854757929883139,522.5,512–533,6.573238701503736,2.4207011686143574,585.0,585
SensCritique,Manga,Naruto,69,"Un printemps écarlate - Naruto, tome 69",6.2,314,https://www.senscritique.com/bd/un_printemps_ecarlate_naruto_tome_69/17255096,599,12.854757929883139,522.5,512–533,6.570400384382034,2.2537562604340566,586.0,586
SensCritique,Manga,Naruto,54,"Un pont pour la paix - Naruto, tome 54",6.2,322,https://www.senscritique.com/bd/un_pont_pour_la_paix_naruto_tome_54/15799732,599,12.854757929883139,522.5,512–533,6.564851314953091,2.0868113522537564,587.0,587
SensCritique,Manga,Demon Slayer,23,"Demon Slayer, tome 23",5.9,186,https://www.senscritique.com/bd/demon_slayer_tome_23/43427239,599,3.672787979966611,577.5,570–585,6.549323121067715,1.9198664440734559,588.0,588
SensCritique,Manga,Naruto,64,"Jûbi - Naruto, tome 64",6.1,288,https://www.senscritique.com/bd/jubi_naruto_tome_64/16626842,599,9.348914858096828,543.5,534–553,6.5320612043699,1.7529215358931554,589.0,589
SensCritique,Manga,Naruto,59,"Côte à côte… !! - Naruto, tome 59",6.1,308,https://www.senscritique.com/bd/cote_a_cote_naruto_tome_59/16625350,599,9.348914858096828,543.5,534–553,6.515443465740288,1.5859766277128549,590.0,590
SensCritique,Manga,Naruto,60,"Kurama - Naruto, tome 60",6.1,312,https://www.senscritique.com/bd/kurama_naruto_tome_60/16625351,599,9.348914858096828,543.5,534–553,6.512272141574331,1.4190317195325544,591.0,591
SensCritique,Manga,Naruto,62,"Fissure - Naruto, tome 62",6.0,293,https://www.senscritique.com/bd/fissure_naruto_tome_62/16626838,599,6.343906510851419,561.5,554–569,6.469763568683069,1.1686143572621035,592.5,592–593
SensCritique,Manga,Naruto,67,"La Brèche - Naruto, tome 67",6.0,293,https://www.senscritique.com/bd/la_breche_naruto_tome_67/16626847,599,6.343906510851419,561.5,554–569,6.469763568683069,1.1686143572621035,592.5,592–593
SensCritique,Manga,Naruto,68,"Sillon - Naruto, tome 68",6.0,318,https://www.senscritique.com/bd/sillon_naruto_tome_68/16748378,599,6.343906510851419,561.5,554–569,6.447604909782925,0.9181969949916527,594.0,594
SensCritique,Manga,Naruto,55,"Le Début de la Grande Guerre ! - Naruto, tome 55",6.0,324,https://www.senscritique.com/bd/le_debut_de_la_grande_guerre_naruto_tome_55/15799777,599,6.343906510851419,561.5,554–569,6.442594407061474,0.7512520868113522,595.0,595
SensCritique,Manga,Naruto,57,"Naruto part en guerre… !! - Naruto, tome 57",5.9,306,https://www.senscritique.com/bd/naruto_part_en_guerre_naruto_tome_57/16625348,599,3.672787979966611,577.5,570–585,6.398900776418824,0.5843071786310517,596.0,596
SensCritique,Manga,Naruto,56,"L’Équipe Asuma de nouveau réunie ! - Naruto, tome 56",5.9,311,https://www.senscritique.com/bd/lequipe_asuma_de_nouveau_reunie_naruto_tome_56/16625347,599,3.672787979966611,577.5,570–585,6.394131170525718,0.41736227045075125,597.0,597
SensCritique,Manga,Naruto,71,"Je vous adore - Naruto, tome 71",5.8,304,https://www.senscritique.com/bd/je_vous_adore_naruto_tome_71/18158799,599,1.5859766277128549,590.0,586–594,6.34191977167626,0.25041736227045075,598.0,598
SensCritique,Manga,Naruto,70,"Naruto et l’Ermite Rikudô… ! - Naruto, tome 70",5.8,308,https://www.senscritique.com/bd/naruto_et_lermite_rikudo_naruto_tome_70/18158798,599,1.5859766277128549,590.0,586–594,6.337751158047981,0.08347245409015025,599.0,599
